Origin Node,Origin Name,Destination Node,Destination Name,Critical Volume,Max PoA,Road Name,Closed Edge From,Closed Edge To,Baseline TSTT (hrs),New TSTT (hrs),Time Saved (mins)
villa - 1,Osmena St - Jocson St,jaro - 9,Iloilo-Capiz Rd - Balabago Rd,4500.0,1.1049,Old Iloilo - Capiz Rd (Rev),Proper - 1,mandurriao - 1,2292.48,2277.45,901.68
villa - 1,Osmena St - Jocson St,jaro - 12,Buhang Flyover,2500.0,1.0511,Old Iloilo - Capiz Rd (Rev),Proper - 1,mandurriao - 1,769.98,769.82,9.39
villa - 1,Osmena St - Jocson St,jaro - 13,Buhang Flyover,3000.0,1.0579,Old Iloilo - Capiz Rd (Rev),Proper - 1,mandurriao - 1,1022.18,1014.17,480.55
villa - 1,Osmena St - Jocson St,jaro - 14,Iloilo-Capiz Rd - Iloilo Circumferential Rd 1,3000.0,1.0624,Old Iloilo - Capiz Rd (Rev),Proper - 1,mandurriao - 1,1000.7,994.7,360.11
villa - 1,Osmena St - Jocson St,jaro - 15,Iloilo Circumferential Rd 1 - Iloilo Radial By-Pass Rd 4,3000.0,1.0539,Old Iloilo - Capiz Rd (Rev),Proper - 1,mandurriao - 1,1093.77,1085.23,512.56
villa - 3,Jocson St - Quezon St,jaro - 12,Buhang Flyover,2500.0,1.055,Old Iloilo - Capiz Rd (Rev),Proper - 1,mandurriao - 1,691.35,690.41,56.86
villa - 3,Jocson St - Quezon St,jaro - 13,Buhang Flyover,3000.0,1.0607,Old Iloilo - Capiz Rd (Rev),Proper - 1,mandurriao - 1,924.63,917.22,444.57
villa - 3,Jocson St - Quezon St,jaro - 14,Iloilo-Capiz Rd - Iloilo Circumferential Rd 1,3000.0,1.0655,Old Iloilo - Capiz Rd (Rev),Proper - 1,mandurriao - 1,903.01,897.72,317.08
villa - 3,Jocson St - Quezon St,jaro - 15,Iloilo Circumferential Rd 1 - Iloilo Radial By-Pass Rd 4,3000.0,1.0539,Old Iloilo - Capiz Rd (Rev),Proper - 1,mandurriao - 1,994.17,988.82,321.16
villa - 4,Quezon St - Yulo Dr,Proper - 19,Muelle Loney St - Blumentritt Right,2500.0,1.0165,Blumentritt 1 (Rev),Proper - 18,Proper - 17,576.6,573.18,205.28
villa - 4,Quezon St - Yulo Dr,jaro - 9,Iloilo-Capiz Rd - Balabago Rd,4500.0,1.1062,Old Iloilo - Capiz Rd (Rev),Proper - 1,mandurriao - 1,2294.32,2279.15,910.06
villa - 4,Quezon St - Yulo Dr,jaro - 12,Buhang Flyover,2500.0,1.0527,Old Iloilo - Capiz Rd (Rev),Proper - 1,mandurriao - 1,770.68,770.61,4.02
villa - 4,Quezon St - Yulo Dr,jaro - 13,Buhang Flyover,3000.0,1.062,Old Iloilo - Capiz Rd (Rev),Proper - 1,mandurriao - 1,1025.7,1016.29,564.45
villa - 4,Quezon St - Yulo Dr,jaro - 14,Iloilo-Capiz Rd - Iloilo Circumferential Rd 1,3000.0,1.0663,Old Iloilo - Capiz Rd (Rev),Proper - 1,mandurriao - 1,1003.85,997.38,388.14
villa - 4,Quezon St - Yulo Dr,jaro - 15,Iloilo Circumferential Rd 1 - Iloilo Radial By-Pass Rd 4,3000.0,1.0554,Old Iloilo - Capiz Rd (Rev),Proper - 1,mandurriao - 1,1094.81,1087.88,415.91
villa - 6,Osmena St - Pakiad St,jaro - 12,Buhang Flyover,4000.0,1.0109,Buhang Flyover (Rev),jaro - 13,jaro - 12,2166.61,2166.35,15.94
villa - 6,Osmena St - Pakiad St,jaro - 12,Buhang Flyover,4000.0,1.0109,Buhang Flyover - Iloilo-Capiz Rd (Rev),jaro - 14,jaro - 13,2166.61,2166.35,15.94
Molo - 3,Locsin St - San Marcos St.,Molo - 6,Locsin St. - Baluarte - Calumpag - Villa - Oton Blvd,7000.0,1.1238,M.H Del Pilar,Molo - 4,Molo - 9,1062.0,1060.33,100.29
Molo - 3,Locsin St - San Marcos St.,Molo - 6,Locsin St. - Baluarte - Calumpag - Villa - Oton Blvd,7000.0,1.1238,M.H Del Pilar,Molo - 9,Molo - 10,1062.0,1060.33,100.29
Molo - 3,Locsin St - San Marcos St.,Molo - 6,Locsin St. - Baluarte - Calumpag - Villa - Oton Blvd,7000.0,1.1238,Molo - Proper Connect,Molo - 10,Proper - 1,1062.0,1060.33,100.29
Molo - 3,Locsin St - San Marcos St.,Molo - 7,San Marcos St. - MH del Pilar St. 1 (Rotunda),6500.0,1.4721,Timawa St,Molo - 5,Proper - 2,806.45,791.33,907.03
Molo - 3,Locsin St - San Marcos St.,Proper - 1,Gen Luna St - Infante St,6500.0,1.3659,Timawa St,Molo - 5,Proper - 2,715.57,711.41,249.44
Molo - 3,Locsin St - San Marcos St.,Proper - 4,Baluarte - Calumpang - Villa - Oton Blvd - Infante St,7000.0,1.2656,M.H Del Pilar,Molo - 4,Molo - 9,1010.16,1006.93,193.72
Molo - 3,Locsin St - San Marcos St.,Proper - 4,Baluarte - Calumpang - Villa - Oton Blvd - Infante St,7000.0,1.2656,Timawa St,Molo - 5,Proper - 2,1010.16,1003.74,385.24
Molo - 3,Locsin St - San Marcos St.,Proper - 4,Baluarte - Calumpang - Villa - Oton Blvd - Infante St,7000.0,1.2656,M.H Del Pilar,Molo - 9,Molo - 10,1010.16,1006.93,193.72
Molo - 3,Locsin St - San Marcos St.,Proper - 4,Baluarte - Calumpang - Villa - Oton Blvd - Infante St,7000.0,1.2656,Molo - Proper Connect,Molo - 10,Proper - 1,1010.16,1006.93,193.72
Molo - 3,Locsin St - San Marcos St.,Proper - 5,Baluarte - Calumpang - Villa - Oton Blvd - Rizal St,6500.0,1.3811,Infante St 1,Proper - 1,Proper - 2,1159.56,1158.04,91.04
Molo - 3,Locsin St - San Marcos St.,Proper - 9,Gen Luna St - Muelle Loney St,7000.0,1.1314,Ruperto Montinola St 2 (Rev),Proper - 11,Proper - 10,1228.94,1224.62,259.18
Molo - 3,Locsin St - San Marcos St.,Proper - 10,Delgado St - Ruperto Montinola St,7000.0,1.1453,Timawa St,Molo - 5,Proper - 2,1183.56,1154.96,1716.33
Molo - 3,Locsin St - San Marcos St.,Proper - 11,Ledesma St - Ruperto Montinola St,6500.0,1.1575,Infante St 1 (Rev),Proper - 2,Proper - 1,1031.16,1029.58,94.46
Molo - 3,Locsin St - San Marcos St.,Proper - 15,General Hughes St - Duran St,5500.0,1.0829,Infante St 1,Proper - 1,Proper - 2,1062.97,1052.46,630.48
Molo - 3,Locsin St - San Marcos St.,Proper - 15,General Hughes St - Duran St,5500.0,1.0829,Ruperto Montinola St 1,Proper - 8,Proper - 10,1062.97,1062.07,54.12
Molo - 3,Locsin St - San Marcos St.,Proper - 15,General Hughes St - Duran St,5500.0,1.0829,Dela Rama St 1,Proper - 13,Proper - 17,1062.97,1061.63,80.15
Molo - 3,Locsin St - San Marcos St.,Proper - 18,Muelle Loney St - Blumentritt Left,6500.0,1.0433,Infante St 1 (Rev),Proper - 2,Proper - 1,1501.94,1485.39,993.07
Molo - 3,Locsin St - San Marcos St.,Proper - 18,Muelle Loney St - Blumentritt Left,6500.0,1.0433,Ledesma St,Proper - 6,Proper - 11,1501.94,1499.15,167.3
Molo - 3,Locsin St - San Marcos St.,Proper - 18,Muelle Loney St - Blumentritt Left,6500.0,1.0433,Arroyo St (Rev),Proper - 11,Proper - 12,1501.94,1484.15,1067.65
Molo - 3,Locsin St - San Marcos St.,Proper - 18,Muelle Loney St - Blumentritt Left,6500.0,1.0433,JM Basa St 2 (Rev),Proper - 14,Proper - 13,1501.94,1493.16,527.07
Molo - 3,Locsin St - San Marcos St.,Proper - 18,Muelle Loney St - Blumentritt Left,6500.0,1.0433,Blumentritt 2 (Rev),Proper - 19,Proper - 17,1501.94,1493.36,514.65
Molo - 3,Locsin St - San Marcos St.,Proper - 19,Muelle Loney St - Blumentritt Right,6000.0,1.066,Ledesma St,Proper - 6,Proper - 11,1175.62,1175.37,14.78
Molo - 3,Locsin St - San Marcos St.,Proper - 22,Fort San Pedro Dr - General Hughes St,5000.0,1.0554,Infante St 1,Proper - 1,Proper - 2,879.78,876.29,209.66
Molo - 3,Locsin St - San Marcos St.,Proper - 22,Fort San Pedro Dr - General Hughes St,5000.0,1.0554,Dela Rama St 1,Proper - 13,Proper - 17,879.78,877.04,164.54
Molo - 3,Locsin St - San Marcos St.,jaro - 9,Iloilo-Capiz Rd - Balabago Rd,3500.0,1.3993,Old Iloilo - Capiz Rd (Rev),Proper - 1,mandurriao - 1,942.1,896.3,2748.11
Molo - 3,Locsin St - San Marcos St.,jaro - 12,Buhang Flyover,2500.0,1.0734,Old Iloilo - Capiz Rd (Rev),Proper - 1,mandurriao - 1,527.28,526.33,56.86
Molo - 3,Locsin St - San Marcos St.,jaro - 13,Buhang Flyover,2500.0,1.1048,Old Iloilo - Capiz Rd (Rev),Proper - 1,mandurriao - 1,555.26,546.03,553.97
Molo - 3,Locsin St - San Marcos St.,jaro - 14,Iloilo-Capiz Rd - Iloilo Circumferential Rd 1,2500.0,1.1147,Old Iloilo - Capiz Rd (Rev),Proper - 1,mandurriao - 1,540.75,531.02,583.66
Molo - 3,Locsin St - San Marcos St.,jaro - 15,Iloilo Circumferential Rd 1 - Iloilo Radial By-Pass Rd 4,2500.0,1.0955,Old Iloilo - Capiz Rd (Rev),Proper - 1,mandurriao - 1,604.38,594.9,568.49
Molo - 3,Locsin St - San Marcos St.,jaro - 19,Monfort Blvd,3000.0,1.0706,Gen Luna St 1,Proper - 1,Proper - 7,600.66,582.2,1107.4
Molo - 3,Locsin St - San Marcos St.,jaro - 19,Monfort Blvd,3000.0,1.0706,Bonifacio Drive,Proper - 7,lapaz - 10,600.66,599.68,58.29
Molo - 3,Locsin St - San Marcos St.,jaro - 19,Monfort Blvd,3000.0,1.0706,Huervana St - Rizal St,lapaz - 1,lapaz - 2,600.66,599.68,58.29
Molo - 3,Locsin St - San Marcos St.,jaro - 19,Monfort Blvd,3000.0,1.0706,Luna St - Esplanade 5 (Rev),lapaz - 10,lapaz - 1,600.66,599.68,58.29
Molo - 3,Locsin St - San Marcos St.,jaro - 22,Iloilo Radial By-Pass Rd 4 - Leganes,3000.0,1.0545,Old Iloilo - Capiz Rd (Rev),Proper - 1,mandurriao - 1,982.78,977.43,321.16
Molo - 3,Locsin St - San Marcos St.,jaro - 23,Iloilo Circumferential Rd 1 - Pavia,3000.0,1.0545,Old Iloilo - Capiz Rd (Rev),Proper - 1,mandurriao - 1,982.78,977.43,321.16
Molo - 3,Locsin St - San Marcos St.,lapaz - 1,Luna St - Huervana St,5500.0,1.1781,Delgado St,Proper - 2,Proper - 10,899.52,896.42,185.76
Molo - 3,Locsin St - San Marcos St.,lapaz - 1,Luna St - Huervana St,5500.0,1.1781,Gen Luna St 2 (Rev),Proper - 8,Proper - 7,899.52,891.79,463.93
Molo - 3,Locsin St - San Marcos St.,lapaz - 1,Luna St - Huervana St,5500.0,1.1781,Gen Luna St 3,Proper - 8,Proper - 9,899.52,898.99,31.75
Molo - 3,Locsin St - San Marcos St.,lapaz - 1,Luna St - Huervana St,5500.0,1.1781,Quirino - Lopez Bridge,Proper - 9,lapuz - 2,899.52,889.65,592.32
Molo - 3,Locsin St - San Marcos St.,lapaz - 1,Luna St - Huervana St,5500.0,1.1781,Ruperto Montinola St 1 (Rev),Proper - 10,Proper - 8,899.52,889.37,608.74
Molo - 3,Locsin St - San Marcos St.,lapaz - 1,Luna St - Huervana St,5500.0,1.1781,Rizal St - Luna St,lapaz - 2,lapaz - 3,899.52,889.65,592.32
Molo - 3,Locsin St - San Marcos St.,lapaz - 1,Luna St - Huervana St,5500.0,1.1781,Rizal St - Huervana St (Rev),lapuz - 2,lapaz - 2,899.52,889.65,592.32
Molo - 3,Locsin St - San Marcos St.,lapaz - 3,Luna St - Luna St,5500.0,1.1639,Locsin St,Molo - 5,Molo - 6,874.05,870.52,211.57
Molo - 3,Locsin St - San Marcos St.,lapaz - 3,Luna St - Luna St,5500.0,1.1639,Molo Blvd 2,Molo - 6,Proper - 4,874.05,870.52,211.57
Molo - 3,Locsin St - San Marcos St.,lapaz - 3,Luna St - Luna St,5500.0,1.1639,Old Iloilo - Capiz Rd (Rev),Proper - 1,mandurriao - 1,874.05,872.29,105.69
Molo - 3,Locsin St - San Marcos St.,lapaz - 3,Luna St - Luna St,5500.0,1.1639,Delgado St,Proper - 2,Proper - 10,874.05,860.13,835.06
Molo - 3,Locsin St - San Marcos St.,lapaz - 3,Luna St - Luna St,5500.0,1.1639,Baluarte - Oton Blvd,Proper - 4,Proper - 5,874.05,870.52,211.57
Molo - 3,Locsin St - San Marcos St.,lapaz - 3,Luna St - Luna St,5500.0,1.1639,Rizal St 2,Proper - 5,Proper - 6,874.05,870.52,211.57
Molo - 3,Locsin St - San Marcos St.,lapaz - 3,Luna St - Luna St,5500.0,1.1639,Ledesma St,Proper - 6,Proper - 11,874.05,870.52,211.57
Molo - 3,Locsin St - San Marcos St.,lapaz - 3,Luna St - Luna St,5500.0,1.1639,Gen Luna St 2 (Rev),Proper - 8,Proper - 7,874.05,861.71,740.24
Molo - 3,Locsin St - San Marcos St.,lapaz - 3,Luna St - Luna St,5500.0,1.1639,Ruperto Montinola St 1 (Rev),Proper - 10,Proper - 8,874.05,860.41,818.16
Molo - 3,Locsin St - San Marcos St.,lapaz - 3,Luna St - Luna St,5500.0,1.1639,Ruperto Montinola St 2 (Rev),Proper - 11,Proper - 10,874.05,859.78,856.28
Molo - 3,Locsin St - San Marcos St.,lapaz - 3,Luna St - Luna St,5500.0,1.1639,Luna St - Huervana St (Rev),lapaz - 1,lapaz - 3,874.05,856.41,1058.45
Molo - 3,Locsin St - San Marcos St.,lapaz - 4,Huervana St - Burgos St,5000.0,1.1063,Timawa St,Molo - 5,Proper - 2,821.52,820.45,64.01
Molo - 3,Locsin St - San Marcos St.,lapaz - 4,Huervana St - Burgos St,5000.0,1.1063,Infante St 1 (Rev),Proper - 2,Proper - 1,821.52,807.92,815.75
Molo - 3,Locsin St - San Marcos St.,lapaz - 5,Huervana St - Jereos St,5000.0,1.1018,Timawa St,Molo - 5,Proper - 2,854.33,853.27,64.01
Molo - 3,Locsin St - San Marcos St.,lapaz - 5,Huervana St - Jereos St,5000.0,1.1018,Infante St 1 (Rev),Proper - 2,Proper - 1,854.33,840.74,815.75
Molo - 3,Locsin St - San Marcos St.,lapaz - 6,Jereos St - Huervana Ext,5000.0,1.0978,Timawa St,Molo - 5,Proper - 2,885.59,884.52,64.01
Molo - 3,Locsin St - San Marcos St.,lapaz - 6,Jereos St - Huervana Ext,5000.0,1.0978,Infante St 1 (Rev),Proper - 2,Proper - 1,885.59,871.99,815.75
Molo - 3,Locsin St - San Marcos St.,lapaz - 7,Huervana Ext - Burgos St,5000.0,1.085,Timawa St,Molo - 5,Proper - 2,874.15,869.01,308.19
Molo - 3,Locsin St - San Marcos St.,lapaz - 7,Huervana Ext - Burgos St,5000.0,1.085,Old Iloilo - Capiz Rd (Rev),Proper - 1,mandurriao - 1,874.15,843.02,1867.6
Molo - 3,Locsin St - San Marcos St.,lapaz - 7,Huervana Ext - Burgos St,5000.0,1.085,Infante St 1 (Rev),Proper - 2,Proper - 1,874.15,851.31,1370.26
Molo - 3,Locsin St - San Marcos St.,lapaz - 7,Huervana Ext - Burgos St,5000.0,1.085,Gen Luna St 2 (Rev),Proper - 8,Proper - 7,874.15,872.35,107.79
Molo - 3,Locsin St - San Marcos St.,lapaz - 9,Baldoza St - Monfort Blvd,3000.0,1.0935,Gen Luna St 2 (Rev),Proper - 8,Proper - 7,515.93,515.35,34.89
Molo - 3,Locsin St - San Marcos St.,lapaz - 10,Luna St - Taytay Forbes,5500.0,1.1804,Quirino - Lopez Bridge,Proper - 9,lapuz - 2,912.5,902.07,625.65
Molo - 3,Locsin St - San Marcos St.,lapaz - 10,Luna St - Taytay Forbes,5500.0,1.1804,Rizal St - Luna St,lapaz - 2,lapaz - 3,912.5,902.07,625.65
Molo - 3,Locsin St - San Marcos St.,lapaz - 10,Luna St - Taytay Forbes,5500.0,1.1804,Rizal St - Huervana St (Rev),lapuz - 2,lapaz - 2,912.5,902.07,625.65
Molo - 3,Locsin St - San Marcos St.,lapuz - 2,Rizal St - Quirino-Lopez Bridge,6000.0,1.2234,Gen Luna St 2,Proper - 7,Proper - 8,1064.67,982.06,4956.24
Molo - 3,Locsin St - San Marcos St.,lapuz - 2,Rizal St - Quirino-Lopez Bridge,6000.0,1.2234,Gen Luna St 2 (Rev),Proper - 8,Proper - 7,1064.67,1063.69,58.45
Molo - 3,Locsin St - San Marcos St.,lapuz - 4,Rizal St - New Iloilo Ferry Terminal Access Rd,5000.0,1.238,Gen Luna St 2,Proper - 7,Proper - 8,1083.27,1049.81,2007.52
Molo - 3,Locsin St - San Marcos St.,lapuz - 6,Rizal St - Lapuz-Mansaya-Roboc Rd,4000.0,1.1582,Gen Luna St 2,Proper - 7,Proper - 8,794.31,747.45,2811.71
Molo - 3,Locsin St - San Marcos St.,lapuz - 6,Rizal St - Lapuz-Mansaya-Roboc Rd,4000.0,1.1582,Gen Luna St 3,Proper - 8,Proper - 9,794.31,768.59,1542.94
Molo - 3,Locsin St - San Marcos St.,lapuz - 7,Lapuz-Mansaya-Roboc Rd - Coastal Rd,5500.0,1.06,Gen Luna St 2,Proper - 7,Proper - 8,1236.97,1220.02,1016.73
Molo - 3,Locsin St - San Marcos St.,lapuz - 7,Lapuz-Mansaya-Roboc Rd - Coastal Rd,5500.0,1.06,Gen Luna St 2 (Rev),Proper - 8,Proper - 7,1236.97,1200.01,2217.21
Molo - 3,Locsin St - San Marcos St.,lapuz - 7,Lapuz-Mansaya-Roboc Rd - Coastal Rd,5500.0,1.06,Ruperto Montinola St 2 (Rev),Proper - 11,Proper - 10,1236.97,1235.25,102.67
Molo - 4,Locsin St. - M.H Del Pilar St. 2,Proper - 5,Baluarte - Calumpang - Villa - Oton Blvd - Rizal St,6500.0,1.2974,Infante St 1,Proper - 1,Proper - 2,776.12,775.53,35.31
Molo - 4,Locsin St. - M.H Del Pilar St. 2,Proper - 11,Ledesma St - Ruperto Montinola St,10000.0,1.0326,Infante St 1 (Rev),Proper - 2,Proper - 1,1754.41,1651.29,6187.48
Molo - 4,Locsin St. - M.H Del Pilar St. 2,Proper - 12,Arroyo St - Muelle Loney St,7500.0,1.0628,Ledesma St,Proper - 6,Proper - 11,1158.34,1142.98,921.49
Molo - 4,Locsin St. - M.H Del Pilar St. 2,Proper - 12,Arroyo St - Muelle Loney St,7500.0,1.0628,Ruperto Montinola St 1 (Rev),Proper - 10,Proper - 8,1158.34,1140.94,1044.16
Molo - 4,Locsin St. - M.H Del Pilar St. 2,Proper - 17,Dela Rama St - Blumentritt,5000.0,1.0458,Infante St 1,Proper - 1,Proper - 2,743.34,730.59,764.97
Molo - 4,Locsin St. - M.H Del Pilar St. 2,Proper - 17,Dela Rama St - Blumentritt,5000.0,1.0458,Ledesma St,Proper - 6,Proper - 11,743.34,724.72,1117.5
Molo - 4,Locsin St. - M.H Del Pilar St. 2,Proper - 17,Dela Rama St - Blumentritt,5000.0,1.0458,Arroyo St (Rev),Proper - 11,Proper - 12,743.34,731.3,722.44
Molo - 4,Locsin St. - M.H Del Pilar St. 2,Proper - 17,Dela Rama St - Blumentritt,5000.0,1.0458,JM Basa St 2 (Rev),Proper - 14,Proper - 13,743.34,732.9,626.49
Molo - 4,Locsin St. - M.H Del Pilar St. 2,Proper - 17,Dela Rama St - Blumentritt,5000.0,1.0458,Muelle Loney St 3,Proper - 18,Proper - 19,743.34,742.64,42.02
Molo - 4,Locsin St. - M.H Del Pilar St. 2,Proper - 22,Fort San Pedro Dr - General Hughes St,4000.0,1.0406,Ruperto Montinola St 2,Proper - 10,Proper - 11,597.11,596.26,50.63
Molo - 4,Locsin St. - M.H Del Pilar St. 2,mandurriao - 1,Mandurriao - Jaro Rd - Old Iloilo - Capiz Rd,8000.0,1.2885,Infante St 1 (Rev),Proper - 2,Proper - 1,1460.42,1449.89,631.74
Molo - 4,Locsin St. - M.H Del Pilar St. 2,jaro - 9,Iloilo-Capiz Rd - Balabago Rd,3500.0,1.4196,Old Iloilo - Capiz Rd (Rev),Proper - 1,mandurriao - 1,909.5,885.2,1458.12
Molo - 4,Locsin St. - M.H Del Pilar St. 2,jaro - 18,Old Lopez Jaena St - Iloilo-Capiz Rd,7500.0,1.0468,El 98 St (Rev),mandurriao - 1,jaro - 7,1945.29,1885.05,3614.77
Molo - 4,Locsin St. - M.H Del Pilar St. 2,jaro - 18,Old Lopez Jaena St - Iloilo-Capiz Rd,7500.0,1.0468,El 98 St - Plaza Rizal St - E Lopez St,jaro - 7,jaro - 4,1945.29,1885.05,3614.77
Molo - 4,Locsin St. - M.H Del Pilar St. 2,jaro - 19,Monfort Blvd,3000.0,1.0734,Gen Luna St 1,Proper - 1,Proper - 7,579.01,560.56,1107.4
Molo - 4,Locsin St. - M.H Del Pilar St. 2,jaro - 19,Monfort Blvd,3000.0,1.0734,Bonifacio Drive,Proper - 7,lapaz - 10,579.01,578.04,58.29
Molo - 4,Locsin St. - M.H Del Pilar St. 2,jaro - 19,Monfort Blvd,3000.0,1.0734,Huervana St - Rizal St,lapaz - 1,lapaz - 2,579.01,578.04,58.29
Molo - 4,Locsin St. - M.H Del Pilar St. 2,jaro - 19,Monfort Blvd,3000.0,1.0734,Luna St - Esplanade 5 (Rev),lapaz - 10,lapaz - 1,579.01,578.04,58.29
Molo - 4,Locsin St. - M.H Del Pilar St. 2,lapaz - 4,Huervana St - Burgos St,8500.0,1.1702,Old Iloilo - Capiz Rd (Rev),Proper - 1,mandurriao - 1,2072.01,1958.5,6810.52
Molo - 4,Locsin St. - M.H Del Pilar St. 2,lapaz - 4,Huervana St - Burgos St,8500.0,1.1702,Infante St 1 (Rev),Proper - 2,Proper - 1,2072.01,1991.14,4852.19
Molo - 4,Locsin St. - M.H Del Pilar St. 2,lapaz - 4,Huervana St - Burgos St,8500.0,1.1702,Ruperto Montinola St 2 (Rev),Proper - 11,Proper - 10,2072.01,2056.54,928.54
Molo - 4,Locsin St. - M.H Del Pilar St. 2,lapaz - 4,Huervana St - Burgos St,8500.0,1.1702,Rizal St - Huervana St (Rev),lapuz - 2,lapaz - 2,2072.01,2035.12,2213.87
Molo - 4,Locsin St. - M.H Del Pilar St. 2,lapaz - 5,Huervana St - Jereos St,8500.0,1.1498,Old Iloilo - Capiz Rd (Rev),Proper - 1,mandurriao - 1,1999.75,1896.17,6214.77
Molo - 4,Locsin St. - M.H Del Pilar St. 2,lapaz - 5,Huervana St - Jereos St,8500.0,1.1498,Infante St 1 (Rev),Proper - 2,Proper - 1,1999.75,1907.39,5541.81
Molo - 4,Locsin St. - M.H Del Pilar St. 2,lapaz - 5,Huervana St - Jereos St,8500.0,1.1498,Gen Luna St 2 (Rev),Proper - 8,Proper - 7,1999.75,1992.83,415.05
Molo - 4,Locsin St. - M.H Del Pilar St. 2,lapaz - 5,Huervana St - Jereos St,8500.0,1.1498,Rizal St - Huervana St (Rev),lapuz - 2,lapaz - 2,1999.75,1966.67,1984.97
Molo - 4,Locsin St. - M.H Del Pilar St. 2,lapaz - 10,Luna St - Taytay Forbes,4500.0,1.0963,Gen Luna St 1,Proper - 1,Proper - 7,569.46,562.52,416.07
Molo - 4,Locsin St. - M.H Del Pilar St. 2,lapaz - 10,Luna St - Taytay Forbes,4500.0,1.0963,Gen Luna St 2 (Rev),Proper - 8,Proper - 7,569.46,563.44,360.8
Molo - 4,Locsin St. - M.H Del Pilar St. 2,lapuz - 2,Rizal St - Quirino-Lopez Bridge,5500.0,1.1443,Gen Luna St 2,Proper - 7,Proper - 8,712.33,629.99,4940.27
Molo - 4,Locsin St. - M.H Del Pilar St. 2,lapuz - 4,Rizal St - New Iloilo Ferry Terminal Access Rd,5500.0,1.3025,Gen Luna St 2,Proper - 7,Proper - 8,1176.94,1077.73,5952.29
Molo - 4,Locsin St. - M.H Del Pilar St. 2,lapuz - 5,New Iloilo Ferry Terminal Access Rd,5500.0,1.1033,Gen Luna St 2,Proper - 7,Proper - 8,1354.92,1254.49,6025.92
Molo - 4,Locsin St. - M.H Del Pilar St. 2,lapuz - 6,Rizal St - Lapuz-Mansaya-Roboc Rd,4000.0,1.1707,Gen Luna St 2,Proper - 7,Proper - 8,744.16,697.3,2811.71
Molo - 4,Locsin St. - M.H Del Pilar St. 2,lapuz - 6,Rizal St - Lapuz-Mansaya-Roboc Rd,4000.0,1.1707,Gen Luna St 3,Proper - 8,Proper - 9,744.16,718.96,1512.04
Molo - 4,Locsin St. - M.H Del Pilar St. 2,lapuz - 7,Lapuz-Mansaya-Roboc Rd - Coastal Rd,2500.0,1.0519,Gen Luna St 2,Proper - 7,Proper - 8,395.71,375.51,1211.87
Molo - 4,Locsin St. - M.H Del Pilar St. 2,lapuz - 7,Lapuz-Mansaya-Roboc Rd - Coastal Rd,2500.0,1.0519,Gen Luna St 3,Proper - 8,Proper - 9,395.71,395.56,8.97
Molo - 5,Locsin St. - Timawa St.,Proper - 15,General Hughes St - Duran St,5500.0,1.1454,Ledesma St,Proper - 6,Proper - 11,899.89,898.55,80.18
Molo - 5,Locsin St. - Timawa St.,Proper - 15,General Hughes St - Duran St,5500.0,1.1454,Dela Rama St 1,Proper - 13,Proper - 17,899.89,880.7,1151.43
Molo - 5,Locsin St. - Timawa St.,Proper - 19,Muelle Loney St - Blumentritt Right,2500.0,1.0327,Blumentritt 1 (Rev),Proper - 18,Proper - 17,299.63,296.34,197.01
Molo - 5,Locsin St. - Timawa St.,Proper - 21,Fort San Pedro Dr - Muelle Loney St,5000.0,1.0447,Blumentritt 1 (Rev),Proper - 18,Proper - 17,738.7,734.39,258.85
Molo - 5,Locsin St. - Timawa St.,Proper - 22,Fort San Pedro Dr - General Hughes St,6000.0,1.0742,Infante St 2,Proper - 2,Proper - 3,983.72,979.01,282.43
Molo - 5,Locsin St. - Timawa St.,Proper - 22,Fort San Pedro Dr - General Hughes St,6000.0,1.0742,Infante St 3,Proper - 3,Proper - 4,983.72,979.01,282.43
Molo - 5,Locsin St. - Timawa St.,Proper - 22,Fort San Pedro Dr - General Hughes St,6000.0,1.0742,Ledesma St,Proper - 6,Proper - 11,983.72,977.34,382.68
Molo - 5,Locsin St. - Timawa St.,Proper - 22,Fort San Pedro Dr - General Hughes St,6000.0,1.0742,Arroyo St (Rev),Proper - 11,Proper - 12,983.72,974.38,560.04
Molo - 5,Locsin St. - Timawa St.,mandurriao - 1,Mandurriao - Jaro Rd - Old Iloilo - Capiz Rd,7500.0,1.2038,Rotunda,Molo - 7,Molo - 8,1283.71,1177.09,6397.1
Molo - 5,Locsin St. - Timawa St.,mandurriao - 1,Mandurriao - Jaro Rd - Old Iloilo - Capiz Rd,7500.0,1.2038,Gen Luna - Molo Connect,Proper - 1,Molo - 7,1283.71,1177.09,6397.1
Molo - 5,Locsin St. - Timawa St.,jaro - 7,Plaza Rizal St - El 98 St,4500.0,1.2862,Infante St 1 (Rev),Proper - 2,Proper - 1,705.08,703.94,68.72
Molo - 5,Locsin St. - Timawa St.,lapaz - 2,Rizal St - Luna St,3000.0,1.0321,Infante St 1 (Rev),Proper - 2,Proper - 1,313.65,313.47,11.06
Molo - 5,Locsin St. - Timawa St.,lapaz - 4,Huervana St - Burgos St,8000.0,1.1714,Old Iloilo - Capiz Rd (Rev),Proper - 1,mandurriao - 1,1733.25,1684.62,2917.46
Molo - 5,Locsin St. - Timawa St.,lapaz - 4,Huervana St - Burgos St,8000.0,1.1714,Infante St 1 (Rev),Proper - 2,Proper - 1,1733.25,1624.03,6553.03
Molo - 5,Locsin St. - Timawa St.,lapaz - 5,Huervana St - Jereos St,7500.0,1.1736,Old Iloilo - Capiz Rd (Rev),Proper - 1,mandurriao - 1,1548.83,1508.09,2444.53
Molo - 5,Locsin St. - Timawa St.,lapaz - 5,Huervana St - Jereos St,7500.0,1.1736,Infante St 1 (Rev),Proper - 2,Proper - 1,1548.83,1445.47,6201.37
Molo - 5,Locsin St. - Timawa St.,lapaz - 5,Huervana St - Jereos St,7500.0,1.1736,Gen Luna St 2 (Rev),Proper - 8,Proper - 7,1548.83,1487.18,3698.79
Molo - 5,Locsin St. - Timawa St.,lapaz - 5,Huervana St - Jereos St,7500.0,1.1736,Rizal St - Huervana St (Rev),lapuz - 2,lapaz - 2,1548.83,1499.67,2949.35
Molo - 5,Locsin St. - Timawa St.,lapaz - 6,Jereos St - Huervana Ext,7000.0,1.107,Infante St 1 (Rev),Proper - 2,Proper - 1,1376.55,1335.35,2471.95
Molo - 5,Locsin St. - Timawa St.,lapaz - 8,Lopez Jaena St - Baldoza St,4000.0,1.079,Gen Luna St 1,Proper - 1,Proper - 7,686.34,677.65,521.37
Molo - 5,Locsin St. - Timawa St.,lapaz - 8,Lopez Jaena St - Baldoza St,4000.0,1.079,Delgado St,Proper - 2,Proper - 10,686.34,675.07,676.53
Molo - 5,Locsin St. - Timawa St.,lapaz - 8,Lopez Jaena St - Baldoza St,4000.0,1.079,Gen Luna St 2 (Rev),Proper - 8,Proper - 7,686.34,685.73,36.62
Molo - 5,Locsin St. - Timawa St.,lapaz - 8,Lopez Jaena St - Baldoza St,4000.0,1.079,Gen Luna St 3,Proper - 8,Proper - 9,686.34,682.56,226.87
Molo - 5,Locsin St. - Timawa St.,lapaz - 8,Lopez Jaena St - Baldoza St,4000.0,1.079,Ruperto Montinola St 1 (Rev),Proper - 10,Proper - 8,686.34,679.76,395.25
Molo - 5,Locsin St. - Timawa St.,lapaz - 9,Baldoza St - Monfort Blvd,7000.0,1.0676,Gen Luna St 1,Proper - 1,Proper - 7,1552.37,1533.78,1115.48
Molo - 5,Locsin St. - Timawa St.,lapaz - 9,Baldoza St - Monfort Blvd,7000.0,1.0676,Delgado St,Proper - 2,Proper - 10,1552.37,1545.57,408.1
Molo - 5,Locsin St. - Timawa St.,lapaz - 9,Baldoza St - Monfort Blvd,7000.0,1.0676,Bonifacio Drive,Proper - 7,lapaz - 10,1552.37,1539.27,786.35
Molo - 5,Locsin St. - Timawa St.,lapaz - 9,Baldoza St - Monfort Blvd,7000.0,1.0676,Gen Luna St 2 (Rev),Proper - 8,Proper - 7,1552.37,1550.4,118.15
Molo - 5,Locsin St. - Timawa St.,lapaz - 9,Baldoza St - Monfort Blvd,7000.0,1.0676,Huervana St - Rizal St,lapaz - 1,lapaz - 2,1552.37,1549.1,196.26
Molo - 5,Locsin St. - Timawa St.,lapaz - 9,Baldoza St - Monfort Blvd,7000.0,1.0676,Luna St - Esplanade 5 (Rev),lapaz - 10,lapaz - 1,1552.37,1539.27,786.35
Molo - 5,Locsin St. - Timawa St.,lapaz - 9,Baldoza St - Monfort Blvd,7000.0,1.0676,Rizal St - Huervana St (Rev),lapuz - 2,lapaz - 2,1552.37,1544.04,499.98
Molo - 5,Locsin St. - Timawa St.,lapuz - 2,Rizal St - Quirino-Lopez Bridge,5500.0,1.118,Gen Luna St 2,Proper - 7,Proper - 8,674.29,630.59,2622.1
Molo - 5,Locsin St. - Timawa St.,lapuz - 4,Rizal St - New Iloilo Ferry Terminal Access Rd,5500.0,1.2917,Gen Luna St 2,Proper - 7,Proper - 8,1146.83,1078.97,4071.72
Molo - 5,Locsin St. - Timawa St.,lapuz - 4,Rizal St - New Iloilo Ferry Terminal Access Rd,5500.0,1.2917,Gen Luna St 2 (Rev),Proper - 8,Proper - 7,1146.83,1146.41,25.02
Molo - 5,Locsin St. - Timawa St.,lapuz - 4,Rizal St - New Iloilo Ferry Terminal Access Rd,5500.0,1.2917,Ruperto Montinola St 2 (Rev),Proper - 11,Proper - 10,1146.83,1146.46,22.29
Molo - 5,Locsin St. - Timawa St.,lapuz - 5,New Iloilo Ferry Terminal Access Rd,5500.0,1.0671,Gen Luna St 2,Proper - 7,Proper - 8,1324.82,1256.96,4071.72
Molo - 5,Locsin St. - Timawa St.,lapuz - 5,New Iloilo Ferry Terminal Access Rd,5500.0,1.0671,Gen Luna St 2 (Rev),Proper - 8,Proper - 7,1324.82,1324.41,24.19
Molo - 5,Locsin St. - Timawa St.,lapuz - 5,New Iloilo Ferry Terminal Access Rd,5500.0,1.0671,Ruperto Montinola St 2 (Rev),Proper - 11,Proper - 10,1324.82,1324.45,22.29
Molo - 5,Locsin St. - Timawa St.,lapuz - 6,Rizal St - Lapuz-Mansaya-Roboc Rd,4000.0,1.1457,Gen Luna St 2,Proper - 7,Proper - 8,735.84,712.94,1374.44
Molo - 5,Locsin St. - Timawa St.,lapuz - 6,Rizal St - Lapuz-Mansaya-Roboc Rd,4000.0,1.1457,Gen Luna St 3,Proper - 8,Proper - 9,735.84,730.2,338.71
Molo - 5,Locsin St. - Timawa St.,lapuz - 7,Lapuz-Mansaya-Roboc Rd - Coastal Rd,2500.0,1.0139,Gen Luna St 2,Proper - 7,Proper - 8,384.91,382.13,166.91
Molo - 6,Locsin St. - Baluarte - Calumpag - Villa - Oton Blvd,Proper - 9,Gen Luna St - Muelle Loney St,3000.0,1.0922,Ruperto Montinola St 2 (Rev),Proper - 11,Proper - 10,269.3,269.18,7.52
Molo - 6,Locsin St. - Baluarte - Calumpag - Villa - Oton Blvd,Proper - 17,Dela Rama St - Blumentritt,4500.0,1.174,Ledesma St,Proper - 6,Proper - 11,655.11,641.49,817.56
Molo - 6,Locsin St. - Baluarte - Calumpag - Villa - Oton Blvd,Proper - 17,Dela Rama St - Blumentritt,4500.0,1.174,Arroyo St (Rev),Proper - 11,Proper - 12,655.11,632.85,1335.57
Molo - 6,Locsin St. - Baluarte - Calumpag - Villa - Oton Blvd,Proper - 17,Dela Rama St - Blumentritt,4500.0,1.174,JM Basa St 2 (Rev),Proper - 14,Proper - 13,655.11,632.69,1345.32
Molo - 6,Locsin St. - Baluarte - Calumpag - Villa - Oton Blvd,Proper - 18,Muelle Loney St - Blumentritt Left,3500.0,1.078,Ledesma St,Proper - 6,Proper - 11,426.64,420.44,371.58
Molo - 6,Locsin St. - Baluarte - Calumpag - Villa - Oton Blvd,Proper - 19,Muelle Loney St - Blumentritt Right,4000.0,1.1423,Ledesma St,Proper - 6,Proper - 11,565.5,547.98,1050.95
Molo - 6,Locsin St. - Baluarte - Calumpag - Villa - Oton Blvd,Proper - 19,Muelle Loney St - Blumentritt Right,4000.0,1.1423,JM Basa St 2 (Rev),Proper - 14,Proper - 13,565.5,548.52,1018.85
Molo - 6,Locsin St. - Baluarte - Calumpag - Villa - Oton Blvd,Proper - 19,Muelle Loney St - Blumentritt Right,4000.0,1.1423,Blumentritt 1 (Rev),Proper - 18,Proper - 17,565.5,563.15,141.17
Molo - 6,Locsin St. - Baluarte - Calumpag - Villa - Oton Blvd,Proper - 20,De la Rama St,3500.0,1.0261,Ledesma St,Proper - 6,Proper - 11,673.39,672.5,53.2
Molo - 6,Locsin St. - Baluarte - Calumpag - Villa - Oton Blvd,mandurriao - 1,Mandurriao - Jaro Rd - Old Iloilo - Capiz Rd,7500.0,1.1682,Infante St 2 (Rev),Proper - 3,Proper - 2,1412.18,1387.22,1498.14
Molo - 6,Locsin St. - Baluarte - Calumpag - Villa - Oton Blvd,mandurriao - 1,Mandurriao - Jaro Rd - Old Iloilo - Capiz Rd,7500.0,1.1682,Rizal St 1,Proper - 5,Proper - 3,1412.18,1387.22,1498.14
Molo - 6,Locsin St. - Baluarte - Calumpag - Villa - Oton Blvd,jaro - 1,E Lopez St - Luna St,2500.0,1.0154,Infante St 1 (Rev),Proper - 2,Proper - 1,294.7,286.14,513.44
Molo - 6,Locsin St. - Baluarte - Calumpag - Villa - Oton Blvd,jaro - 1,E Lopez St - Luna St,2500.0,1.0154,Infante St 2 (Rev),Proper - 3,Proper - 2,294.7,286.14,513.44
Molo - 6,Locsin St. - Baluarte - Calumpag - Villa - Oton Blvd,jaro - 1,E Lopez St - Luna St,2500.0,1.0154,Rizal St 1,Proper - 5,Proper - 3,294.7,286.14,513.44
Molo - 6,Locsin St. - Baluarte - Calumpag - Villa - Oton Blvd,jaro - 2,Commission Civil St - Burgos St,2000.0,1.1015,Infante St 1 (Rev),Proper - 2,Proper - 1,277.52,273.38,248.46
Molo - 6,Locsin St. - Baluarte - Calumpag - Villa - Oton Blvd,jaro - 2,Commission Civil St - Burgos St,2000.0,1.1015,Infante St 2 (Rev),Proper - 3,Proper - 2,277.52,273.38,248.46
Molo - 6,Locsin St. - Baluarte - Calumpag - Villa - Oton Blvd,jaro - 2,Commission Civil St - Burgos St,2000.0,1.1015,Rizal St 1,Proper - 5,Proper - 3,277.52,273.38,248.46
Molo - 6,Locsin St. - Baluarte - Calumpag - Villa - Oton Blvd,jaro - 4,Plaza Rizal St - E Lopez St,4000.0,1.1787,Infante St 1 (Rev),Proper - 2,Proper - 1,570.57,552.61,1077.24
Molo - 6,Locsin St. - Baluarte - Calumpag - Villa - Oton Blvd,jaro - 4,Plaza Rizal St - E Lopez St,4000.0,1.1787,Infante St 2 (Rev),Proper - 3,Proper - 2,570.57,549.55,1260.84
Molo - 6,Locsin St. - Baluarte - Calumpag - Villa - Oton Blvd,jaro - 4,Plaza Rizal St - E Lopez St,4000.0,1.1787,Rizal St 1,Proper - 5,Proper - 3,570.57,549.55,1260.84
Molo - 6,Locsin St. - Baluarte - Calumpag - Villa - Oton Blvd,jaro - 5,Plaza Rizal St - Commission Civil St,4000.0,1.174,Infante St 1 (Rev),Proper - 2,Proper - 1,583.8,565.84,1077.24
Molo - 6,Locsin St. - Baluarte - Calumpag - Villa - Oton Blvd,jaro - 5,Plaza Rizal St - Commission Civil St,4000.0,1.174,Infante St 2 (Rev),Proper - 3,Proper - 2,583.8,562.78,1260.84
Molo - 6,Locsin St. - Baluarte - Calumpag - Villa - Oton Blvd,jaro - 5,Plaza Rizal St - Commission Civil St,4000.0,1.174,Rizal St 1,Proper - 5,Proper - 3,583.8,562.78,1260.84
Molo - 6,Locsin St. - Baluarte - Calumpag - Villa - Oton Blvd,jaro - 6,Plaza Rizal St - Iloilo-Capiz Rd/Lopez Jaena St,4000.0,1.1656,Infante St 1 (Rev),Proper - 2,Proper - 1,609.15,591.2,1077.24
Molo - 6,Locsin St. - Baluarte - Calumpag - Villa - Oton Blvd,jaro - 6,Plaza Rizal St - Iloilo-Capiz Rd/Lopez Jaena St,4000.0,1.1656,Infante St 2 (Rev),Proper - 3,Proper - 2,609.15,588.14,1260.84
Molo - 6,Locsin St. - Baluarte - Calumpag - Villa - Oton Blvd,jaro - 6,Plaza Rizal St - Iloilo-Capiz Rd/Lopez Jaena St,4000.0,1.1656,Rizal St 1,Proper - 5,Proper - 3,609.15,588.14,1260.84
Molo - 6,Locsin St. - Baluarte - Calumpag - Villa - Oton Blvd,jaro - 7,Plaza Rizal St - El 98 St,4500.0,1.1977,Gen Luna St 1,Proper - 1,Proper - 7,705.09,704.43,39.77
Molo - 6,Locsin St. - Baluarte - Calumpag - Villa - Oton Blvd,jaro - 7,Plaza Rizal St - El 98 St,4500.0,1.1977,Infante St 1 (Rev),Proper - 2,Proper - 1,705.09,683.05,1322.38
Molo - 6,Locsin St. - Baluarte - Calumpag - Villa - Oton Blvd,jaro - 7,Plaza Rizal St - El 98 St,4500.0,1.1977,Infante St 2 (Rev),Proper - 3,Proper - 2,705.09,677.71,1643.0
Molo - 6,Locsin St. - Baluarte - Calumpag - Villa - Oton Blvd,jaro - 7,Plaza Rizal St - El 98 St,4500.0,1.1977,Rizal St 1,Proper - 5,Proper - 3,705.09,677.71,1643.0
Molo - 6,Locsin St. - Baluarte - Calumpag - Villa - Oton Blvd,jaro - 9,Iloilo-Capiz Rd - Balabago Rd,3500.0,1.3281,Infante St 1 (Rev),Proper - 2,Proper - 1,895.76,879.71,963.42
Molo - 6,Locsin St. - Baluarte - Calumpag - Villa - Oton Blvd,jaro - 9,Iloilo-Capiz Rd - Balabago Rd,3500.0,1.3281,Infante St 2 (Rev),Proper - 3,Proper - 2,895.76,879.43,980.08
Molo - 6,Locsin St. - Baluarte - Calumpag - Villa - Oton Blvd,jaro - 9,Iloilo-Capiz Rd - Balabago Rd,3500.0,1.3281,Rizal St 1,Proper - 5,Proper - 3,895.76,879.43,980.08
Molo - 6,Locsin St. - Baluarte - Calumpag - Villa - Oton Blvd,jaro - 12,Buhang Flyover,2000.0,1.0691,Infante St 1 (Rev),Proper - 2,Proper - 1,407.29,403.08,252.54
Molo - 6,Locsin St. - Baluarte - Calumpag - Villa - Oton Blvd,jaro - 12,Buhang Flyover,2000.0,1.0691,Infante St 2 (Rev),Proper - 3,Proper - 2,407.29,403.08,252.54
Molo - 6,Locsin St. - Baluarte - Calumpag - Villa - Oton Blvd,jaro - 12,Buhang Flyover,2000.0,1.0691,Rizal St 1,Proper - 5,Proper - 3,407.29,403.08,252.54
Molo - 6,Locsin St. - Baluarte - Calumpag - Villa - Oton Blvd,jaro - 13,Buhang Flyover,2500.0,1.0695,Infante St 1 (Rev),Proper - 2,Proper - 1,545.35,533.03,739.51
Molo - 6,Locsin St. - Baluarte - Calumpag - Villa - Oton Blvd,jaro - 13,Buhang Flyover,2500.0,1.0695,Infante St 2 (Rev),Proper - 3,Proper - 2,545.35,532.95,744.48
Molo - 6,Locsin St. - Baluarte - Calumpag - Villa - Oton Blvd,jaro - 13,Buhang Flyover,2500.0,1.0695,Rizal St 1,Proper - 5,Proper - 3,545.35,532.95,744.48
Molo - 6,Locsin St. - Baluarte - Calumpag - Villa - Oton Blvd,jaro - 14,Iloilo-Capiz Rd - Iloilo Circumferential Rd 1,2500.0,1.077,Infante St 1 (Rev),Proper - 2,Proper - 1,530.69,518.08,756.55
Molo - 6,Locsin St. - Baluarte - Calumpag - Villa - Oton Blvd,jaro - 14,Iloilo-Capiz Rd - Iloilo Circumferential Rd 1,2500.0,1.077,Infante St 2 (Rev),Proper - 3,Proper - 2,530.69,518.0,760.94
Molo - 6,Locsin St. - Baluarte - Calumpag - Villa - Oton Blvd,jaro - 14,Iloilo-Capiz Rd - Iloilo Circumferential Rd 1,2500.0,1.077,Rizal St 1,Proper - 5,Proper - 3,530.69,518.0,760.94
Molo - 6,Locsin St. - Baluarte - Calumpag - Villa - Oton Blvd,jaro - 15,Iloilo Circumferential Rd 1 - Iloilo Radial By-Pass Rd 4,2500.0,1.0634,Infante St 1 (Rev),Proper - 2,Proper - 1,594.47,582.14,739.51
Molo - 6,Locsin St. - Baluarte - Calumpag - Villa - Oton Blvd,jaro - 15,Iloilo Circumferential Rd 1 - Iloilo Radial By-Pass Rd 4,2500.0,1.0634,Infante St 2 (Rev),Proper - 3,Proper - 2,594.47,582.06,744.48
Molo - 6,Locsin St. - Baluarte - Calumpag - Villa - Oton Blvd,jaro - 15,Iloilo Circumferential Rd 1 - Iloilo Radial By-Pass Rd 4,2500.0,1.0634,Rizal St 1,Proper - 5,Proper - 3,594.47,582.06,744.48
Molo - 6,Locsin St. - Baluarte - Calumpag - Villa - Oton Blvd,jaro - 16,Old Lopez Jaena St - Old Iloilo-Capiz Rd,4500.0,1.0884,M.H Del Pilar,Molo - 4,Molo - 9,811.6,804.53,424.49
Molo - 6,Locsin St. - Baluarte - Calumpag - Villa - Oton Blvd,jaro - 16,Old Lopez Jaena St - Old Iloilo-Capiz Rd,4500.0,1.0884,M.H Del Pilar,Molo - 9,Molo - 10,811.6,804.53,424.49
Molo - 6,Locsin St. - Baluarte - Calumpag - Villa - Oton Blvd,jaro - 16,Old Lopez Jaena St - Old Iloilo-Capiz Rd,4500.0,1.0884,Molo - Proper Connect,Molo - 10,Proper - 1,811.6,804.53,424.49
Molo - 6,Locsin St. - Baluarte - Calumpag - Villa - Oton Blvd,jaro - 17,Iloilo-Capiz Rd - Old Iloilo-Capiz Rd,4500.0,1.0907,M.H Del Pilar,Molo - 4,Molo - 9,793.27,786.19,424.49
Molo - 6,Locsin St. - Baluarte - Calumpag - Villa - Oton Blvd,jaro - 17,Iloilo-Capiz Rd - Old Iloilo-Capiz Rd,4500.0,1.0907,M.H Del Pilar,Molo - 9,Molo - 10,793.27,786.19,424.49
Molo - 6,Locsin St. - Baluarte - Calumpag - Villa - Oton Blvd,jaro - 17,Iloilo-Capiz Rd - Old Iloilo-Capiz Rd,4500.0,1.0907,Molo - Proper Connect,Molo - 10,Proper - 1,793.27,786.19,424.49
Molo - 6,Locsin St. - Baluarte - Calumpag - Villa - Oton Blvd,jaro - 19,Monfort Blvd,3000.0,1.0874,Gen Luna St 2 (Rev),Proper - 8,Proper - 7,601.96,597.37,275.8
Molo - 6,Locsin St. - Baluarte - Calumpag - Villa - Oton Blvd,jaro - 21,Iloilo R4 Rd - Leganes,3000.0,1.0361,Infante St 1 (Rev),Proper - 2,Proper - 1,894.65,878.45,971.8
Molo - 6,Locsin St. - Baluarte - Calumpag - Villa - Oton Blvd,jaro - 21,Iloilo R4 Rd - Leganes,3000.0,1.0361,Infante St 2 (Rev),Proper - 3,Proper - 2,894.65,877.95,1001.63
Molo - 6,Locsin St. - Baluarte - Calumpag - Villa - Oton Blvd,jaro - 21,Iloilo R4 Rd - Leganes,3000.0,1.0361,Rizal St 1,Proper - 5,Proper - 3,894.65,877.95,1001.63
Molo - 6,Locsin St. - Baluarte - Calumpag - Villa - Oton Blvd,jaro - 22,Iloilo Radial By-Pass Rd 4 - Leganes,3000.0,1.0297,Infante St 1 (Rev),Proper - 2,Proper - 1,964.22,948.79,925.71
Molo - 6,Locsin St. - Baluarte - Calumpag - Villa - Oton Blvd,jaro - 22,Iloilo Radial By-Pass Rd 4 - Leganes,3000.0,1.0297,Infante St 2 (Rev),Proper - 3,Proper - 2,964.22,948.31,954.58
Molo - 6,Locsin St. - Baluarte - Calumpag - Villa - Oton Blvd,jaro - 22,Iloilo Radial By-Pass Rd 4 - Leganes,3000.0,1.0297,Rizal St 1,Proper - 5,Proper - 3,964.22,948.31,954.58
Molo - 6,Locsin St. - Baluarte - Calumpag - Villa - Oton Blvd,jaro - 23,Iloilo Circumferential Rd 1 - Pavia,3000.0,1.0297,Infante St 1 (Rev),Proper - 2,Proper - 1,964.22,948.79,925.71
Molo - 6,Locsin St. - Baluarte - Calumpag - Villa - Oton Blvd,jaro - 23,Iloilo Circumferential Rd 1 - Pavia,3000.0,1.0297,Infante St 2 (Rev),Proper - 3,Proper - 2,964.22,948.31,954.58
Molo - 6,Locsin St. - Baluarte - Calumpag - Villa - Oton Blvd,jaro - 23,Iloilo Circumferential Rd 1 - Pavia,3000.0,1.0297,Rizal St 1,Proper - 5,Proper - 3,964.22,948.31,954.58
Molo - 6,Locsin St. - Baluarte - Calumpag - Villa - Oton Blvd,jaro - 24,Old Iloilo-Capiz Rd - Pavia,4500.0,1.0838,M.H Del Pilar,Molo - 4,Molo - 9,852.76,845.69,424.49
Molo - 6,Locsin St. - Baluarte - Calumpag - Villa - Oton Blvd,jaro - 24,Old Iloilo-Capiz Rd - Pavia,4500.0,1.0838,M.H Del Pilar,Molo - 9,Molo - 10,852.76,845.69,424.49
Molo - 6,Locsin St. - Baluarte - Calumpag - Villa - Oton Blvd,jaro - 24,Old Iloilo-Capiz Rd - Pavia,4500.0,1.0838,Molo - Proper Connect,Molo - 10,Proper - 1,852.76,845.69,424.49
Molo - 6,Locsin St. - Baluarte - Calumpag - Villa - Oton Blvd,lapaz - 1,Luna St - Huervana St,3500.0,1.0747,Gen Luna St 2 (Rev),Proper - 8,Proper - 7,416.33,398.75,1054.68
Molo - 6,Locsin St. - Baluarte - Calumpag - Villa - Oton Blvd,lapaz - 2,Rizal St - Luna St,3000.0,1.053,Gen Luna St 2 (Rev),Proper - 8,Proper - 7,333.08,320.03,783.11
Molo - 6,Locsin St. - Baluarte - Calumpag - Villa - Oton Blvd,lapaz - 2,Rizal St - Luna St,3000.0,1.053,Ruperto Montinola St 1 (Rev),Proper - 10,Proper - 8,333.08,330.29,167.09
Molo - 6,Locsin St. - Baluarte - Calumpag - Villa - Oton Blvd,lapaz - 2,Rizal St - Luna St,3000.0,1.053,Ruperto Montinola St 2 (Rev),Proper - 11,Proper - 10,333.08,330.29,167.09
Molo - 6,Locsin St. - Baluarte - Calumpag - Villa - Oton Blvd,lapaz - 3,Luna St - Luna St,3000.0,1.0629,Gen Luna St 2 (Rev),Proper - 8,Proper - 7,344.67,329.73,896.37
Molo - 6,Locsin St. - Baluarte - Calumpag - Villa - Oton Blvd,lapaz - 3,Luna St - Luna St,3000.0,1.0629,Ruperto Montinola St 1 (Rev),Proper - 10,Proper - 8,344.67,341.51,189.48
Molo - 6,Locsin St. - Baluarte - Calumpag - Villa - Oton Blvd,lapaz - 3,Luna St - Luna St,3000.0,1.0629,Ruperto Montinola St 2 (Rev),Proper - 11,Proper - 10,344.67,341.51,189.48
Molo - 6,Locsin St. - Baluarte - Calumpag - Villa - Oton Blvd,lapaz - 4,Huervana St - Burgos St,4500.0,1.0741,Gen Luna St 2 (Rev),Proper - 8,Proper - 7,640.47,639.27,71.69
Molo - 6,Locsin St. - Baluarte - Calumpag - Villa - Oton Blvd,lapaz - 4,Huervana St - Burgos St,4500.0,1.0741,Ruperto Montinola St 2 (Rev),Proper - 11,Proper - 10,640.47,637.68,166.95
Molo - 6,Locsin St. - Baluarte - Calumpag - Villa - Oton Blvd,lapaz - 5,Huervana St - Jereos St,4500.0,1.0709,Gen Luna St 2 (Rev),Proper - 8,Proper - 7,667.97,666.77,71.69
Molo - 6,Locsin St. - Baluarte - Calumpag - Villa - Oton Blvd,lapaz - 5,Huervana St - Jereos St,4500.0,1.0709,Ruperto Montinola St 2 (Rev),Proper - 11,Proper - 10,667.97,665.19,166.95
Molo - 6,Locsin St. - Baluarte - Calumpag - Villa - Oton Blvd,lapaz - 6,Jereos St - Huervana Ext,5000.0,1.043,Gen Luna St 2,Proper - 7,Proper - 8,796.37,792.32,243.49
Molo - 6,Locsin St. - Baluarte - Calumpag - Villa - Oton Blvd,lapaz - 6,Jereos St - Huervana Ext,5000.0,1.043,Gen Luna St 2 (Rev),Proper - 8,Proper - 7,796.37,790.64,343.88
Molo - 6,Locsin St. - Baluarte - Calumpag - Villa - Oton Blvd,lapaz - 6,Jereos St - Huervana Ext,5000.0,1.043,Gen Luna St 3,Proper - 8,Proper - 9,796.37,795.19,71.0
Molo - 6,Locsin St. - Baluarte - Calumpag - Villa - Oton Blvd,lapaz - 6,Jereos St - Huervana Ext,5000.0,1.043,Ruperto Montinola St 2 (Rev),Proper - 11,Proper - 10,796.37,789.99,382.72
Molo - 6,Locsin St. - Baluarte - Calumpag - Villa - Oton Blvd,lapaz - 7,Huervana Ext - Burgos St,2500.0,1.0607,Gen Luna St 2 (Rev),Proper - 8,Proper - 7,335.56,327.61,477.37
Molo - 6,Locsin St. - Baluarte - Calumpag - Villa - Oton Blvd,lapaz - 7,Huervana Ext - Burgos St,2500.0,1.0607,Ruperto Montinola St 1 (Rev),Proper - 10,Proper - 8,335.56,334.91,39.35
Molo - 6,Locsin St. - Baluarte - Calumpag - Villa - Oton Blvd,lapaz - 7,Huervana Ext - Burgos St,2500.0,1.0607,Ruperto Montinola St 2 (Rev),Proper - 11,Proper - 10,335.56,334.91,39.35
Molo - 6,Locsin St. - Baluarte - Calumpag - Villa - Oton Blvd,lapaz - 8,Lopez Jaena St - Baldoza St,4500.0,1.0937,Gen Luna St 2,Proper - 7,Proper - 8,850.22,849.32,54.21
Molo - 6,Locsin St. - Baluarte - Calumpag - Villa - Oton Blvd,lapaz - 8,Lopez Jaena St - Baldoza St,4500.0,1.0937,Gen Luna St 2 (Rev),Proper - 8,Proper - 7,850.22,842.24,479.12
Molo - 6,Locsin St. - Baluarte - Calumpag - Villa - Oton Blvd,lapaz - 8,Lopez Jaena St - Baldoza St,4500.0,1.0937,Ruperto Montinola St 2 (Rev),Proper - 11,Proper - 10,850.22,843.17,423.42
Molo - 6,Locsin St. - Baluarte - Calumpag - Villa - Oton Blvd,lapaz - 8,Lopez Jaena St - Baldoza St,4500.0,1.0937,Rizal St - Huervana St (Rev),lapuz - 2,lapaz - 2,850.22,842.98,434.83
Molo - 6,Locsin St. - Baluarte - Calumpag - Villa - Oton Blvd,lapaz - 9,Baldoza St - Monfort Blvd,3000.0,1.0813,Infante St 1 (Rev),Proper - 2,Proper - 1,503.51,502.02,89.66
Molo - 6,Locsin St. - Baluarte - Calumpag - Villa - Oton Blvd,lapaz - 9,Baldoza St - Monfort Blvd,3000.0,1.0813,Infante St 2 (Rev),Proper - 3,Proper - 2,503.51,502.02,89.66
Molo - 6,Locsin St. - Baluarte - Calumpag - Villa - Oton Blvd,lapaz - 9,Baldoza St - Monfort Blvd,3000.0,1.0813,Rizal St 1,Proper - 5,Proper - 3,503.51,502.02,89.66
Molo - 6,Locsin St. - Baluarte - Calumpag - Villa - Oton Blvd,lapaz - 9,Baldoza St - Monfort Blvd,3000.0,1.0813,Gen Luna St 2,Proper - 7,Proper - 8,503.51,499.83,220.77
Molo - 6,Locsin St. - Baluarte - Calumpag - Villa - Oton Blvd,lapaz - 9,Baldoza St - Monfort Blvd,3000.0,1.0813,Gen Luna St 2 (Rev),Proper - 8,Proper - 7,503.51,485.41,1085.96
Molo - 6,Locsin St. - Baluarte - Calumpag - Villa - Oton Blvd,lapaz - 9,Baldoza St - Monfort Blvd,3000.0,1.0813,Ruperto Montinola St 1 (Rev),Proper - 10,Proper - 8,503.51,495.77,464.65
Molo - 6,Locsin St. - Baluarte - Calumpag - Villa - Oton Blvd,lapaz - 9,Baldoza St - Monfort Blvd,3000.0,1.0813,Ruperto Montinola St 2 (Rev),Proper - 11,Proper - 10,503.51,495.77,464.65
Molo - 6,Locsin St. - Baluarte - Calumpag - Villa - Oton Blvd,lapaz - 10,Luna St - Taytay Forbes,4500.0,1.0708,Infante St 2 (Rev),Proper - 3,Proper - 2,584.98,582.63,141.35
Molo - 6,Locsin St. - Baluarte - Calumpag - Villa - Oton Blvd,lapaz - 10,Luna St - Taytay Forbes,4500.0,1.0708,Rizal St 1,Proper - 5,Proper - 3,584.98,582.63,141.35
Molo - 6,Locsin St. - Baluarte - Calumpag - Villa - Oton Blvd,lapaz - 10,Luna St - Taytay Forbes,4500.0,1.0708,Gen Luna St 2,Proper - 7,Proper - 8,584.98,582.74,134.74
Molo - 6,Locsin St. - Baluarte - Calumpag - Villa - Oton Blvd,lapaz - 10,Luna St - Taytay Forbes,4500.0,1.0708,Gen Luna St 2 (Rev),Proper - 8,Proper - 7,584.98,548.41,2194.66
Molo - 6,Locsin St. - Baluarte - Calumpag - Villa - Oton Blvd,lapaz - 10,Luna St - Taytay Forbes,4500.0,1.0708,Ruperto Montinola St 2 (Rev),Proper - 11,Proper - 10,584.98,566.48,1110.5
Molo - 6,Locsin St. - Baluarte - Calumpag - Villa - Oton Blvd,lapuz - 2,Rizal St - Quirino-Lopez Bridge,3000.0,1.0844,Ruperto Montinola St 2 (Rev),Proper - 11,Proper - 10,292.08,291.81,16.3
Molo - 6,Locsin St. - Baluarte - Calumpag - Villa - Oton Blvd,lapuz - 4,Rizal St - New Iloilo Ferry Terminal Access Rd,5500.0,1.1229,Infante St 1 (Rev),Proper - 2,Proper - 1,1180.59,1178.41,130.65
Molo - 6,Locsin St. - Baluarte - Calumpag - Villa - Oton Blvd,lapuz - 4,Rizal St - New Iloilo Ferry Terminal Access Rd,5500.0,1.1229,Gen Luna St 2,Proper - 7,Proper - 8,1180.59,1174.97,337.07
Molo - 6,Locsin St. - Baluarte - Calumpag - Villa - Oton Blvd,lapuz - 4,Rizal St - New Iloilo Ferry Terminal Access Rd,5500.0,1.1229,Ruperto Montinola St 2 (Rev),Proper - 11,Proper - 10,1180.59,1177.73,172.01
Molo - 6,Locsin St. - Baluarte - Calumpag - Villa - Oton Blvd,lapuz - 5,New Iloilo Ferry Terminal Access Rd,5500.0,1.1051,Infante St 1 (Rev),Proper - 2,Proper - 1,1358.58,1356.4,130.65
Molo - 6,Locsin St. - Baluarte - Calumpag - Villa - Oton Blvd,lapuz - 5,New Iloilo Ferry Terminal Access Rd,5500.0,1.1051,Gen Luna St 2,Proper - 7,Proper - 8,1358.58,1352.96,337.07
Molo - 6,Locsin St. - Baluarte - Calumpag - Villa - Oton Blvd,lapuz - 5,New Iloilo Ferry Terminal Access Rd,5500.0,1.1051,Ruperto Montinola St 2 (Rev),Proper - 11,Proper - 10,1358.58,1355.71,172.01
Molo - 6,Locsin St. - Baluarte - Calumpag - Villa - Oton Blvd,lapuz - 6,Rizal St - Lapuz-Mansaya-Roboc Rd,4000.0,1.2005,Infante St 1 (Rev),Proper - 2,Proper - 1,763.95,763.46,29.32
Molo - 6,Locsin St. - Baluarte - Calumpag - Villa - Oton Blvd,lapuz - 6,Rizal St - Lapuz-Mansaya-Roboc Rd,4000.0,1.2005,Gen Luna St 2,Proper - 7,Proper - 8,763.95,752.58,681.77
Molo - 6,Locsin St. - Baluarte - Calumpag - Villa - Oton Blvd,lapuz - 6,Rizal St - Lapuz-Mansaya-Roboc Rd,4000.0,1.2005,Ruperto Montinola St 2 (Rev),Proper - 11,Proper - 10,763.95,760.42,211.48
Molo - 6,Locsin St. - Baluarte - Calumpag - Villa - Oton Blvd,lapuz - 7,Lapuz-Mansaya-Roboc Rd - Coastal Rd,2500.0,1.0833,Gen Luna St 3,Proper - 8,Proper - 9,407.71,405.37,140.33
Molo - 6,Locsin St. - Baluarte - Calumpag - Villa - Oton Blvd,lapuz - 7,Lapuz-Mansaya-Roboc Rd - Coastal Rd,2500.0,1.0833,Ruperto Montinola St 1 (Rev),Proper - 10,Proper - 8,407.71,406.09,97.14
Molo - 6,Locsin St. - Baluarte - Calumpag - Villa - Oton Blvd,lapuz - 7,Lapuz-Mansaya-Roboc Rd - Coastal Rd,2500.0,1.0833,Ruperto Montinola St 2 (Rev),Proper - 11,Proper - 10,407.71,405.78,115.93
Molo - 7,San Marcos St. - MH del Pilar St. 1 (Rotunda),Proper - 5,Baluarte - Calumpang - Villa - Oton Blvd - Rizal St,6500.0,1.2843,Infante St 1,Proper - 1,Proper - 2,887.85,801.06,5207.35
Molo - 7,San Marcos St. - MH del Pilar St. 1 (Rotunda),Proper - 5,Baluarte - Calumpang - Villa - Oton Blvd - Rizal St,6500.0,1.2843,Infante St 2,Proper - 2,Proper - 3,887.85,865.83,1320.76
Molo - 7,San Marcos St. - MH del Pilar St. 1 (Rotunda),Proper - 5,Baluarte - Calumpang - Villa - Oton Blvd - Rizal St,6500.0,1.2843,Infante St 3,Proper - 3,Proper - 4,887.85,865.83,1320.76
Molo - 7,San Marcos St. - MH del Pilar St. 1 (Rotunda),Proper - 6,Ledesma St - Rizal St,5000.0,1.1365,Infante St 1,Proper - 1,Proper - 2,579.85,533.77,2764.59
Molo - 7,San Marcos St. - MH del Pilar St. 1 (Rotunda),Proper - 6,Ledesma St - Rizal St,5000.0,1.1365,Infante St 2,Proper - 2,Proper - 3,579.85,534.7,2708.94
Molo - 7,San Marcos St. - MH del Pilar St. 1 (Rotunda),Proper - 6,Ledesma St - Rizal St,5000.0,1.1365,Infante St 3,Proper - 3,Proper - 4,579.85,534.7,2708.94
Molo - 7,San Marcos St. - MH del Pilar St. 1 (Rotunda),Proper - 10,Delgado St - Ruperto Montinola St,3500.0,1.1366,Infante St 1,Proper - 1,Proper - 2,334.86,332.33,152.1
Molo - 7,San Marcos St. - MH del Pilar St. 1 (Rotunda),Proper - 12,Arroyo St - Muelle Loney St,3500.0,1.076,Infante St 1,Proper - 1,Proper - 2,365.08,360.43,279.08
Molo - 7,San Marcos St. - MH del Pilar St. 1 (Rotunda),Proper - 12,Arroyo St - Muelle Loney St,3500.0,1.076,Delgado St,Proper - 2,Proper - 10,365.08,360.53,273.17
Molo - 7,San Marcos St. - MH del Pilar St. 1 (Rotunda),Proper - 12,Arroyo St - Muelle Loney St,3500.0,1.076,Ruperto Montinola St 2,Proper - 10,Proper - 11,365.08,360.53,273.17
Molo - 7,San Marcos St. - MH del Pilar St. 1 (Rotunda),Proper - 14,JM Basa St - Rizal St,3500.0,1.0812,Infante St 2,Proper - 2,Proper - 3,388.55,387.38,70.63
Molo - 7,San Marcos St. - MH del Pilar St. 1 (Rotunda),Proper - 14,JM Basa St - Rizal St,3500.0,1.0812,Infante St 3,Proper - 3,Proper - 4,388.55,387.38,70.63
Molo - 7,San Marcos St. - MH del Pilar St. 1 (Rotunda),Proper - 15,General Hughes St - Duran St,5000.0,1.1132,Infante St 2,Proper - 2,Proper - 3,827.94,808.53,1164.3
Molo - 7,San Marcos St. - MH del Pilar St. 1 (Rotunda),Proper - 15,General Hughes St - Duran St,5000.0,1.1132,Infante St 3,Proper - 3,Proper - 4,827.94,808.53,1164.3
Molo - 7,San Marcos St. - MH del Pilar St. 1 (Rotunda),Proper - 17,Dela Rama St - Blumentritt,3500.0,1.0504,Infante St 1,Proper - 1,Proper - 2,481.16,478.75,144.54
Molo - 7,San Marcos St. - MH del Pilar St. 1 (Rotunda),Proper - 17,Dela Rama St - Blumentritt,3500.0,1.0504,Delgado St,Proper - 2,Proper - 10,481.16,475.23,355.43
Molo - 7,San Marcos St. - MH del Pilar St. 1 (Rotunda),Proper - 17,Dela Rama St - Blumentritt,3500.0,1.0504,Ruperto Montinola St 2,Proper - 10,Proper - 11,481.16,473.87,437.45
Molo - 7,San Marcos St. - MH del Pilar St. 1 (Rotunda),Proper - 17,Dela Rama St - Blumentritt,3500.0,1.0504,JM Basa St 1,Proper - 11,Proper - 13,481.16,470.02,668.22
Molo - 7,San Marcos St. - MH del Pilar St. 1 (Rotunda),Proper - 18,Muelle Loney St - Blumentritt Left,6500.0,1.1281,JM Basa St 2 (Rev),Proper - 14,Proper - 13,1235.02,1234.12,53.81
Molo - 7,San Marcos St. - MH del Pilar St. 1 (Rotunda),Proper - 19,Muelle Loney St - Blumentritt Right,3500.0,1.1249,JM Basa St 1,Proper - 11,Proper - 13,520.84,513.33,450.57
Molo - 7,San Marcos St. - MH del Pilar St. 1 (Rotunda),Proper - 19,Muelle Loney St - Blumentritt Right,3500.0,1.1249,Blumentritt 1 (Rev),Proper - 18,Proper - 17,520.84,519.68,69.54
Molo - 7,San Marcos St. - MH del Pilar St. 1 (Rotunda),Proper - 20,De la Rama St,3500.0,1.0329,Infante St 1,Proper - 1,Proper - 2,724.7,721.64,183.82
Molo - 7,San Marcos St. - MH del Pilar St. 1 (Rotunda),Proper - 20,De la Rama St,3500.0,1.0329,Delgado St,Proper - 2,Proper - 10,724.7,718.8,354.15
Molo - 7,San Marcos St. - MH del Pilar St. 1 (Rotunda),Proper - 20,De la Rama St,3500.0,1.0329,Ruperto Montinola St 2,Proper - 10,Proper - 11,724.7,717.43,436.17
Molo - 7,San Marcos St. - MH del Pilar St. 1 (Rotunda),Proper - 20,De la Rama St,3500.0,1.0329,JM Basa St 1,Proper - 11,Proper - 13,724.7,712.88,709.02
Molo - 7,San Marcos St. - MH del Pilar St. 1 (Rotunda),Proper - 22,Fort San Pedro Dr - General Hughes St,3500.0,1.0463,Infante St 2,Proper - 2,Proper - 3,508.66,507.48,70.63
Molo - 7,San Marcos St. - MH del Pilar St. 1 (Rotunda),Proper - 22,Fort San Pedro Dr - General Hughes St,3500.0,1.0463,Infante St 3,Proper - 3,Proper - 4,508.66,507.48,70.63
Molo - 7,San Marcos St. - MH del Pilar St. 1 (Rotunda),jaro - 2,Commission Civil St - Burgos St,4000.0,1.1317,Gen Luna St 1,Proper - 1,Proper - 7,780.34,764.5,950.02
Molo - 7,San Marcos St. - MH del Pilar St. 1 (Rotunda),jaro - 4,Plaza Rizal St - E Lopez St,4500.0,1.4228,Old Iloilo - Capiz Rd (Rev),Proper - 1,mandurriao - 1,755.14,733.48,1299.39
Molo - 7,San Marcos St. - MH del Pilar St. 1 (Rotunda),jaro - 5,Plaza Rizal St - Commission Civil St,4500.0,1.4106,Old Iloilo - Capiz Rd (Rev),Proper - 1,mandurriao - 1,770.85,749.2,1299.39
Molo - 7,San Marcos St. - MH del Pilar St. 1 (Rotunda),jaro - 6,Plaza Rizal St - Iloilo-Capiz Rd/Lopez Jaena St,4500.0,1.3881,Old Iloilo - Capiz Rd (Rev),Proper - 1,mandurriao - 1,800.32,779.32,1260.13
Molo - 7,San Marcos St. - MH del Pilar St. 1 (Rotunda),jaro - 7,Plaza Rizal St - El 98 St,4500.0,1.462,Old Iloilo - Capiz Rd (Rev),Proper - 1,mandurriao - 1,784.47,755.67,1727.98
Molo - 7,San Marcos St. - MH del Pilar St. 1 (Rotunda),jaro - 9,Iloilo-Capiz Rd - Balabago Rd,3500.0,1.4288,Old Iloilo - Capiz Rd (Rev),Proper - 1,mandurriao - 1,913.8,866.66,2827.91
Molo - 7,San Marcos St. - MH del Pilar St. 1 (Rotunda),jaro - 10,Balabago Rd - Iloilo Circumferential Rd 1,4000.0,1.0855,Gen Luna St 1,Proper - 1,Proper - 7,906.48,899.02,447.59
Molo - 7,San Marcos St. - MH del Pilar St. 1 (Rotunda),jaro - 11,Iloilo Circumferential Rd 1 - Monfort Blvd,4000.0,1.0837,Gen Luna St 1,Proper - 1,Proper - 7,904.38,897.13,435.26
Molo - 7,San Marcos St. - MH del Pilar St. 1 (Rotunda),jaro - 12,Buhang Flyover,4000.0,1.0966,Gen Luna St 1,Proper - 1,Proper - 7,984.58,978.81,346.21
Molo - 7,San Marcos St. - MH del Pilar St. 1 (Rotunda),jaro - 12,Buhang Flyover,4000.0,1.0966,Old Iloilo - Capiz Rd (Rev),Proper - 1,mandurriao - 1,984.58,974.17,624.17
Molo - 7,San Marcos St. - MH del Pilar St. 1 (Rotunda),jaro - 14,Iloilo-Capiz Rd - Iloilo Circumferential Rd 1,4000.0,1.1192,Gen Luna St 1,Proper - 1,Proper - 7,1001.36,999.51,111.34
Molo - 7,San Marcos St. - MH del Pilar St. 1 (Rotunda),jaro - 14,Iloilo-Capiz Rd - Iloilo Circumferential Rd 1,4000.0,1.1192,Old Iloilo - Capiz Rd (Rev),Proper - 1,mandurriao - 1,1001.36,980.06,1278.11
Molo - 7,San Marcos St. - MH del Pilar St. 1 (Rotunda),jaro - 19,Monfort Blvd,4000.0,1.1115,Gen Luna St 1,Proper - 1,Proper - 7,882.5,864.91,1055.56
Molo - 7,San Marcos St. - MH del Pilar St. 1 (Rotunda),jaro - 20,Coastal Rd - Leganes,4000.0,1.053,Gen Luna St 1,Proper - 1,Proper - 7,1386.99,1379.73,435.26
Molo - 7,San Marcos St. - MH del Pilar St. 1 (Rotunda),jaro - 21,Iloilo R4 Rd - Leganes,4000.0,1.0723,Gen Luna St 1,Proper - 1,Proper - 7,1581.99,1580.14,111.34
Molo - 7,San Marcos St. - MH del Pilar St. 1 (Rotunda),jaro - 21,Iloilo R4 Rd - Leganes,4000.0,1.0723,Old Iloilo - Capiz Rd (Rev),Proper - 1,mandurriao - 1,1581.99,1560.69,1278.11
Molo - 7,San Marcos St. - MH del Pilar St. 1 (Rotunda),jaro - 22,Iloilo Radial By-Pass Rd 4 - Leganes,4000.0,1.0621,Gen Luna St 1,Proper - 1,Proper - 7,1745.91,1737.18,523.86
Molo - 7,San Marcos St. - MH del Pilar St. 1 (Rotunda),jaro - 22,Iloilo Radial By-Pass Rd 4 - Leganes,4000.0,1.0621,Old Iloilo - Capiz Rd (Rev),Proper - 1,mandurriao - 1,1745.91,1725.8,1206.7
Molo - 7,San Marcos St. - MH del Pilar St. 1 (Rotunda),jaro - 23,Iloilo Circumferential Rd 1 - Pavia,4000.0,1.0621,Gen Luna St 1,Proper - 1,Proper - 7,1745.91,1737.18,523.86
Molo - 7,San Marcos St. - MH del Pilar St. 1 (Rotunda),jaro - 23,Iloilo Circumferential Rd 1 - Pavia,4000.0,1.0621,Old Iloilo - Capiz Rd (Rev),Proper - 1,mandurriao - 1,1745.91,1725.8,1206.7
Molo - 7,San Marcos St. - MH del Pilar St. 1 (Rotunda),lapaz - 9,Baldoza St - Monfort Blvd,3500.0,1.1845,Bonifacio Drive,Proper - 7,lapaz - 10,644.61,641.8,168.6
Molo - 7,San Marcos St. - MH del Pilar St. 1 (Rotunda),lapaz - 9,Baldoza St - Monfort Blvd,3500.0,1.1845,Huervana St - Rizal St,lapaz - 1,lapaz - 2,644.61,641.8,168.6
Molo - 7,San Marcos St. - MH del Pilar St. 1 (Rotunda),lapaz - 9,Baldoza St - Monfort Blvd,3500.0,1.1845,Luna St - Esplanade 5 (Rev),lapaz - 10,lapaz - 1,644.61,641.8,168.6
Molo - 7,San Marcos St. - MH del Pilar St. 1 (Rotunda),lapaz - 10,Luna St - Taytay Forbes,4000.0,1.2705,Infante St 1,Proper - 1,Proper - 2,559.48,541.85,1057.73
Molo - 7,San Marcos St. - MH del Pilar St. 1 (Rotunda),lapaz - 10,Luna St - Taytay Forbes,4000.0,1.2705,Gen Luna St 1,Proper - 1,Proper - 7,559.48,549.92,573.78
Molo - 7,San Marcos St. - MH del Pilar St. 1 (Rotunda),lapaz - 10,Luna St - Taytay Forbes,4000.0,1.2705,Delgado St,Proper - 2,Proper - 10,559.48,558.22,75.57
Molo - 7,San Marcos St. - MH del Pilar St. 1 (Rotunda),lapuz - 4,Rizal St - New Iloilo Ferry Terminal Access Rd,5000.0,1.2063,Infante St 1,Proper - 1,Proper - 2,1067.21,1063.03,250.78
Molo - 7,San Marcos St. - MH del Pilar St. 1 (Rotunda),lapuz - 4,Rizal St - New Iloilo Ferry Terminal Access Rd,5000.0,1.2063,Gen Luna St 2,Proper - 7,Proper - 8,1067.21,1019.12,2885.25
Molo - 7,San Marcos St. - MH del Pilar St. 1 (Rotunda),lapuz - 5,New Iloilo Ferry Terminal Access Rd,5000.0,1.1791,Infante St 1,Proper - 1,Proper - 2,1201.5,1197.32,250.78
Molo - 7,San Marcos St. - MH del Pilar St. 1 (Rotunda),lapuz - 5,New Iloilo Ferry Terminal Access Rd,5000.0,1.1791,Gen Luna St 2,Proper - 7,Proper - 8,1201.5,1153.41,2885.25
Molo - 7,San Marcos St. - MH del Pilar St. 1 (Rotunda),lapuz - 6,Rizal St - Lapuz-Mansaya-Roboc Rd,4000.0,1.2907,Gen Luna St 2,Proper - 7,Proper - 8,821.55,755.06,3989.07
Molo - 7,San Marcos St. - MH del Pilar St. 1 (Rotunda),lapuz - 6,Rizal St - Lapuz-Mansaya-Roboc Rd,4000.0,1.2907,Gen Luna St 3,Proper - 8,Proper - 9,821.55,781.05,2429.84
Molo - 7,San Marcos St. - MH del Pilar St. 1 (Rotunda),lapuz - 7,Lapuz-Mansaya-Roboc Rd - Coastal Rd,3500.0,1.1155,Gen Luna St 2,Proper - 7,Proper - 8,624.42,600.76,1419.72
Molo - 8,San Marcos St. - MH del Pilar St. 1 (Rotunda),Proper - 5,Baluarte - Calumpang - Villa - Oton Blvd - Rizal St,6500.0,1.2982,Infante St 1,Proper - 1,Proper - 2,855.53,768.74,5207.35
Molo - 8,San Marcos St. - MH del Pilar St. 1 (Rotunda),Proper - 5,Baluarte - Calumpang - Villa - Oton Blvd - Rizal St,6500.0,1.2982,Infante St 2,Proper - 2,Proper - 3,855.53,833.52,1320.76
Molo - 8,San Marcos St. - MH del Pilar St. 1 (Rotunda),Proper - 5,Baluarte - Calumpang - Villa - Oton Blvd - Rizal St,6500.0,1.2982,Infante St 3,Proper - 3,Proper - 4,855.53,833.52,1320.76
Molo - 8,San Marcos St. - MH del Pilar St. 1 (Rotunda),Proper - 10,Delgado St - Ruperto Montinola St,3500.0,1.1379,Infante St 1,Proper - 1,Proper - 2,332.12,329.58,152.1
Molo - 8,San Marcos St. - MH del Pilar St. 1 (Rotunda),Proper - 12,Arroyo St - Muelle Loney St,3500.0,1.0767,Infante St 1,Proper - 1,Proper - 2,362.34,357.69,279.08
Molo - 8,San Marcos St. - MH del Pilar St. 1 (Rotunda),Proper - 12,Arroyo St - Muelle Loney St,3500.0,1.0767,Delgado St,Proper - 2,Proper - 10,362.34,357.79,273.17
Molo - 8,San Marcos St. - MH del Pilar St. 1 (Rotunda),Proper - 12,Arroyo St - Muelle Loney St,3500.0,1.0767,Ruperto Montinola St 2,Proper - 10,Proper - 11,362.34,357.79,273.17
Molo - 8,San Marcos St. - MH del Pilar St. 1 (Rotunda),Proper - 14,JM Basa St - Rizal St,3500.0,1.0819,Infante St 2,Proper - 2,Proper - 3,385.81,384.63,70.63
Molo - 8,San Marcos St. - MH del Pilar St. 1 (Rotunda),Proper - 14,JM Basa St - Rizal St,3500.0,1.0819,Infante St 3,Proper - 3,Proper - 4,385.81,384.63,70.63
Molo - 8,San Marcos St. - MH del Pilar St. 1 (Rotunda),Proper - 15,General Hughes St - Duran St,5000.0,1.1148,Infante St 2,Proper - 2,Proper - 3,817.93,798.53,1164.3
Molo - 8,San Marcos St. - MH del Pilar St. 1 (Rotunda),Proper - 15,General Hughes St - Duran St,5000.0,1.1148,Infante St 3,Proper - 3,Proper - 4,817.93,798.53,1164.3
Molo - 8,San Marcos St. - MH del Pilar St. 1 (Rotunda),Proper - 17,Dela Rama St - Blumentritt,5000.0,1.0732,JM Basa St 1,Proper - 11,Proper - 13,806.58,785.59,1259.88
Molo - 8,San Marcos St. - MH del Pilar St. 1 (Rotunda),Proper - 18,Muelle Loney St - Blumentritt Left,6500.0,1.132,JM Basa St 2 (Rev),Proper - 14,Proper - 13,1202.7,1201.8,53.81
Molo - 8,San Marcos St. - MH del Pilar St. 1 (Rotunda),Proper - 19,Muelle Loney St - Blumentritt Right,3500.0,1.1257,JM Basa St 1,Proper - 11,Proper - 13,518.1,510.59,450.57
Molo - 8,San Marcos St. - MH del Pilar St. 1 (Rotunda),Proper - 19,Muelle Loney St - Blumentritt Right,3500.0,1.1257,Blumentritt 1 (Rev),Proper - 18,Proper - 17,518.1,516.94,69.54
Molo - 8,San Marcos St. - MH del Pilar St. 1 (Rotunda),Proper - 20,De la Rama St,3500.0,1.033,Infante St 1,Proper - 1,Proper - 2,721.96,718.89,183.82
Molo - 8,San Marcos St. - MH del Pilar St. 1 (Rotunda),Proper - 20,De la Rama St,3500.0,1.033,Delgado St,Proper - 2,Proper - 10,721.96,716.05,354.15
Molo - 8,San Marcos St. - MH del Pilar St. 1 (Rotunda),Proper - 20,De la Rama St,3500.0,1.033,Ruperto Montinola St 2,Proper - 10,Proper - 11,721.96,714.69,436.17
Molo - 8,San Marcos St. - MH del Pilar St. 1 (Rotunda),Proper - 20,De la Rama St,3500.0,1.033,JM Basa St 1,Proper - 11,Proper - 13,721.96,710.14,709.02
Molo - 8,San Marcos St. - MH del Pilar St. 1 (Rotunda),Proper - 22,Fort San Pedro Dr - General Hughes St,3500.0,1.0466,Infante St 2,Proper - 2,Proper - 3,505.91,504.74,70.63
Molo - 8,San Marcos St. - MH del Pilar St. 1 (Rotunda),Proper - 22,Fort San Pedro Dr - General Hughes St,3500.0,1.0466,Infante St 3,Proper - 3,Proper - 4,505.91,504.74,70.63
Molo - 8,San Marcos St. - MH del Pilar St. 1 (Rotunda),jaro - 2,Commission Civil St - Burgos St,4000.0,1.1325,Gen Luna St 1,Proper - 1,Proper - 7,776.11,760.28,950.02
Molo - 8,San Marcos St. - MH del Pilar St. 1 (Rotunda),jaro - 4,Plaza Rizal St - E Lopez St,4500.0,1.4281,Old Iloilo - Capiz Rd (Rev),Proper - 1,mandurriao - 1,748.61,726.95,1299.39
Molo - 8,San Marcos St. - MH del Pilar St. 1 (Rotunda),jaro - 5,Plaza Rizal St - Commission Civil St,4500.0,1.4156,Old Iloilo - Capiz Rd (Rev),Proper - 1,mandurriao - 1,764.33,742.67,1299.39
Molo - 8,San Marcos St. - MH del Pilar St. 1 (Rotunda),jaro - 6,Plaza Rizal St - Iloilo-Capiz Rd/Lopez Jaena St,4500.0,1.3925,Old Iloilo - Capiz Rd (Rev),Proper - 1,mandurriao - 1,793.79,772.79,1260.13
Molo - 8,San Marcos St. - MH del Pilar St. 1 (Rotunda),jaro - 7,Plaza Rizal St - El 98 St,4500.0,1.4676,Old Iloilo - Capiz Rd (Rev),Proper - 1,mandurriao - 1,777.94,749.14,1727.98
Molo - 8,San Marcos St. - MH del Pilar St. 1 (Rotunda),jaro - 9,Iloilo-Capiz Rd - Balabago Rd,3500.0,1.4307,Old Iloilo - Capiz Rd (Rev),Proper - 1,mandurriao - 1,911.05,863.92,2827.91
Molo - 8,San Marcos St. - MH del Pilar St. 1 (Rotunda),jaro - 10,Balabago Rd - Iloilo Circumferential Rd 1,4000.0,1.086,Gen Luna St 1,Proper - 1,Proper - 7,902.26,894.8,447.59
Molo - 8,San Marcos St. - MH del Pilar St. 1 (Rotunda),jaro - 11,Iloilo Circumferential Rd 1 - Monfort Blvd,4000.0,1.0841,Gen Luna St 1,Proper - 1,Proper - 7,900.16,892.91,435.26
Molo - 8,San Marcos St. - MH del Pilar St. 1 (Rotunda),jaro - 12,Buhang Flyover,4000.0,1.0971,Gen Luna St 1,Proper - 1,Proper - 7,980.36,974.58,346.21
Molo - 8,San Marcos St. - MH del Pilar St. 1 (Rotunda),jaro - 12,Buhang Flyover,4000.0,1.0971,Old Iloilo - Capiz Rd (Rev),Proper - 1,mandurriao - 1,980.36,969.95,624.17
Molo - 8,San Marcos St. - MH del Pilar St. 1 (Rotunda),jaro - 13,Buhang Flyover,4000.0,1.108,Gen Luna St 1,Proper - 1,Proper - 7,1047.95,1039.22,523.86
Molo - 8,San Marcos St. - MH del Pilar St. 1 (Rotunda),jaro - 13,Buhang Flyover,4000.0,1.108,Old Iloilo - Capiz Rd (Rev),Proper - 1,mandurriao - 1,1047.95,1027.84,1206.7
Molo - 8,San Marcos St. - MH del Pilar St. 1 (Rotunda),jaro - 14,Iloilo-Capiz Rd - Iloilo Circumferential Rd 1,4000.0,1.1198,Gen Luna St 1,Proper - 1,Proper - 7,997.14,995.29,111.34
Molo - 8,San Marcos St. - MH del Pilar St. 1 (Rotunda),jaro - 14,Iloilo-Capiz Rd - Iloilo Circumferential Rd 1,4000.0,1.1198,Old Iloilo - Capiz Rd (Rev),Proper - 1,mandurriao - 1,997.14,975.84,1278.11
Molo - 8,San Marcos St. - MH del Pilar St. 1 (Rotunda),jaro - 19,Monfort Blvd,4000.0,1.1121,Gen Luna St 1,Proper - 1,Proper - 7,878.28,860.68,1055.56
Molo - 8,San Marcos St. - MH del Pilar St. 1 (Rotunda),jaro - 20,Coastal Rd - Leganes,4000.0,1.0532,Gen Luna St 1,Proper - 1,Proper - 7,1382.76,1375.51,435.26
Molo - 8,San Marcos St. - MH del Pilar St. 1 (Rotunda),jaro - 21,Iloilo R4 Rd - Leganes,4000.0,1.0725,Gen Luna St 1,Proper - 1,Proper - 7,1577.77,1575.92,111.34
Molo - 8,San Marcos St. - MH del Pilar St. 1 (Rotunda),jaro - 21,Iloilo R4 Rd - Leganes,4000.0,1.0725,Old Iloilo - Capiz Rd (Rev),Proper - 1,mandurriao - 1,1577.77,1556.47,1278.11
Molo - 8,San Marcos St. - MH del Pilar St. 1 (Rotunda),jaro - 22,Iloilo Radial By-Pass Rd 4 - Leganes,4000.0,1.0623,Gen Luna St 1,Proper - 1,Proper - 7,1741.69,1732.96,523.86
Molo - 8,San Marcos St. - MH del Pilar St. 1 (Rotunda),jaro - 22,Iloilo Radial By-Pass Rd 4 - Leganes,4000.0,1.0623,Old Iloilo - Capiz Rd (Rev),Proper - 1,mandurriao - 1,1741.69,1721.58,1206.7
Molo - 8,San Marcos St. - MH del Pilar St. 1 (Rotunda),jaro - 23,Iloilo Circumferential Rd 1 - Pavia,4000.0,1.0623,Gen Luna St 1,Proper - 1,Proper - 7,1741.69,1732.96,523.86
Molo - 8,San Marcos St. - MH del Pilar St. 1 (Rotunda),jaro - 23,Iloilo Circumferential Rd 1 - Pavia,4000.0,1.0623,Old Iloilo - Capiz Rd (Rev),Proper - 1,mandurriao - 1,1741.69,1721.58,1206.7
Molo - 8,San Marcos St. - MH del Pilar St. 1 (Rotunda),lapaz - 4,Huervana St - Burgos St,9000.0,1.1746,Infante St 1,Proper - 1,Proper - 2,2539.67,2520.71,1137.47
Molo - 8,San Marcos St. - MH del Pilar St. 1 (Rotunda),lapaz - 4,Huervana St - Burgos St,9000.0,1.1746,Old Iloilo - Capiz Rd (Rev),Proper - 1,mandurriao - 1,2539.67,2361.18,10709.57
Molo - 8,San Marcos St. - MH del Pilar St. 1 (Rotunda),lapaz - 4,Huervana St - Burgos St,9000.0,1.1746,Infante St 1 (Rev),Proper - 2,Proper - 1,2539.67,2370.98,10121.34
Molo - 8,San Marcos St. - MH del Pilar St. 1 (Rotunda),lapaz - 4,Huervana St - Burgos St,9000.0,1.1746,Gen Luna St 2 (Rev),Proper - 8,Proper - 7,2539.67,2510.48,1751.39
Molo - 8,San Marcos St. - MH del Pilar St. 1 (Rotunda),lapaz - 4,Huervana St - Burgos St,9000.0,1.1746,Ruperto Montinola St 2 (Rev),Proper - 11,Proper - 10,2539.67,2524.7,898.52
Molo - 8,San Marcos St. - MH del Pilar St. 1 (Rotunda),lapaz - 4,Huervana St - Burgos St,9000.0,1.1746,Rizal St - Huervana St (Rev),lapuz - 2,lapaz - 2,2539.67,2424.08,6935.31
Molo - 8,San Marcos St. - MH del Pilar St. 1 (Rotunda),lapaz - 9,Baldoza St - Monfort Blvd,3500.0,1.1855,Bonifacio Drive,Proper - 7,lapaz - 10,641.86,639.05,168.6
Molo - 8,San Marcos St. - MH del Pilar St. 1 (Rotunda),lapaz - 9,Baldoza St - Monfort Blvd,3500.0,1.1855,Huervana St - Rizal St,lapaz - 1,lapaz - 2,641.86,639.05,168.6
Molo - 8,San Marcos St. - MH del Pilar St. 1 (Rotunda),lapaz - 9,Baldoza St - Monfort Blvd,3500.0,1.1855,Luna St - Esplanade 5 (Rev),lapaz - 10,lapaz - 1,641.86,639.05,168.6
Molo - 8,San Marcos St. - MH del Pilar St. 1 (Rotunda),lapaz - 10,Luna St - Taytay Forbes,4000.0,1.2731,Infante St 1,Proper - 1,Proper - 2,555.26,537.63,1057.73
Molo - 8,San Marcos St. - MH del Pilar St. 1 (Rotunda),lapaz - 10,Luna St - Taytay Forbes,4000.0,1.2731,Gen Luna St 1,Proper - 1,Proper - 7,555.26,545.7,573.78
Molo - 8,San Marcos St. - MH del Pilar St. 1 (Rotunda),lapaz - 10,Luna St - Taytay Forbes,4000.0,1.2731,Delgado St,Proper - 2,Proper - 10,555.26,554.0,75.57
Molo - 8,San Marcos St. - MH del Pilar St. 1 (Rotunda),lapuz - 4,Rizal St - New Iloilo Ferry Terminal Access Rd,5500.0,1.2092,Infante St 1,Proper - 1,Proper - 2,1276.16,1257.11,1142.98
Molo - 8,San Marcos St. - MH del Pilar St. 1 (Rotunda),lapuz - 4,Rizal St - New Iloilo Ferry Terminal Access Rd,5500.0,1.2092,Gen Luna St 1,Proper - 1,Proper - 7,1276.16,1266.06,606.24
Molo - 8,San Marcos St. - MH del Pilar St. 1 (Rotunda),lapuz - 4,Rizal St - New Iloilo Ferry Terminal Access Rd,5500.0,1.2092,Gen Luna St 2,Proper - 7,Proper - 8,1276.16,1170.0,6369.79
Molo - 8,San Marcos St. - MH del Pilar St. 1 (Rotunda),lapuz - 5,New Iloilo Ferry Terminal Access Rd,5000.0,1.1809,Infante St 1,Proper - 1,Proper - 2,1191.49,1187.31,250.78
Molo - 8,San Marcos St. - MH del Pilar St. 1 (Rotunda),lapuz - 5,New Iloilo Ferry Terminal Access Rd,5000.0,1.1809,Gen Luna St 2,Proper - 7,Proper - 8,1191.49,1143.41,2885.25
Molo - 8,San Marcos St. - MH del Pilar St. 1 (Rotunda),lapuz - 6,Rizal St - Lapuz-Mansaya-Roboc Rd,4000.0,1.2927,Gen Luna St 2,Proper - 7,Proper - 8,817.33,750.84,3989.07
Molo - 8,San Marcos St. - MH del Pilar St. 1 (Rotunda),lapuz - 6,Rizal St - Lapuz-Mansaya-Roboc Rd,4000.0,1.2927,Gen Luna St 3,Proper - 8,Proper - 9,817.33,776.83,2429.84
Molo - 8,San Marcos St. - MH del Pilar St. 1 (Rotunda),lapuz - 7,Lapuz-Mansaya-Roboc Rd - Coastal Rd,3500.0,1.1161,Gen Luna St 2,Proper - 7,Proper - 8,621.68,598.02,1419.72
Molo - 9,M.H Del Pilar St. 2,Proper - 5,Baluarte - Calumpang - Villa - Oton Blvd - Rizal St,6500.0,1.2901,Infante St 1,Proper - 1,Proper - 2,774.03,708.71,3919.31
Molo - 9,M.H Del Pilar St. 2,Proper - 5,Baluarte - Calumpang - Villa - Oton Blvd - Rizal St,6500.0,1.2901,Infante St 2,Proper - 2,Proper - 3,774.03,771.61,145.45
Molo - 9,M.H Del Pilar St. 2,Proper - 5,Baluarte - Calumpang - Villa - Oton Blvd - Rizal St,6500.0,1.2901,Infante St 3,Proper - 3,Proper - 4,774.03,771.61,145.45
Molo - 9,M.H Del Pilar St. 2,Proper - 6,Ledesma St - Rizal St,5000.0,1.1456,Infante St 1,Proper - 1,Proper - 2,527.02,491.42,2135.73
Molo - 9,M.H Del Pilar St. 2,Proper - 6,Ledesma St - Rizal St,5000.0,1.1456,Infante St 2,Proper - 2,Proper - 3,527.02,496.11,1854.22
Molo - 9,M.H Del Pilar St. 2,Proper - 6,Ledesma St - Rizal St,5000.0,1.1456,Infante St 3,Proper - 3,Proper - 4,527.02,496.11,1854.22
Molo - 9,M.H Del Pilar St. 2,Proper - 10,Delgado St - Ruperto Montinola St,4500.0,1.1757,Infante St 1,Proper - 1,Proper - 2,419.08,413.72,321.8
Molo - 9,M.H Del Pilar St. 2,Proper - 14,JM Basa St - Rizal St,4000.0,1.0351,Infante St 2,Proper - 2,Proper - 3,422.63,418.43,252.52
Molo - 9,M.H Del Pilar St. 2,Proper - 14,JM Basa St - Rizal St,4000.0,1.0351,Infante St 3,Proper - 3,Proper - 4,422.63,418.43,252.52
Molo - 9,M.H Del Pilar St. 2,Proper - 15,General Hughes St - Duran St,5000.0,1.087,Infante St 2,Proper - 2,Proper - 3,779.7,752.64,1623.79
Molo - 9,M.H Del Pilar St. 2,Proper - 15,General Hughes St - Duran St,5000.0,1.087,Infante St 3,Proper - 3,Proper - 4,779.7,752.64,1623.79
Molo - 9,M.H Del Pilar St. 2,Proper - 17,Dela Rama St - Blumentritt,4000.0,1.1083,Delgado St,Proper - 2,Proper - 10,547.02,541.71,318.51
Molo - 9,M.H Del Pilar St. 2,Proper - 17,Dela Rama St - Blumentritt,4000.0,1.1083,Ruperto Montinola St 2,Proper - 10,Proper - 11,547.02,541.71,318.51
Molo - 9,M.H Del Pilar St. 2,Proper - 17,Dela Rama St - Blumentritt,4000.0,1.1083,JM Basa St 1,Proper - 11,Proper - 13,547.02,530.56,987.82
Molo - 9,M.H Del Pilar St. 2,Proper - 18,Muelle Loney St - Blumentritt Left,6500.0,1.1783,Arroyo St (Rev),Proper - 11,Proper - 12,1170.67,1166.25,265.2
Molo - 9,M.H Del Pilar St. 2,Proper - 18,Muelle Loney St - Blumentritt Left,6500.0,1.1783,JM Basa St 2 (Rev),Proper - 14,Proper - 13,1170.67,1167.81,171.78
Molo - 9,M.H Del Pilar St. 2,Proper - 19,Muelle Loney St - Blumentritt Right,4000.0,1.0869,JM Basa St 1,Proper - 11,Proper - 13,583.05,575.31,464.27
Molo - 9,M.H Del Pilar St. 2,Proper - 19,Muelle Loney St - Blumentritt Right,4000.0,1.0869,Blumentritt 1 (Rev),Proper - 18,Proper - 17,583.05,582.19,51.97
Molo - 9,M.H Del Pilar St. 2,Proper - 22,Fort San Pedro Dr - General Hughes St,4000.0,1.0394,Infante St 1,Proper - 1,Proper - 2,591.03,590.89,8.53
Molo - 9,M.H Del Pilar St. 2,Proper - 22,Fort San Pedro Dr - General Hughes St,4000.0,1.0394,Infante St 2,Proper - 2,Proper - 3,591.03,567.18,1431.26
Molo - 9,M.H Del Pilar St. 2,Proper - 22,Fort San Pedro Dr - General Hughes St,4000.0,1.0394,Infante St 3,Proper - 3,Proper - 4,591.03,567.18,1431.26
Molo - 9,M.H Del Pilar St. 2,Proper - 22,Fort San Pedro Dr - General Hughes St,4000.0,1.0394,Ruperto Montinola St 1,Proper - 8,Proper - 10,591.03,579.43,696.38
Molo - 9,M.H Del Pilar St. 2,jaro - 1,E Lopez St - Luna St,5000.0,1.1107,Infante St 1 (Rev),Proper - 2,Proper - 1,720.52,716.06,267.88
Molo - 9,M.H Del Pilar St. 2,jaro - 8,Iloilo-Capiz Rd - Lopez Jaena St,5500.0,1.2535,New Carpenter Bridge,Molo - 3,mandurriao - 6,1642.62,1641.92,42.05
Molo - 9,M.H Del Pilar St. 2,jaro - 8,Iloilo-Capiz Rd - Lopez Jaena St,5500.0,1.2535,Mandurriao - Jaro Rd (Rev),mandurriao - 2,mandurriao - 1,1642.62,1641.92,42.05
Molo - 9,M.H Del Pilar St. 2,jaro - 8,Iloilo-Capiz Rd - Lopez Jaena St,5500.0,1.2535,R Mapa St - Mandurriao - Jaro Rd,mandurriao - 4,mandurriao - 2,1642.62,1641.92,42.05
Molo - 9,M.H Del Pilar St. 2,jaro - 8,Iloilo-Capiz Rd - Lopez Jaena St,5500.0,1.2535,R Mapa St (Rev),mandurriao - 6,mandurriao - 4,1642.62,1641.92,42.05
Molo - 9,M.H Del Pilar St. 2,jaro - 16,Old Lopez Jaena St - Old Iloilo-Capiz Rd,8500.0,1.0746,Locsin St (Rev),Molo - 4,Molo - 3,2458.11,2454.77,200.23
Molo - 9,M.H Del Pilar St. 2,jaro - 16,Old Lopez Jaena St - Old Iloilo-Capiz Rd,8500.0,1.0746,El 98 St (Rev),mandurriao - 1,jaro - 7,2458.11,2381.79,4578.98
Molo - 9,M.H Del Pilar St. 2,jaro - 16,Old Lopez Jaena St - Old Iloilo-Capiz Rd,8500.0,1.0746,El 98 St - Plaza Rizal St - E Lopez St,jaro - 7,jaro - 4,2458.11,2381.79,4578.98
Molo - 9,M.H Del Pilar St. 2,jaro - 16,Old Lopez Jaena St - Old Iloilo-Capiz Rd,8500.0,1.0746,Luna St - Huervana St (Rev),lapaz - 1,lapaz - 3,2458.11,2443.68,865.63
Molo - 9,M.H Del Pilar St. 2,jaro - 17,Iloilo-Capiz Rd - Old Iloilo-Capiz Rd,8500.0,1.065,El 98 St (Rev),mandurriao - 1,jaro - 7,2380.53,2333.27,2835.79
Molo - 9,M.H Del Pilar St. 2,jaro - 17,Iloilo-Capiz Rd - Old Iloilo-Capiz Rd,8500.0,1.065,El 98 St - Plaza Rizal St - E Lopez St,jaro - 7,jaro - 4,2380.53,2333.27,2835.79
Molo - 9,M.H Del Pilar St. 2,lapaz - 4,Huervana St - Burgos St,8000.0,1.0568,Infante St 1,Proper - 1,Proper - 2,1903.76,1876.52,1634.27
Molo - 9,M.H Del Pilar St. 2,lapaz - 4,Huervana St - Burgos St,8000.0,1.0568,Infante St 1 (Rev),Proper - 2,Proper - 1,1903.76,1856.53,2833.62
Molo - 9,M.H Del Pilar St. 2,lapaz - 4,Huervana St - Burgos St,8000.0,1.0568,Gen Luna St 3,Proper - 8,Proper - 9,1903.76,1900.86,173.98
Molo - 9,M.H Del Pilar St. 2,lapaz - 4,Huervana St - Burgos St,8000.0,1.0568,Ruperto Montinola St 2 (Rev),Proper - 11,Proper - 10,1903.76,1901.62,128.29
Molo - 9,M.H Del Pilar St. 2,lapaz - 5,Huervana St - Jereos St,7500.0,1.0912,Infante St 1,Proper - 1,Proper - 2,1694.33,1683.43,653.93
Molo - 9,M.H Del Pilar St. 2,lapaz - 5,Huervana St - Jereos St,7500.0,1.0912,Old Iloilo - Capiz Rd (Rev),Proper - 1,mandurriao - 1,1694.33,1682.61,703.38
Molo - 9,M.H Del Pilar St. 2,lapaz - 5,Huervana St - Jereos St,7500.0,1.0912,Infante St 1 (Rev),Proper - 2,Proper - 1,1694.33,1661.6,1963.8
Molo - 9,M.H Del Pilar St. 2,lapaz - 5,Huervana St - Jereos St,7500.0,1.0912,Rizal St - Huervana St (Rev),lapuz - 2,lapaz - 2,1694.33,1687.15,430.8
Molo - 9,M.H Del Pilar St. 2,lapaz - 6,Jereos St - Huervana Ext,7500.0,1.0865,Infante St 1,Proper - 1,Proper - 2,1779.31,1768.42,653.93
Molo - 9,M.H Del Pilar St. 2,lapaz - 6,Jereos St - Huervana Ext,7500.0,1.0865,Old Iloilo - Capiz Rd (Rev),Proper - 1,mandurriao - 1,1779.31,1767.59,703.38
Molo - 9,M.H Del Pilar St. 2,lapaz - 6,Jereos St - Huervana Ext,7500.0,1.0865,Infante St 1 (Rev),Proper - 2,Proper - 1,1779.31,1746.58,1963.8
Molo - 9,M.H Del Pilar St. 2,lapaz - 6,Jereos St - Huervana Ext,7500.0,1.0865,Rizal St - Huervana St (Rev),lapuz - 2,lapaz - 2,1779.31,1772.13,430.8
Molo - 9,M.H Del Pilar St. 2,lapaz - 7,Huervana Ext - Burgos St,8000.0,1.071,M.H Del Pilar (Rev),Molo - 9,Molo - 4,2040.08,2013.52,1593.67
Molo - 9,M.H Del Pilar St. 2,lapaz - 7,Huervana Ext - Burgos St,8000.0,1.071,Infante St 1,Proper - 1,Proper - 2,2040.08,1998.34,2504.33
Molo - 9,M.H Del Pilar St. 2,lapaz - 7,Huervana Ext - Burgos St,8000.0,1.071,Old Iloilo - Capiz Rd (Rev),Proper - 1,mandurriao - 1,2040.08,1996.62,2607.28
Molo - 9,M.H Del Pilar St. 2,lapaz - 7,Huervana Ext - Burgos St,8000.0,1.071,Infante St 1 (Rev),Proper - 2,Proper - 1,2040.08,1991.01,2943.98
Molo - 9,M.H Del Pilar St. 2,lapaz - 7,Huervana Ext - Burgos St,8000.0,1.071,Gen Luna St 2 (Rev),Proper - 8,Proper - 7,2040.08,2035.91,250.29
Molo - 9,M.H Del Pilar St. 2,lapaz - 7,Huervana Ext - Burgos St,8000.0,1.071,Ruperto Montinola St 2 (Rev),Proper - 11,Proper - 10,2040.08,2027.6,748.96
Molo - 9,M.H Del Pilar St. 2,lapaz - 7,Huervana Ext - Burgos St,8000.0,1.071,Rizal St - Huervana St (Rev),lapuz - 2,lapaz - 2,2040.08,2000.03,2402.6
Molo - 9,M.H Del Pilar St. 2,lapaz - 10,Luna St - Taytay Forbes,4000.0,1.2248,Infante St 1,Proper - 1,Proper - 2,506.88,497.39,569.74
Molo - 9,M.H Del Pilar St. 2,lapuz - 2,Rizal St - Quirino-Lopez Bridge,5500.0,1.1157,Infante St 1,Proper - 1,Proper - 2,783.44,770.91,751.81
Molo - 9,M.H Del Pilar St. 2,lapuz - 2,Rizal St - Quirino-Lopez Bridge,5500.0,1.1157,Gen Luna St 2,Proper - 7,Proper - 8,783.44,675.58,6471.42
Molo - 9,M.H Del Pilar St. 2,lapuz - 4,Rizal St - New Iloilo Ferry Terminal Access Rd,5500.0,1.2463,Infante St 1,Proper - 1,Proper - 2,1246.47,1191.79,3280.72
Molo - 9,M.H Del Pilar St. 2,lapuz - 4,Rizal St - New Iloilo Ferry Terminal Access Rd,5500.0,1.2463,Gen Luna St 1,Proper - 1,Proper - 7,1246.47,1206.15,2419.0
Molo - 9,M.H Del Pilar St. 2,lapuz - 4,Rizal St - New Iloilo Ferry Terminal Access Rd,5500.0,1.2463,Delgado St,Proper - 2,Proper - 10,1246.47,1237.49,538.75
Molo - 9,M.H Del Pilar St. 2,lapuz - 4,Rizal St - New Iloilo Ferry Terminal Access Rd,5500.0,1.2463,Gen Luna St 2,Proper - 7,Proper - 8,1246.47,1134.13,6739.99
Molo - 9,M.H Del Pilar St. 2,lapuz - 4,Rizal St - New Iloilo Ferry Terminal Access Rd,5500.0,1.2463,Gen Luna St 2 (Rev),Proper - 8,Proper - 7,1246.47,1243.07,203.5
Molo - 9,M.H Del Pilar St. 2,lapuz - 4,Rizal St - New Iloilo Ferry Terminal Access Rd,5500.0,1.2463,Gen Luna St 3,Proper - 8,Proper - 9,1246.47,1242.86,216.35
Molo - 9,M.H Del Pilar St. 2,lapuz - 5,New Iloilo Ferry Terminal Access Rd,5500.0,1.2091,Infante St 1,Proper - 1,Proper - 2,1424.45,1369.77,3280.72
Molo - 9,M.H Del Pilar St. 2,lapuz - 5,New Iloilo Ferry Terminal Access Rd,5500.0,1.2091,Gen Luna St 1,Proper - 1,Proper - 7,1424.45,1384.14,2419.0
Molo - 9,M.H Del Pilar St. 2,lapuz - 5,New Iloilo Ferry Terminal Access Rd,5500.0,1.2091,Delgado St,Proper - 2,Proper - 10,1424.45,1415.47,538.75
Molo - 9,M.H Del Pilar St. 2,lapuz - 5,New Iloilo Ferry Terminal Access Rd,5500.0,1.2091,Gen Luna St 2,Proper - 7,Proper - 8,1424.45,1312.12,6739.99
Molo - 9,M.H Del Pilar St. 2,lapuz - 5,New Iloilo Ferry Terminal Access Rd,5500.0,1.2091,Gen Luna St 2 (Rev),Proper - 8,Proper - 7,1424.45,1421.06,203.5
Molo - 9,M.H Del Pilar St. 2,lapuz - 5,New Iloilo Ferry Terminal Access Rd,5500.0,1.2091,Gen Luna St 3,Proper - 8,Proper - 9,1424.45,1420.85,216.35
Molo - 9,M.H Del Pilar St. 2,lapuz - 6,Rizal St - Lapuz-Mansaya-Roboc Rd,4000.0,1.2646,Gen Luna St 2,Proper - 7,Proper - 8,770.26,719.18,3064.95
Molo - 9,M.H Del Pilar St. 2,lapuz - 6,Rizal St - Lapuz-Mansaya-Roboc Rd,4000.0,1.2646,Gen Luna St 3,Proper - 8,Proper - 9,770.26,740.65,1776.33
Molo - 9,M.H Del Pilar St. 2,lapuz - 7,Lapuz-Mansaya-Roboc Rd - Coastal Rd,4500.0,1.0666,Infante St 1,Proper - 1,Proper - 2,822.3,813.3,540.39
Molo - 9,M.H Del Pilar St. 2,lapuz - 7,Lapuz-Mansaya-Roboc Rd - Coastal Rd,4500.0,1.0666,Gen Luna St 2,Proper - 7,Proper - 8,822.3,796.17,1568.1
Molo - 10,M.H Del Pilar St. 2,Proper - 6,Ledesma St - Rizal St,5000.0,1.1396,Infante St 1,Proper - 1,Proper - 2,532.9,506.74,1569.29
Molo - 10,M.H Del Pilar St. 2,Proper - 6,Ledesma St - Rizal St,5000.0,1.1396,Infante St 2,Proper - 2,Proper - 3,532.9,500.7,1931.91
Molo - 10,M.H Del Pilar St. 2,Proper - 6,Ledesma St - Rizal St,5000.0,1.1396,Infante St 3,Proper - 3,Proper - 4,532.9,500.7,1931.91
Molo - 10,M.H Del Pilar St. 2,Proper - 10,Delgado St - Ruperto Montinola St,4500.0,1.1906,Infante St 1,Proper - 1,Proper - 2,427.83,426.47,81.86
Molo - 10,M.H Del Pilar St. 2,Proper - 14,JM Basa St - Rizal St,4000.0,1.0347,Infante St 2,Proper - 2,Proper - 3,429.72,427.53,131.79
Molo - 10,M.H Del Pilar St. 2,Proper - 14,JM Basa St - Rizal St,4000.0,1.0347,Infante St 3,Proper - 3,Proper - 4,429.72,427.53,131.79
Molo - 10,M.H Del Pilar St. 2,Proper - 15,General Hughes St - Duran St,5500.0,1.0399,Infante St 2,Proper - 2,Proper - 3,895.05,865.95,1746.12
Molo - 10,M.H Del Pilar St. 2,Proper - 15,General Hughes St - Duran St,5500.0,1.0399,Infante St 3,Proper - 3,Proper - 4,895.05,865.95,1746.12
Molo - 10,M.H Del Pilar St. 2,Proper - 15,General Hughes St - Duran St,5500.0,1.0399,Ruperto Montinola St 1,Proper - 8,Proper - 10,895.05,882.43,757.58
Molo - 10,M.H Del Pilar St. 2,Proper - 17,Dela Rama St - Blumentritt,4500.0,1.1085,JM Basa St 1,Proper - 11,Proper - 13,656.91,653.99,175.42
Molo - 10,M.H Del Pilar St. 2,Proper - 18,Muelle Loney St - Blumentritt Left,6500.0,1.1739,Arroyo St (Rev),Proper - 11,Proper - 12,1197.67,1195.1,153.77
Molo - 10,M.H Del Pilar St. 2,Proper - 18,Muelle Loney St - Blumentritt Left,6500.0,1.1739,JM Basa St 2 (Rev),Proper - 14,Proper - 13,1197.67,1197.11,33.48
Molo - 10,M.H Del Pilar St. 2,Proper - 19,Muelle Loney St - Blumentritt Right,4000.0,1.0791,JM Basa St 1,Proper - 11,Proper - 13,580.85,576.71,248.19
Molo - 10,M.H Del Pilar St. 2,Proper - 19,Muelle Loney St - Blumentritt Right,4000.0,1.0791,Blumentritt 1 (Rev),Proper - 18,Proper - 17,580.85,579.98,51.97
Molo - 10,M.H Del Pilar St. 2,Proper - 22,Fort San Pedro Dr - General Hughes St,4000.0,1.0423,Infante St 2,Proper - 2,Proper - 3,596.75,571.33,1525.43
Molo - 10,M.H Del Pilar St. 2,Proper - 22,Fort San Pedro Dr - General Hughes St,4000.0,1.0423,Infante St 3,Proper - 3,Proper - 4,596.75,571.33,1525.43
Molo - 10,M.H Del Pilar St. 2,Proper - 22,Fort San Pedro Dr - General Hughes St,4000.0,1.0423,Ruperto Montinola St 1,Proper - 8,Proper - 10,596.75,585.0,705.07
Molo - 10,M.H Del Pilar St. 2,jaro - 16,Old Lopez Jaena St - Old Iloilo-Capiz Rd,8500.0,1.0732,El 98 St (Rev),mandurriao - 1,jaro - 7,2543.24,2482.05,3671.27
Molo - 10,M.H Del Pilar St. 2,jaro - 16,Old Lopez Jaena St - Old Iloilo-Capiz Rd,8500.0,1.0732,El 98 St - Plaza Rizal St - E Lopez St,jaro - 7,jaro - 4,2543.24,2482.05,3671.27
Molo - 10,M.H Del Pilar St. 2,jaro - 17,Iloilo-Capiz Rd - Old Iloilo-Capiz Rd,8500.0,1.0861,El 98 St (Rev),mandurriao - 1,jaro - 7,2517.66,2434.56,4985.83
Molo - 10,M.H Del Pilar St. 2,jaro - 17,Iloilo-Capiz Rd - Old Iloilo-Capiz Rd,8500.0,1.0861,El 98 St - Plaza Rizal St - E Lopez St,jaro - 7,jaro - 4,2517.66,2434.56,4985.83
Molo - 10,M.H Del Pilar St. 2,lapaz - 1,Luna St - Huervana St,4500.0,1.1654,Infante St 1,Proper - 1,Proper - 2,595.24,591.51,223.84
Molo - 10,M.H Del Pilar St. 2,lapaz - 2,Rizal St - Luna St,4500.0,1.1429,Infante St 1,Proper - 1,Proper - 2,574.88,574.62,15.43
Molo - 10,M.H Del Pilar St. 2,lapaz - 3,Luna St - Luna St,4500.0,1.1514,Old Iloilo - Capiz Rd (Rev),Proper - 1,mandurriao - 1,596.36,592.25,247.0
Molo - 10,M.H Del Pilar St. 2,lapaz - 3,Luna St - Luna St,4500.0,1.1514,El 98 St (Rev),mandurriao - 1,jaro - 7,596.36,592.25,247.0
Molo - 10,M.H Del Pilar St. 2,lapaz - 3,Luna St - Luna St,4500.0,1.1514,Luna St (Rev),jaro - 1,lapaz - 3,596.36,592.25,247.0
Molo - 10,M.H Del Pilar St. 2,lapaz - 3,Luna St - Luna St,4500.0,1.1514,E Lopez St (Rev),jaro - 4,jaro - 1,596.36,592.25,247.0
Molo - 10,M.H Del Pilar St. 2,lapaz - 3,Luna St - Luna St,4500.0,1.1514,El 98 St - Plaza Rizal St - E Lopez St,jaro - 7,jaro - 4,596.36,592.25,247.0
Molo - 10,M.H Del Pilar St. 2,lapaz - 4,Huervana St - Burgos St,7000.0,1.1315,Infante St 1,Proper - 1,Proper - 2,1395.58,1381.27,858.57
Molo - 10,M.H Del Pilar St. 2,lapaz - 4,Huervana St - Burgos St,7000.0,1.1315,Infante St 1 (Rev),Proper - 2,Proper - 1,1395.58,1378.17,1044.75
Molo - 10,M.H Del Pilar St. 2,lapaz - 4,Huervana St - Burgos St,7000.0,1.1315,Delgado St,Proper - 2,Proper - 10,1395.58,1381.52,843.49
Molo - 10,M.H Del Pilar St. 2,lapaz - 5,Huervana St - Jereos St,6500.0,1.1429,Infante St 1,Proper - 1,Proper - 2,1244.16,1221.81,1340.77
Molo - 10,M.H Del Pilar St. 2,lapaz - 5,Huervana St - Jereos St,6500.0,1.1429,Infante St 1 (Rev),Proper - 2,Proper - 1,1244.16,1235.32,530.4
Molo - 10,M.H Del Pilar St. 2,lapaz - 5,Huervana St - Jereos St,6500.0,1.1429,Delgado St,Proper - 2,Proper - 10,1244.16,1238.63,331.3
Molo - 10,M.H Del Pilar St. 2,lapaz - 5,Huervana St - Jereos St,6500.0,1.1429,Gen Luna St 2 (Rev),Proper - 8,Proper - 7,1244.16,1238.13,361.58
Molo - 10,M.H Del Pilar St. 2,lapaz - 10,Luna St - Taytay Forbes,4000.0,1.2103,Infante St 1,Proper - 1,Proper - 2,504.68,502.93,105.06
Molo - 10,M.H Del Pilar St. 2,lapuz - 2,Rizal St - Quirino-Lopez Bridge,5500.0,1.1098,Infante St 1,Proper - 1,Proper - 2,796.79,777.33,1168.12
Molo - 10,M.H Del Pilar St. 2,lapuz - 2,Rizal St - Quirino-Lopez Bridge,5500.0,1.1098,Gen Luna St 2,Proper - 7,Proper - 8,796.79,688.33,6507.74
Molo - 10,M.H Del Pilar St. 2,lapuz - 4,Rizal St - New Iloilo Ferry Terminal Access Rd,5500.0,1.2445,Infante St 1,Proper - 1,Proper - 2,1260.16,1201.03,3547.52
Molo - 10,M.H Del Pilar St. 2,lapuz - 4,Rizal St - New Iloilo Ferry Terminal Access Rd,5500.0,1.2445,Gen Luna St 1,Proper - 1,Proper - 7,1260.16,1216.83,2599.47
Molo - 10,M.H Del Pilar St. 2,lapuz - 4,Rizal St - New Iloilo Ferry Terminal Access Rd,5500.0,1.2445,Delgado St,Proper - 2,Proper - 10,1260.16,1246.26,833.93
Molo - 10,M.H Del Pilar St. 2,lapuz - 4,Rizal St - New Iloilo Ferry Terminal Access Rd,5500.0,1.2445,Gen Luna St 2,Proper - 7,Proper - 8,1260.16,1146.49,6819.77
Molo - 10,M.H Del Pilar St. 2,lapuz - 4,Rizal St - New Iloilo Ferry Terminal Access Rd,5500.0,1.2445,Gen Luna St 2 (Rev),Proper - 8,Proper - 7,1260.16,1258.27,113.5
Molo - 10,M.H Del Pilar St. 2,lapuz - 4,Rizal St - New Iloilo Ferry Terminal Access Rd,5500.0,1.2445,Gen Luna St 3,Proper - 8,Proper - 9,1260.16,1248.54,696.78
Molo - 10,M.H Del Pilar St. 2,lapuz - 5,New Iloilo Ferry Terminal Access Rd,5500.0,1.2079,Infante St 1,Proper - 1,Proper - 2,1438.14,1379.02,3547.52
Molo - 10,M.H Del Pilar St. 2,lapuz - 5,New Iloilo Ferry Terminal Access Rd,5500.0,1.2079,Gen Luna St 1,Proper - 1,Proper - 7,1438.14,1394.82,2599.47
Molo - 10,M.H Del Pilar St. 2,lapuz - 5,New Iloilo Ferry Terminal Access Rd,5500.0,1.2079,Delgado St,Proper - 2,Proper - 10,1438.14,1424.24,833.93
Molo - 10,M.H Del Pilar St. 2,lapuz - 5,New Iloilo Ferry Terminal Access Rd,5500.0,1.2079,Gen Luna St 2,Proper - 7,Proper - 8,1438.14,1324.48,6819.77
Molo - 10,M.H Del Pilar St. 2,lapuz - 5,New Iloilo Ferry Terminal Access Rd,5500.0,1.2079,Gen Luna St 2 (Rev),Proper - 8,Proper - 7,1438.14,1436.17,118.13
Molo - 10,M.H Del Pilar St. 2,lapuz - 5,New Iloilo Ferry Terminal Access Rd,5500.0,1.2079,Gen Luna St 3,Proper - 8,Proper - 9,1438.14,1426.53,696.78
Molo - 10,M.H Del Pilar St. 2,lapuz - 6,Rizal St - Lapuz-Mansaya-Roboc Rd,4000.0,1.2549,Gen Luna St 2,Proper - 7,Proper - 8,768.05,716.97,3064.95
Molo - 10,M.H Del Pilar St. 2,lapuz - 6,Rizal St - Lapuz-Mansaya-Roboc Rd,4000.0,1.2549,Gen Luna St 3,Proper - 8,Proper - 9,768.05,738.45,1776.33
Molo - 10,M.H Del Pilar St. 2,lapuz - 7,Lapuz-Mansaya-Roboc Rd - Coastal Rd,4500.0,1.0559,Infante St 1,Proper - 1,Proper - 2,824.47,821.01,207.43
Molo - 10,M.H Del Pilar St. 2,lapuz - 7,Lapuz-Mansaya-Roboc Rd - Coastal Rd,4500.0,1.0559,Gen Luna St 2,Proper - 7,Proper - 8,824.47,800.17,1457.81
Proper - 1,Gen Luna St - Infante St,Proper - 9,Gen Luna St - Muelle Loney St,10000.0,1.171,Luna St - Esplanade 5,lapaz - 1,lapaz - 10,1195.81,1194.85,57.44
Proper - 1,Gen Luna St - Infante St,Proper - 9,Gen Luna St - Muelle Loney St,10000.0,1.171,Bonifacio Drive (Rev),lapaz - 10,Proper - 7,1195.81,1194.85,57.44
Proper - 1,Gen Luna St - Infante St,Proper - 10,Delgado St - Ruperto Montinola St,9000.0,1.1506,Infante St 2,Proper - 2,Proper - 3,1024.81,1011.44,802.1
Proper - 1,Gen Luna St - Infante St,Proper - 10,Delgado St - Ruperto Montinola St,9000.0,1.1506,Infante St 3,Proper - 3,Proper - 4,1024.81,1011.44,802.1
Proper - 1,Gen Luna St - Infante St,Proper - 12,Arroyo St - Muelle Loney St,7500.0,1.1392,Ruperto Montinola St 1 (Rev),Proper - 10,Proper - 8,971.41,956.07,920.26
Proper - 1,Gen Luna St - Infante St,Proper - 12,Arroyo St - Muelle Loney St,7500.0,1.1392,Ruperto Montinola St 2 (Rev),Proper - 11,Proper - 10,971.41,913.2,3492.28
Proper - 1,Gen Luna St - Infante St,Proper - 13,JM Basa St - De la Rama St,3000.0,1.0643,Delgado St,Proper - 2,Proper - 10,232.22,230.24,119.11
Proper - 1,Gen Luna St - Infante St,Proper - 14,JM Basa St - Rizal St,3000.0,1.0148,Delgado St,Proper - 2,Proper - 10,226.07,225.92,9.13
Proper - 1,Gen Luna St - Infante St,Proper - 17,Dela Rama St - Blumentritt,5500.0,1.1417,Ledesma St,Proper - 6,Proper - 11,727.77,722.41,321.12
Proper - 1,Gen Luna St - Infante St,Proper - 17,Dela Rama St - Blumentritt,5500.0,1.1417,Arroyo St (Rev),Proper - 11,Proper - 12,727.77,718.87,533.99
Proper - 1,Gen Luna St - Infante St,Proper - 17,Dela Rama St - Blumentritt,5500.0,1.1417,Muelle Loney St 3,Proper - 18,Proper - 19,727.77,721.68,365.38
Proper - 1,Gen Luna St - Infante St,Proper - 18,Muelle Loney St - Blumentritt Left,6000.0,1.1134,JM Basa St 1,Proper - 11,Proper - 13,824.48,810.1,863.03
Proper - 1,Gen Luna St - Infante St,Proper - 18,Muelle Loney St - Blumentritt Left,6000.0,1.1134,Arroyo St,Proper - 12,Proper - 11,824.48,817.5,418.82
Proper - 1,Gen Luna St - Infante St,Proper - 21,Fort San Pedro Dr - Muelle Loney St,1500.0,1.0101,Arroyo St (Rev),Proper - 11,Proper - 12,158.0,157.26,44.33
Proper - 1,Gen Luna St - Infante St,Proper - 21,Fort San Pedro Dr - Muelle Loney St,1500.0,1.0101,Dela Rama St 1,Proper - 13,Proper - 17,158.0,157.79,12.63
Proper - 1,Gen Luna St - Infante St,lapaz - 4,Huervana St - Burgos St,8500.0,1.2605,Rizal St - Huervana St (Rev),lapuz - 2,lapaz - 2,1697.38,1609.02,5301.58
Proper - 1,Gen Luna St - Infante St,lapaz - 7,Huervana Ext - Burgos St,8000.0,1.0928,Rizal St - Huervana St (Rev),lapuz - 2,lapaz - 2,1603.66,1558.81,2690.61
Proper - 1,Gen Luna St - Infante St,lapaz - 9,Baldoza St - Monfort Blvd,3000.0,1.1658,Bonifacio Drive,Proper - 7,lapaz - 10,423.17,411.62,692.73
Proper - 1,Gen Luna St - Infante St,lapaz - 9,Baldoza St - Monfort Blvd,3000.0,1.1658,Huervana St - Rizal St,lapaz - 1,lapaz - 2,423.17,411.62,692.73
Proper - 1,Gen Luna St - Infante St,lapaz - 9,Baldoza St - Monfort Blvd,3000.0,1.1658,Huervana St - Burgos St,lapaz - 2,lapaz - 4,423.17,406.9,976.07
Proper - 1,Gen Luna St - Infante St,lapaz - 9,Baldoza St - Monfort Blvd,3000.0,1.1658,Luna St - Esplanade 5 (Rev),lapaz - 10,lapaz - 1,423.17,411.62,692.73
Proper - 1,Gen Luna St - Infante St,lapuz - 4,Rizal St - New Iloilo Ferry Terminal Access Rd,5500.0,1.2595,Gen Luna St 2,Proper - 7,Proper - 8,1037.5,945.8,5502.4
Proper - 1,Gen Luna St - Infante St,lapuz - 4,Rizal St - New Iloilo Ferry Terminal Access Rd,5500.0,1.2595,Bonifacio Drive,Proper - 7,lapaz - 10,1037.5,1029.05,507.12
Proper - 1,Gen Luna St - Infante St,lapuz - 4,Rizal St - New Iloilo Ferry Terminal Access Rd,5500.0,1.2595,Gen Luna St 2 (Rev),Proper - 8,Proper - 7,1037.5,1023.86,818.5
Proper - 1,Gen Luna St - Infante St,lapuz - 4,Rizal St - New Iloilo Ferry Terminal Access Rd,5500.0,1.2595,Gen Luna St 3,Proper - 8,Proper - 9,1037.5,1031.32,370.94
Proper - 1,Gen Luna St - Infante St,lapuz - 4,Rizal St - New Iloilo Ferry Terminal Access Rd,5500.0,1.2595,Huervana St - Rizal St,lapaz - 1,lapaz - 2,1037.5,1029.05,507.12
Proper - 1,Gen Luna St - Infante St,lapuz - 4,Rizal St - New Iloilo Ferry Terminal Access Rd,5500.0,1.2595,Huervana St - Burgos St,lapaz - 2,lapaz - 4,1037.5,1029.05,507.12
Proper - 1,Gen Luna St - Infante St,lapuz - 4,Rizal St - New Iloilo Ferry Terminal Access Rd,5500.0,1.2595,Luna St - Esplanade 5 (Rev),lapaz - 10,lapaz - 1,1037.5,1029.05,507.12
Proper - 1,Gen Luna St - Infante St,lapuz - 5,New Iloilo Ferry Terminal Access Rd,5500.0,1.2134,Gen Luna St 2,Proper - 7,Proper - 8,1215.49,1123.78,5502.4
Proper - 1,Gen Luna St - Infante St,lapuz - 5,New Iloilo Ferry Terminal Access Rd,5500.0,1.2134,Bonifacio Drive,Proper - 7,lapaz - 10,1215.49,1207.04,507.12
Proper - 1,Gen Luna St - Infante St,lapuz - 5,New Iloilo Ferry Terminal Access Rd,5500.0,1.2134,Gen Luna St 2 (Rev),Proper - 8,Proper - 7,1215.49,1201.85,818.5
Proper - 1,Gen Luna St - Infante St,lapuz - 5,New Iloilo Ferry Terminal Access Rd,5500.0,1.2134,Gen Luna St 3,Proper - 8,Proper - 9,1215.49,1209.31,370.94
Proper - 1,Gen Luna St - Infante St,lapuz - 5,New Iloilo Ferry Terminal Access Rd,5500.0,1.2134,Ruperto Montinola St 1 (Rev),Proper - 10,Proper - 8,1215.49,1214.41,64.99
Proper - 1,Gen Luna St - Infante St,lapuz - 5,New Iloilo Ferry Terminal Access Rd,5500.0,1.2134,Huervana St - Rizal St,lapaz - 1,lapaz - 2,1215.49,1207.04,507.12
Proper - 1,Gen Luna St - Infante St,lapuz - 5,New Iloilo Ferry Terminal Access Rd,5500.0,1.2134,Huervana St - Burgos St,lapaz - 2,lapaz - 4,1215.49,1207.04,507.12
Proper - 1,Gen Luna St - Infante St,lapuz - 5,New Iloilo Ferry Terminal Access Rd,5500.0,1.2134,Luna St - Esplanade 5 (Rev),lapaz - 10,lapaz - 1,1215.49,1207.04,507.12
Proper - 1,Gen Luna St - Infante St,lapuz - 6,Rizal St - Lapuz-Mansaya-Roboc Rd,4000.0,1.2533,Gen Luna St 2,Proper - 7,Proper - 8,636.09,585.01,3064.95
Proper - 1,Gen Luna St - Infante St,lapuz - 6,Rizal St - Lapuz-Mansaya-Roboc Rd,4000.0,1.2533,Gen Luna St 3,Proper - 8,Proper - 9,636.09,606.98,1746.8
Proper - 1,Gen Luna St - Infante St,lapuz - 7,Lapuz-Mansaya-Roboc Rd - Coastal Rd,3000.0,1.0709,Gen Luna St 2,Proper - 7,Proper - 8,402.73,377.52,1512.8
Proper - 2,Delgado St - Infante St,Proper - 7,Gen Luna St - Bonifacio Dr,6500.0,1.1202,Ruperto Montinola St 2 (Rev),Proper - 11,Proper - 10,491.67,491.32,21.0
Proper - 2,Delgado St - Infante St,Proper - 12,Arroyo St - Muelle Loney St,2500.0,1.1505,Ruperto Montinola St 2,Proper - 10,Proper - 11,163.76,161.16,155.59
Proper - 2,Delgado St - Infante St,Proper - 13,JM Basa St - De la Rama St,7000.0,1.1525,Ledesma St,Proper - 6,Proper - 11,748.74,744.05,281.47
Proper - 2,Delgado St - Infante St,Proper - 14,JM Basa St - Rizal St,7500.0,1.1089,Ledesma St,Proper - 6,Proper - 11,881.72,881.32,23.72
Proper - 2,Delgado St - Infante St,Proper - 18,Muelle Loney St - Blumentritt Left,6500.0,1.1537,Arroyo St (Rev),Proper - 11,Proper - 12,874.35,868.09,375.54
Proper - 2,Delgado St - Infante St,Proper - 19,Muelle Loney St - Blumentritt Right,2500.0,1.0709,Blumentritt 1 (Rev),Proper - 18,Proper - 17,248.69,245.2,209.19
Proper - 2,Delgado St - Infante St,Proper - 21,Fort San Pedro Dr - Muelle Loney St,5500.0,1.0273,Arroyo St (Rev),Proper - 11,Proper - 12,693.38,681.63,704.96
Proper - 2,Delgado St - Infante St,Proper - 22,Fort San Pedro Dr - General Hughes St,4000.0,1.145,JM Basa St 1,Proper - 11,Proper - 13,460.37,457.44,175.66
Proper - 2,Delgado St - Infante St,Proper - 22,Fort San Pedro Dr - General Hughes St,4000.0,1.145,JM Basa St 2,Proper - 13,Proper - 14,460.37,450.42,597.01
Proper - 2,Delgado St - Infante St,mandurriao - 6,R Mapa St - Donato Pison Ave,2500.0,1.2845,Rotunda,Molo - 7,Molo - 8,276.49,276.47,1.23
Proper - 2,Delgado St - Infante St,mandurriao - 6,R Mapa St - Donato Pison Ave,2500.0,1.2845,San Marcos St,Molo - 8,Molo - 3,276.49,276.47,1.23
Proper - 2,Delgado St - Infante St,mandurriao - 6,R Mapa St - Donato Pison Ave,2500.0,1.2845,Gen Luna - Molo Connect,Proper - 1,Molo - 7,276.49,276.47,1.23
Proper - 2,Delgado St - Infante St,mandurriao - 7,Tabucan Mandurriao,4000.0,1.0442,Rotunda,Molo - 7,Molo - 8,1011.59,1011.35,14.19
Proper - 2,Delgado St - Infante St,mandurriao - 7,Tabucan Mandurriao,4000.0,1.0442,San Marcos St,Molo - 8,Molo - 3,1011.59,1011.35,14.19
Proper - 2,Delgado St - Infante St,mandurriao - 7,Tabucan Mandurriao,4000.0,1.0442,Gen Luna - Molo Connect,Proper - 1,Molo - 7,1011.59,1011.35,14.19
Proper - 2,Delgado St - Infante St,jaro - 8,Iloilo-Capiz Rd - Lopez Jaena St,5000.0,1.216,New Carpenter Bridge,Molo - 3,mandurriao - 6,1279.06,1252.8,1575.08
Proper - 2,Delgado St - Infante St,jaro - 8,Iloilo-Capiz Rd - Lopez Jaena St,5000.0,1.216,Locsin St (Rev),Molo - 4,Molo - 3,1279.06,1252.8,1575.08
Proper - 2,Delgado St - Infante St,jaro - 8,Iloilo-Capiz Rd - Lopez Jaena St,5000.0,1.216,Locsin St (Rev),Molo - 5,Molo - 4,1279.06,1252.8,1575.08
Proper - 2,Delgado St - Infante St,jaro - 8,Iloilo-Capiz Rd - Lopez Jaena St,5000.0,1.216,Timawa St (Rev),Proper - 2,Molo - 5,1279.06,1252.8,1575.08
Proper - 2,Delgado St - Infante St,jaro - 8,Iloilo-Capiz Rd - Lopez Jaena St,5000.0,1.216,Mandurriao - Jaro Rd (Rev),mandurriao - 2,mandurriao - 1,1279.06,1252.8,1575.08
Proper - 2,Delgado St - Infante St,jaro - 8,Iloilo-Capiz Rd - Lopez Jaena St,5000.0,1.216,R Mapa St - Mandurriao - Jaro Rd,mandurriao - 4,mandurriao - 2,1279.06,1252.8,1575.08
Proper - 2,Delgado St - Infante St,jaro - 8,Iloilo-Capiz Rd - Lopez Jaena St,5000.0,1.216,R Mapa St (Rev),mandurriao - 6,mandurriao - 4,1279.06,1252.8,1575.08
Proper - 2,Delgado St - Infante St,jaro - 19,Monfort Blvd,3000.0,1.0424,Gen Luna St 1,Proper - 1,Proper - 7,492.78,491.58,72.04
Proper - 2,Delgado St - Infante St,jaro - 19,Monfort Blvd,3000.0,1.0424,Bonifacio Drive,Proper - 7,lapaz - 10,492.78,492.35,25.63
Proper - 2,Delgado St - Infante St,jaro - 19,Monfort Blvd,3000.0,1.0424,Huervana St - Rizal St,lapaz - 1,lapaz - 2,492.78,492.35,25.63
Proper - 2,Delgado St - Infante St,jaro - 19,Monfort Blvd,3000.0,1.0424,Luna St - Esplanade 5 (Rev),lapaz - 10,lapaz - 1,492.78,492.35,25.63
Proper - 2,Delgado St - Infante St,lapaz - 4,Huervana St - Burgos St,8000.0,1.2152,M.H Del Pilar,Molo - 4,Molo - 9,1531.81,1377.61,9251.98
Proper - 2,Delgado St - Infante St,lapaz - 4,Huervana St - Burgos St,8000.0,1.2152,Locsin St (Rev),Molo - 5,Molo - 4,1531.81,1377.61,9251.98
Proper - 2,Delgado St - Infante St,lapaz - 4,Huervana St - Burgos St,8000.0,1.2152,M.H Del Pilar,Molo - 9,Molo - 10,1531.81,1377.61,9251.98
Proper - 2,Delgado St - Infante St,lapaz - 4,Huervana St - Burgos St,8000.0,1.2152,Molo - Proper Connect,Molo - 10,Proper - 1,1531.81,1377.61,9251.98
Proper - 2,Delgado St - Infante St,lapaz - 5,Huervana St - Jereos St,8000.0,1.1027,Gen Luna St 3 (Rev),Proper - 9,Proper - 8,1405.8,1397.97,470.11
Proper - 2,Delgado St - Infante St,lapaz - 9,Baldoza St - Monfort Blvd,3000.0,1.0723,Gen Luna St 2 (Rev),Proper - 8,Proper - 7,397.63,396.49,68.21
Proper - 2,Delgado St - Infante St,lapaz - 10,Luna St - Taytay Forbes,4500.0,1.1105,Gen Luna St 2 (Rev),Proper - 8,Proper - 7,425.17,412.78,743.43
Proper - 2,Delgado St - Infante St,lapuz - 2,Rizal St - Quirino-Lopez Bridge,5500.0,1.273,Gen Luna St 2,Proper - 7,Proper - 8,569.55,488.62,4855.96
Proper - 2,Delgado St - Infante St,lapuz - 4,Rizal St - New Iloilo Ferry Terminal Access Rd,5500.0,1.2176,Gen Luna St 2,Proper - 7,Proper - 8,1017.76,939.77,4679.68
Proper - 2,Delgado St - Infante St,lapuz - 5,New Iloilo Ferry Terminal Access Rd,5500.0,1.1794,Gen Luna St 2,Proper - 7,Proper - 8,1195.75,1115.98,4786.3
Proper - 2,Delgado St - Infante St,lapuz - 6,Rizal St - Lapuz-Mansaya-Roboc Rd,4000.0,1.213,Gen Luna St 2,Proper - 7,Proper - 8,620.94,611.61,559.84
Proper - 3,Rizal St - Infante St,Molo - 3,Locsin St - San Marcos St.,2500.0,1.0273,Timawa St (Rev),Proper - 2,Molo - 5,115.7,115.48,13.51
Proper - 3,Rizal St - Infante St,Proper - 17,Dela Rama St - Blumentritt,5000.0,1.1056,Arroyo St (Rev),Proper - 11,Proper - 12,590.78,586.74,242.27
Proper - 3,Rizal St - Infante St,Proper - 17,Dela Rama St - Blumentritt,5000.0,1.1056,JM Basa St 2 (Rev),Proper - 14,Proper - 13,590.78,586.61,250.27
Proper - 3,Rizal St - Infante St,Proper - 18,Muelle Loney St - Blumentritt Left,6000.0,1.1592,Arroyo St (Rev),Proper - 11,Proper - 12,783.84,779.4,266.26
Proper - 3,Rizal St - Infante St,Proper - 18,Muelle Loney St - Blumentritt Left,6000.0,1.1592,JM Basa St 2 (Rev),Proper - 14,Proper - 13,783.84,782.44,84.01
Proper - 3,Rizal St - Infante St,Proper - 19,Muelle Loney St - Blumentritt Right,4000.0,1.0864,JM Basa St 2 (Rev),Proper - 14,Proper - 13,440.77,439.72,62.99
Proper - 3,Rizal St - Infante St,Proper - 19,Muelle Loney St - Blumentritt Right,4000.0,1.0864,Blumentritt 1 (Rev),Proper - 18,Proper - 17,440.77,437.29,208.65
Proper - 3,Rizal St - Infante St,mandurriao - 6,R Mapa St - Donato Pison Ave,2500.0,1.2492,Timawa St (Rev),Proper - 2,Molo - 5,291.33,290.92,24.7
Proper - 3,Rizal St - Infante St,jaro - 8,Iloilo-Capiz Rd - Lopez Jaena St,5000.0,1.218,New Carpenter Bridge,Molo - 3,mandurriao - 6,1332.68,1332.17,30.3
Proper - 3,Rizal St - Infante St,jaro - 8,Iloilo-Capiz Rd - Lopez Jaena St,5000.0,1.218,Locsin St (Rev),Molo - 4,Molo - 3,1332.68,1332.17,30.3
Proper - 3,Rizal St - Infante St,jaro - 8,Iloilo-Capiz Rd - Lopez Jaena St,5000.0,1.218,Locsin St (Rev),Molo - 5,Molo - 4,1332.68,1332.17,30.3
Proper - 3,Rizal St - Infante St,jaro - 8,Iloilo-Capiz Rd - Lopez Jaena St,5000.0,1.218,Locsin St (Rev),Molo - 6,Molo - 5,1332.68,1324.39,497.23
Proper - 3,Rizal St - Infante St,jaro - 8,Iloilo-Capiz Rd - Lopez Jaena St,5000.0,1.218,Infante St 1 (Rev),Proper - 2,Proper - 1,1332.68,1331.02,99.31
Proper - 3,Rizal St - Infante St,jaro - 8,Iloilo-Capiz Rd - Lopez Jaena St,5000.0,1.218,Molo Blvd 2 (Rev),Proper - 4,Molo - 6,1332.68,1324.39,497.23
Proper - 3,Rizal St - Infante St,jaro - 8,Iloilo-Capiz Rd - Lopez Jaena St,5000.0,1.218,El 98 St (Rev),mandurriao - 1,jaro - 7,1332.68,1331.42,75.36
Proper - 3,Rizal St - Infante St,jaro - 8,Iloilo-Capiz Rd - Lopez Jaena St,5000.0,1.218,Mandurriao - Jaro Rd (Rev),mandurriao - 2,mandurriao - 1,1332.68,1332.17,30.3
Proper - 3,Rizal St - Infante St,jaro - 8,Iloilo-Capiz Rd - Lopez Jaena St,5000.0,1.218,R Mapa St - Mandurriao - Jaro Rd,mandurriao - 4,mandurriao - 2,1332.68,1332.17,30.3
Proper - 3,Rizal St - Infante St,jaro - 8,Iloilo-Capiz Rd - Lopez Jaena St,5000.0,1.218,R Mapa St (Rev),mandurriao - 6,mandurriao - 4,1332.68,1332.17,30.3
Proper - 3,Rizal St - Infante St,jaro - 8,Iloilo-Capiz Rd - Lopez Jaena St,5000.0,1.218,E Lopez St,jaro - 1,jaro - 4,1332.68,1319.13,812.86
Proper - 3,Rizal St - Infante St,jaro - 8,Iloilo-Capiz Rd - Lopez Jaena St,5000.0,1.218,El 98 St - Plaza Rizal St - E Lopez St,jaro - 7,jaro - 4,1332.68,1331.42,75.36
Proper - 3,Rizal St - Infante St,jaro - 8,Iloilo-Capiz Rd - Lopez Jaena St,5000.0,1.218,Luna St - Huervana St (Rev),lapaz - 1,lapaz - 3,1332.68,1319.13,812.86
Proper - 3,Rizal St - Infante St,jaro - 8,Iloilo-Capiz Rd - Lopez Jaena St,5000.0,1.218,Luna St,lapaz - 3,jaro - 1,1332.68,1319.13,812.86
Proper - 3,Rizal St - Infante St,jaro - 9,Iloilo-Capiz Rd - Balabago Rd,3500.0,1.454,Infante St 1 (Rev),Proper - 2,Proper - 1,838.94,834.07,291.87
Proper - 3,Rizal St - Infante St,jaro - 19,Monfort Blvd,3000.0,1.0402,Gen Luna St 1,Proper - 1,Proper - 7,518.98,511.21,466.04
Proper - 3,Rizal St - Infante St,jaro - 19,Monfort Blvd,3000.0,1.0402,Delgado St,Proper - 2,Proper - 10,518.98,515.57,204.63
Proper - 3,Rizal St - Infante St,jaro - 19,Monfort Blvd,3000.0,1.0402,Bonifacio Drive,Proper - 7,lapaz - 10,518.98,517.02,117.16
Proper - 3,Rizal St - Infante St,jaro - 19,Monfort Blvd,3000.0,1.0402,Huervana St - Rizal St,lapaz - 1,lapaz - 2,518.98,517.02,117.16
Proper - 3,Rizal St - Infante St,jaro - 19,Monfort Blvd,3000.0,1.0402,Luna St - Esplanade 5 (Rev),lapaz - 10,lapaz - 1,518.98,517.02,117.16
Proper - 3,Rizal St - Infante St,jaro - 21,Iloilo R4 Rd - Leganes,3000.0,1.0633,Delgado St,Proper - 2,Proper - 10,833.71,832.89,49.66
Proper - 3,Rizal St - Infante St,lapaz - 4,Huervana St - Burgos St,8000.0,1.1774,M.H Del Pilar,Molo - 4,Molo - 9,1625.66,1523.11,6152.98
Proper - 3,Rizal St - Infante St,lapaz - 4,Huervana St - Burgos St,8000.0,1.1774,Locsin St (Rev),Molo - 5,Molo - 4,1625.66,1523.11,6152.98
Proper - 3,Rizal St - Infante St,lapaz - 4,Huervana St - Burgos St,8000.0,1.1774,Locsin St (Rev),Molo - 6,Molo - 5,1625.66,1523.11,6152.98
Proper - 3,Rizal St - Infante St,lapaz - 4,Huervana St - Burgos St,8000.0,1.1774,M.H Del Pilar,Molo - 9,Molo - 10,1625.66,1523.11,6152.98
Proper - 3,Rizal St - Infante St,lapaz - 4,Huervana St - Burgos St,8000.0,1.1774,Molo - Proper Connect,Molo - 10,Proper - 1,1625.66,1523.11,6152.98
Proper - 3,Rizal St - Infante St,lapaz - 4,Huervana St - Burgos St,8000.0,1.1774,Molo Blvd 2 (Rev),Proper - 4,Molo - 6,1625.66,1523.11,6152.98
Proper - 3,Rizal St - Infante St,lapaz - 5,Huervana St - Jereos St,8500.0,1.1262,Ruperto Montinola St 2,Proper - 10,Proper - 11,1789.17,1773.37,947.95
Proper - 3,Rizal St - Infante St,lapaz - 7,Huervana Ext - Burgos St,3000.0,1.0282,Gen Luna St 1,Proper - 1,Proper - 7,327.98,326.98,60.38
Proper - 3,Rizal St - Infante St,lapaz - 7,Huervana Ext - Burgos St,3000.0,1.0282,Delgado St,Proper - 2,Proper - 10,327.98,327.3,40.71
Proper - 3,Rizal St - Infante St,lapaz - 8,Lopez Jaena St - Baldoza St,4500.0,1.0959,Gen Luna St 1,Proper - 1,Proper - 7,714.95,713.97,58.89
Proper - 3,Rizal St - Infante St,lapaz - 8,Lopez Jaena St - Baldoza St,4500.0,1.0959,Delgado St,Proper - 2,Proper - 10,714.95,713.92,61.63
Proper - 3,Rizal St - Infante St,lapaz - 9,Baldoza St - Monfort Blvd,3000.0,1.0781,Gen Luna St 2 (Rev),Proper - 8,Proper - 7,423.83,422.69,68.21
Proper - 3,Rizal St - Infante St,lapuz - 2,Rizal St - Quirino-Lopez Bridge,5500.0,1.1003,Gen Luna St 2,Proper - 7,Proper - 8,560.66,536.75,1434.54
Proper - 3,Rizal St - Infante St,lapuz - 5,New Iloilo Ferry Terminal Access Rd,5500.0,1.0785,Gen Luna St 2,Proper - 7,Proper - 8,1211.62,1175.4,2173.16
Proper - 3,Rizal St - Infante St,lapuz - 5,New Iloilo Ferry Terminal Access Rd,5500.0,1.0785,Gen Luna St 2 (Rev),Proper - 8,Proper - 7,1211.62,1207.81,228.88
Proper - 3,Rizal St - Infante St,lapuz - 5,New Iloilo Ferry Terminal Access Rd,5500.0,1.0785,Gen Luna St 3 (Rev),Proper - 9,Proper - 8,1211.62,1207.81,228.88
Proper - 3,Rizal St - Infante St,lapuz - 6,Rizal St - Lapuz-Mansaya-Roboc Rd,4000.0,1.1388,Gen Luna St 2,Proper - 7,Proper - 8,643.9,643.39,30.82
Proper - 3,Rizal St - Infante St,lapuz - 7,Lapuz-Mansaya-Roboc Rd - Coastal Rd,2500.0,1.031,Gen Luna St 2,Proper - 7,Proper - 8,334.31,332.49,108.97
Proper - 3,Rizal St - Infante St,lapuz - 7,Lapuz-Mansaya-Roboc Rd - Coastal Rd,2500.0,1.031,Gen Luna St 3,Proper - 8,Proper - 9,334.31,333.88,25.96
Proper - 4,Baluarte - Calumpang - Villa - Oton Blvd - Infante St,Proper - 7,Gen Luna St - Bonifacio Dr,6000.0,1.1906,Infante St 1 (Rev),Proper - 2,Proper - 1,674.84,621.92,3175.32
Proper - 4,Baluarte - Calumpang - Villa - Oton Blvd - Infante St,Proper - 7,Gen Luna St - Bonifacio Dr,6000.0,1.1906,Ruperto Montinola St 2 (Rev),Proper - 11,Proper - 10,674.84,657.19,1058.84
Proper - 4,Baluarte - Calumpang - Villa - Oton Blvd - Infante St,Proper - 8,Gen Luna St - Ruperto Montinola St,6000.0,1.1947,Infante St 1 (Rev),Proper - 2,Proper - 1,652.55,627.1,1527.31
Proper - 4,Baluarte - Calumpang - Villa - Oton Blvd - Infante St,Proper - 8,Gen Luna St - Ruperto Montinola St,6000.0,1.1947,Ruperto Montinola St 2 (Rev),Proper - 11,Proper - 10,652.55,634.77,1067.21
Proper - 4,Baluarte - Calumpang - Villa - Oton Blvd - Infante St,Proper - 9,Gen Luna St - Muelle Loney St,6000.0,1.1898,Infante St 1 (Rev),Proper - 2,Proper - 1,655.95,644.85,665.95
Proper - 4,Baluarte - Calumpang - Villa - Oton Blvd - Infante St,Proper - 9,Gen Luna St - Muelle Loney St,6000.0,1.1898,Ruperto Montinola St 2 (Rev),Proper - 11,Proper - 10,655.95,642.14,828.27
Proper - 4,Baluarte - Calumpang - Villa - Oton Blvd - Infante St,Proper - 10,Delgado St - Ruperto Montinola St,6000.0,1.3434,Infante St 2 (Rev),Proper - 3,Proper - 2,652.57,613.9,2320.12
Proper - 4,Baluarte - Calumpang - Villa - Oton Blvd - Infante St,Proper - 10,Delgado St - Ruperto Montinola St,6000.0,1.3434,Rizal St 1,Proper - 5,Proper - 3,652.57,613.9,2320.12
Proper - 4,Baluarte - Calumpang - Villa - Oton Blvd - Infante St,Proper - 11,Ledesma St - Ruperto Montinola St,7000.0,1.2595,Infante St 1 (Rev),Proper - 2,Proper - 1,840.55,839.42,67.83
Proper - 4,Baluarte - Calumpang - Villa - Oton Blvd - Infante St,Proper - 11,Ledesma St - Ruperto Montinola St,7000.0,1.2595,Infante St 2 (Rev),Proper - 3,Proper - 2,840.55,782.86,3461.53
Proper - 4,Baluarte - Calumpang - Villa - Oton Blvd - Infante St,Proper - 11,Ledesma St - Ruperto Montinola St,7000.0,1.2595,Rizal St 1,Proper - 5,Proper - 3,840.55,782.86,3461.53
Proper - 4,Baluarte - Calumpang - Villa - Oton Blvd - Infante St,Proper - 17,Dela Rama St - Blumentritt,6000.0,1.1812,Arroyo St (Rev),Proper - 11,Proper - 12,994.41,973.47,1256.75
Proper - 4,Baluarte - Calumpang - Villa - Oton Blvd - Infante St,Proper - 17,Dela Rama St - Blumentritt,6000.0,1.1812,JM Basa St 2 (Rev),Proper - 14,Proper - 13,994.41,979.54,892.55
Proper - 4,Baluarte - Calumpang - Villa - Oton Blvd - Infante St,Proper - 18,Muelle Loney St - Blumentritt Left,6000.0,1.1568,Ledesma St,Proper - 6,Proper - 11,979.38,958.22,1269.54
Proper - 4,Baluarte - Calumpang - Villa - Oton Blvd - Infante St,Proper - 18,Muelle Loney St - Blumentritt Left,6000.0,1.1568,Ruperto Montinola St 1 (Rev),Proper - 10,Proper - 8,979.38,978.93,26.79
Proper - 4,Baluarte - Calumpang - Villa - Oton Blvd - Infante St,Proper - 18,Muelle Loney St - Blumentritt Left,6000.0,1.1568,JM Basa St 2 (Rev),Proper - 14,Proper - 13,979.38,941.13,2295.15
Proper - 4,Baluarte - Calumpang - Villa - Oton Blvd - Infante St,Proper - 18,Muelle Loney St - Blumentritt Left,6000.0,1.1568,Blumentritt 2 (Rev),Proper - 19,Proper - 17,979.38,965.35,841.71
Proper - 4,Baluarte - Calumpang - Villa - Oton Blvd - Infante St,Proper - 19,Muelle Loney St - Blumentritt Right,6000.0,1.1525,Blumentritt 1 (Rev),Proper - 18,Proper - 17,977.63,974.65,178.64
Proper - 4,Baluarte - Calumpang - Villa - Oton Blvd - Infante St,Proper - 21,Fort San Pedro Dr - Muelle Loney St,6000.0,1.1142,Blumentritt 1 (Rev),Proper - 18,Proper - 17,1016.36,1014.28,125.29
Proper - 4,Baluarte - Calumpang - Villa - Oton Blvd - Infante St,jaro - 1,E Lopez St - Luna St,6000.0,1.14,Infante St 1 (Rev),Proper - 2,Proper - 1,966.06,902.81,3795.02
Proper - 4,Baluarte - Calumpang - Villa - Oton Blvd - Infante St,jaro - 1,E Lopez St - Luna St,6000.0,1.14,Infante St 2 (Rev),Proper - 3,Proper - 2,966.06,951.11,897.41
Proper - 4,Baluarte - Calumpang - Villa - Oton Blvd - Infante St,jaro - 1,E Lopez St - Luna St,6000.0,1.14,Rizal St 1,Proper - 5,Proper - 3,966.06,951.11,897.41
Proper - 4,Baluarte - Calumpang - Villa - Oton Blvd - Infante St,jaro - 1,E Lopez St - Luna St,6000.0,1.14,Gen Luna St 2 (Rev),Proper - 8,Proper - 7,966.06,933.08,1978.96
Proper - 4,Baluarte - Calumpang - Villa - Oton Blvd - Infante St,jaro - 1,E Lopez St - Luna St,6000.0,1.14,Gen Luna St 3,Proper - 8,Proper - 9,966.06,966.01,2.98
Proper - 4,Baluarte - Calumpang - Villa - Oton Blvd - Infante St,jaro - 1,E Lopez St - Luna St,6000.0,1.14,Ruperto Montinola St 1 (Rev),Proper - 10,Proper - 8,966.06,959.84,373.29
Proper - 4,Baluarte - Calumpang - Villa - Oton Blvd - Infante St,jaro - 1,E Lopez St - Luna St,6000.0,1.14,Ruperto Montinola St 2 (Rev),Proper - 11,Proper - 10,966.06,954.22,710.85
Proper - 4,Baluarte - Calumpang - Villa - Oton Blvd - Infante St,jaro - 4,Plaza Rizal St - E Lopez St,4000.0,1.2485,Infante St 1 (Rev),Proper - 2,Proper - 1,515.12,504.51,636.19
Proper - 4,Baluarte - Calumpang - Villa - Oton Blvd - Infante St,jaro - 4,Plaza Rizal St - E Lopez St,4000.0,1.2485,Infante St 2 (Rev),Proper - 3,Proper - 2,515.12,497.88,1034.23
Proper - 4,Baluarte - Calumpang - Villa - Oton Blvd - Infante St,jaro - 4,Plaza Rizal St - E Lopez St,4000.0,1.2485,Rizal St 1,Proper - 5,Proper - 3,515.12,497.88,1034.23
Proper - 4,Baluarte - Calumpang - Villa - Oton Blvd - Infante St,jaro - 5,Plaza Rizal St - Commission Civil St,4000.0,1.2408,Infante St 1 (Rev),Proper - 2,Proper - 1,528.35,517.74,636.19
Proper - 4,Baluarte - Calumpang - Villa - Oton Blvd - Infante St,jaro - 5,Plaza Rizal St - Commission Civil St,4000.0,1.2408,Infante St 2 (Rev),Proper - 3,Proper - 2,528.35,511.11,1034.23
Proper - 4,Baluarte - Calumpang - Villa - Oton Blvd - Infante St,jaro - 5,Plaza Rizal St - Commission Civil St,4000.0,1.2408,Rizal St 1,Proper - 5,Proper - 3,528.35,511.11,1034.23
Proper - 4,Baluarte - Calumpang - Villa - Oton Blvd - Infante St,jaro - 6,Plaza Rizal St - Iloilo-Capiz Rd/Lopez Jaena St,4000.0,1.2273,Infante St 1 (Rev),Proper - 2,Proper - 1,553.7,543.1,636.19
Proper - 4,Baluarte - Calumpang - Villa - Oton Blvd - Infante St,jaro - 6,Plaza Rizal St - Iloilo-Capiz Rd/Lopez Jaena St,4000.0,1.2273,Infante St 2 (Rev),Proper - 3,Proper - 2,553.7,536.47,1034.23
Proper - 4,Baluarte - Calumpang - Villa - Oton Blvd - Infante St,jaro - 6,Plaza Rizal St - Iloilo-Capiz Rd/Lopez Jaena St,4000.0,1.2273,Rizal St 1,Proper - 5,Proper - 3,553.7,536.47,1034.23
Proper - 4,Baluarte - Calumpang - Villa - Oton Blvd - Infante St,jaro - 7,Plaza Rizal St - El 98 St,4500.0,1.1939,Infante St 1 (Rev),Proper - 2,Proper - 1,657.48,630.67,1608.47
Proper - 4,Baluarte - Calumpang - Villa - Oton Blvd - Infante St,jaro - 7,Plaza Rizal St - El 98 St,4500.0,1.1939,Infante St 2 (Rev),Proper - 3,Proper - 2,657.48,618.91,2314.26
Proper - 4,Baluarte - Calumpang - Villa - Oton Blvd - Infante St,jaro - 7,Plaza Rizal St - El 98 St,4500.0,1.1939,Rizal St 1,Proper - 5,Proper - 3,657.48,618.91,2314.26
Proper - 4,Baluarte - Calumpang - Villa - Oton Blvd - Infante St,jaro - 8,Iloilo-Capiz Rd - Lopez Jaena St,5000.0,1.2221,New Carpenter Bridge,Molo - 3,mandurriao - 6,1361.6,1350.99,636.66
Proper - 4,Baluarte - Calumpang - Villa - Oton Blvd - Infante St,jaro - 8,Iloilo-Capiz Rd - Lopez Jaena St,5000.0,1.2221,Locsin St (Rev),Molo - 4,Molo - 3,1361.6,1350.99,636.66
Proper - 4,Baluarte - Calumpang - Villa - Oton Blvd - Infante St,jaro - 8,Iloilo-Capiz Rd - Lopez Jaena St,5000.0,1.2221,Infante St 1 (Rev),Proper - 2,Proper - 1,1361.6,1352.23,562.4
Proper - 4,Baluarte - Calumpang - Villa - Oton Blvd - Infante St,jaro - 8,Iloilo-Capiz Rd - Lopez Jaena St,5000.0,1.2221,Infante St 2 (Rev),Proper - 3,Proper - 2,1361.6,1353.31,497.07
Proper - 4,Baluarte - Calumpang - Villa - Oton Blvd - Infante St,jaro - 8,Iloilo-Capiz Rd - Lopez Jaena St,5000.0,1.2221,Rizal St 1,Proper - 5,Proper - 3,1361.6,1353.31,497.07
Proper - 4,Baluarte - Calumpang - Villa - Oton Blvd - Infante St,jaro - 8,Iloilo-Capiz Rd - Lopez Jaena St,5000.0,1.2221,Mandurriao - Jaro Rd (Rev),mandurriao - 2,mandurriao - 1,1361.6,1350.99,636.66
Proper - 4,Baluarte - Calumpang - Villa - Oton Blvd - Infante St,jaro - 8,Iloilo-Capiz Rd - Lopez Jaena St,5000.0,1.2221,R Mapa St - Mandurriao - Jaro Rd,mandurriao - 4,mandurriao - 2,1361.6,1350.99,636.66
Proper - 4,Baluarte - Calumpang - Villa - Oton Blvd - Infante St,jaro - 8,Iloilo-Capiz Rd - Lopez Jaena St,5000.0,1.2221,R Mapa St (Rev),mandurriao - 6,mandurriao - 4,1361.6,1350.99,636.66
Proper - 4,Baluarte - Calumpang - Villa - Oton Blvd - Infante St,jaro - 8,Iloilo-Capiz Rd - Lopez Jaena St,5000.0,1.2221,E Lopez St,jaro - 1,jaro - 4,1361.6,1352.46,548.45
Proper - 4,Baluarte - Calumpang - Villa - Oton Blvd - Infante St,jaro - 8,Iloilo-Capiz Rd - Lopez Jaena St,5000.0,1.2221,Luna St,lapaz - 3,jaro - 1,1361.6,1352.46,548.45
Proper - 4,Baluarte - Calumpang - Villa - Oton Blvd - Infante St,jaro - 9,Iloilo-Capiz Rd - Balabago Rd,3500.0,1.3812,Infante St 1 (Rev),Proper - 2,Proper - 1,837.58,825.55,722.04
Proper - 4,Baluarte - Calumpang - Villa - Oton Blvd - Infante St,jaro - 9,Iloilo-Capiz Rd - Balabago Rd,3500.0,1.3812,Infante St 2 (Rev),Proper - 3,Proper - 2,837.58,824.76,769.29
Proper - 4,Baluarte - Calumpang - Villa - Oton Blvd - Infante St,jaro - 9,Iloilo-Capiz Rd - Balabago Rd,3500.0,1.3812,Rizal St 1,Proper - 5,Proper - 3,837.58,824.76,769.29
Proper - 4,Baluarte - Calumpang - Villa - Oton Blvd - Infante St,jaro - 19,Monfort Blvd,3000.0,1.0799,Gen Luna St 2 (Rev),Proper - 8,Proper - 7,540.22,535.79,265.71
Proper - 4,Baluarte - Calumpang - Villa - Oton Blvd - Infante St,lapaz - 1,Luna St - Huervana St,6000.0,1.1892,Infante St 1 (Rev),Proper - 2,Proper - 1,890.08,841.92,2889.78
Proper - 4,Baluarte - Calumpang - Villa - Oton Blvd - Infante St,lapaz - 1,Luna St - Huervana St,6000.0,1.1892,Gen Luna St 2,Proper - 7,Proper - 8,890.08,889.78,17.69
Proper - 4,Baluarte - Calumpang - Villa - Oton Blvd - Infante St,lapaz - 1,Luna St - Huervana St,6000.0,1.1892,Ruperto Montinola St 2 (Rev),Proper - 11,Proper - 10,890.08,864.25,1549.64
Proper - 4,Baluarte - Calumpang - Villa - Oton Blvd - Infante St,lapaz - 2,Rizal St - Luna St,6000.0,1.1749,Infante St 1 (Rev),Proper - 2,Proper - 1,856.56,820.61,2156.96
Proper - 4,Baluarte - Calumpang - Villa - Oton Blvd - Infante St,lapaz - 2,Rizal St - Luna St,6000.0,1.1749,Gen Luna St 2,Proper - 7,Proper - 8,856.56,851.77,287.82
Proper - 4,Baluarte - Calumpang - Villa - Oton Blvd - Infante St,lapaz - 2,Rizal St - Luna St,6000.0,1.1749,Gen Luna St 3 (Rev),Proper - 9,Proper - 8,856.56,854.84,103.28
Proper - 4,Baluarte - Calumpang - Villa - Oton Blvd - Infante St,lapaz - 2,Rizal St - Luna St,6000.0,1.1749,Ruperto Montinola St 2 (Rev),Proper - 11,Proper - 10,856.56,842.24,859.61
Proper - 4,Baluarte - Calumpang - Villa - Oton Blvd - Infante St,lapaz - 3,Luna St - Luna St,6000.0,1.2023,Infante St 1 (Rev),Proper - 2,Proper - 1,875.38,839.45,2156.13
Proper - 4,Baluarte - Calumpang - Villa - Oton Blvd - Infante St,lapaz - 3,Luna St - Luna St,6000.0,1.2023,Gen Luna St 2,Proper - 7,Proper - 8,875.38,869.34,362.43
Proper - 4,Baluarte - Calumpang - Villa - Oton Blvd - Infante St,lapaz - 3,Luna St - Luna St,6000.0,1.2023,Ruperto Montinola St 2 (Rev),Proper - 11,Proper - 10,875.38,866.51,532.46
Proper - 4,Baluarte - Calumpang - Villa - Oton Blvd - Infante St,lapaz - 4,Huervana St - Burgos St,8000.0,1.2038,Gen Luna St 2,Proper - 7,Proper - 8,1869.94,1865.33,276.69
Proper - 4,Baluarte - Calumpang - Villa - Oton Blvd - Infante St,lapaz - 4,Huervana St - Burgos St,8000.0,1.2038,Ruperto Montinola St 2 (Rev),Proper - 11,Proper - 10,1869.94,1860.68,556.08
Proper - 4,Baluarte - Calumpang - Villa - Oton Blvd - Infante St,lapaz - 5,Huervana St - Jereos St,8000.0,1.1519,Ruperto Montinola St 2 (Rev),Proper - 11,Proper - 10,1819.55,1803.52,961.63
Proper - 4,Baluarte - Calumpang - Villa - Oton Blvd - Infante St,lapaz - 5,Huervana St - Jereos St,8000.0,1.1519,Rizal St - Huervana St (Rev),lapuz - 2,lapaz - 2,1819.55,1806.47,784.53
Proper - 4,Baluarte - Calumpang - Villa - Oton Blvd - Infante St,lapaz - 6,Jereos St - Huervana Ext,8000.0,1.1423,Ruperto Montinola St 2 (Rev),Proper - 11,Proper - 10,1925.12,1909.09,961.63
Proper - 4,Baluarte - Calumpang - Villa - Oton Blvd - Infante St,lapaz - 6,Jereos St - Huervana Ext,8000.0,1.1423,Rizal St - Huervana St (Rev),lapuz - 2,lapaz - 2,1925.12,1912.04,784.53
Proper - 4,Baluarte - Calumpang - Villa - Oton Blvd - Infante St,lapaz - 7,Huervana Ext - Burgos St,5500.0,1.0984,Infante St 1 (Rev),Proper - 2,Proper - 1,920.51,889.61,1853.99
Proper - 4,Baluarte - Calumpang - Villa - Oton Blvd - Infante St,lapaz - 7,Huervana Ext - Burgos St,5500.0,1.0984,Gen Luna St 2,Proper - 7,Proper - 8,920.51,912.09,504.69
Proper - 4,Baluarte - Calumpang - Villa - Oton Blvd - Infante St,lapaz - 7,Huervana Ext - Burgos St,5500.0,1.0984,Ruperto Montinola St 1 (Rev),Proper - 10,Proper - 8,920.51,902.91,1055.96
Proper - 4,Baluarte - Calumpang - Villa - Oton Blvd - Infante St,lapaz - 7,Huervana Ext - Burgos St,5500.0,1.0984,Ruperto Montinola St 2 (Rev),Proper - 11,Proper - 10,920.51,888.28,1933.31
Proper - 4,Baluarte - Calumpang - Villa - Oton Blvd - Infante St,lapaz - 8,Lopez Jaena St - Baldoza St,5500.0,1.1596,Gen Luna St 2,Proper - 7,Proper - 8,1097.62,1095.94,100.84
Proper - 4,Baluarte - Calumpang - Villa - Oton Blvd - Infante St,lapaz - 8,Lopez Jaena St - Baldoza St,5500.0,1.1596,Rizal St - Huervana St (Rev),lapuz - 2,lapaz - 2,1097.62,1091.25,382.14
Proper - 4,Baluarte - Calumpang - Villa - Oton Blvd - Infante St,lapaz - 9,Baldoza St - Monfort Blvd,6000.0,1.1401,Infante St 1 (Rev),Proper - 2,Proper - 1,1288.7,1248.58,2407.62
Proper - 4,Baluarte - Calumpang - Villa - Oton Blvd - Infante St,lapaz - 9,Baldoza St - Monfort Blvd,6000.0,1.1401,Gen Luna St 2,Proper - 7,Proper - 8,1288.7,1284.44,255.89
Proper - 4,Baluarte - Calumpang - Villa - Oton Blvd - Infante St,lapaz - 9,Baldoza St - Monfort Blvd,6000.0,1.1401,Ruperto Montinola St 2 (Rev),Proper - 11,Proper - 10,1288.7,1268.29,1224.93
Proper - 4,Baluarte - Calumpang - Villa - Oton Blvd - Infante St,lapaz - 9,Baldoza St - Monfort Blvd,6000.0,1.1401,Rizal St - Huervana St (Rev),lapuz - 2,lapaz - 2,1288.7,1285.71,179.84
Proper - 4,Baluarte - Calumpang - Villa - Oton Blvd - Infante St,lapaz - 10,Luna St - Taytay Forbes,6000.0,1.1705,Infante St 1 (Rev),Proper - 2,Proper - 1,893.18,845.35,2869.33
Proper - 4,Baluarte - Calumpang - Villa - Oton Blvd - Infante St,lapaz - 10,Luna St - Taytay Forbes,6000.0,1.1705,Gen Luna St 2,Proper - 7,Proper - 8,893.18,891.47,102.11
Proper - 4,Baluarte - Calumpang - Villa - Oton Blvd - Infante St,lapaz - 10,Luna St - Taytay Forbes,6000.0,1.1705,Ruperto Montinola St 2 (Rev),Proper - 11,Proper - 10,893.18,859.33,2031.04
Proper - 4,Baluarte - Calumpang - Villa - Oton Blvd - Infante St,lapuz - 2,Rizal St - Quirino-Lopez Bridge,6000.0,1.2611,Infante St 1 (Rev),Proper - 2,Proper - 1,862.61,857.55,303.56
Proper - 4,Baluarte - Calumpang - Villa - Oton Blvd - Infante St,lapuz - 2,Rizal St - Quirino-Lopez Bridge,6000.0,1.2611,Gen Luna St 2,Proper - 7,Proper - 8,862.61,861.67,56.27
Proper - 4,Baluarte - Calumpang - Villa - Oton Blvd - Infante St,lapuz - 6,Rizal St - Lapuz-Mansaya-Roboc Rd,4000.0,1.2132,Gen Luna St 2,Proper - 7,Proper - 8,699.14,687.55,695.18
Proper - 4,Baluarte - Calumpang - Villa - Oton Blvd - Infante St,lapuz - 6,Rizal St - Lapuz-Mansaya-Roboc Rd,4000.0,1.2132,Ruperto Montinola St 2 (Rev),Proper - 11,Proper - 10,699.14,698.62,31.29
Proper - 4,Baluarte - Calumpang - Villa - Oton Blvd - Infante St,lapuz - 7,Lapuz-Mansaya-Roboc Rd - Coastal Rd,2500.0,1.0796,Gen Luna St 3,Proper - 8,Proper - 9,356.92,354.83,125.38
Proper - 4,Baluarte - Calumpang - Villa - Oton Blvd - Infante St,lapuz - 7,Lapuz-Mansaya-Roboc Rd - Coastal Rd,2500.0,1.0796,Ruperto Montinola St 1 (Rev),Proper - 10,Proper - 8,356.92,355.87,62.99
Proper - 4,Baluarte - Calumpang - Villa - Oton Blvd - Infante St,lapuz - 7,Lapuz-Mansaya-Roboc Rd - Coastal Rd,2500.0,1.0796,Ruperto Montinola St 2 (Rev),Proper - 11,Proper - 10,356.92,354.99,115.93
Proper - 5,Baluarte - Calumpang - Villa - Oton Blvd - Rizal St,Molo - 3,Locsin St - San Marcos St.,6000.0,1.0428,Delgado St (Rev),Proper - 10,Proper - 2,593.56,592.08,88.86
Proper - 5,Baluarte - Calumpang - Villa - Oton Blvd - Rizal St,Molo - 5,Locsin St. - Timawa St.,8500.0,1.0759,Infante St 2,Proper - 2,Proper - 3,1118.81,1109.51,557.67
Proper - 5,Baluarte - Calumpang - Villa - Oton Blvd - Rizal St,Proper - 8,Gen Luna St - Ruperto Montinola St,2500.0,1.1121,Ruperto Montinola St 2 (Rev),Proper - 11,Proper - 10,150.94,149.31,97.95
Proper - 5,Baluarte - Calumpang - Villa - Oton Blvd - Rizal St,Proper - 9,Gen Luna St - Muelle Loney St,2500.0,1.1083,Ruperto Montinola St 2 (Rev),Proper - 11,Proper - 10,155.63,153.19,146.29
Proper - 5,Baluarte - Calumpang - Villa - Oton Blvd - Rizal St,Proper - 17,Dela Rama St - Blumentritt,4500.0,1.2103,Ledesma St,Proper - 6,Proper - 11,511.83,508.96,172.31
Proper - 5,Baluarte - Calumpang - Villa - Oton Blvd - Rizal St,Proper - 17,Dela Rama St - Blumentritt,4500.0,1.2103,Arroyo St (Rev),Proper - 11,Proper - 12,511.83,500.84,659.63
Proper - 5,Baluarte - Calumpang - Villa - Oton Blvd - Rizal St,Proper - 17,Dela Rama St - Blumentritt,4500.0,1.2103,JM Basa St 2 (Rev),Proper - 14,Proper - 13,511.83,486.89,1496.77
Proper - 5,Baluarte - Calumpang - Villa - Oton Blvd - Rizal St,Proper - 18,Muelle Loney St - Blumentritt Left,7000.0,1.1254,Ruperto Montinola St 1 (Rev),Proper - 10,Proper - 8,949.06,947.08,118.5
Proper - 5,Baluarte - Calumpang - Villa - Oton Blvd - Rizal St,Proper - 18,Muelle Loney St - Blumentritt Left,7000.0,1.1254,Arroyo St (Rev),Proper - 11,Proper - 12,949.06,943.96,305.63
Proper - 5,Baluarte - Calumpang - Villa - Oton Blvd - Rizal St,Proper - 18,Muelle Loney St - Blumentritt Left,7000.0,1.1254,JM Basa St 2 (Rev),Proper - 14,Proper - 13,949.06,913.85,2112.5
Proper - 5,Baluarte - Calumpang - Villa - Oton Blvd - Rizal St,Proper - 19,Muelle Loney St - Blumentritt Right,4000.0,1.1205,Ledesma St,Proper - 6,Proper - 11,430.09,429.96,7.7
Proper - 5,Baluarte - Calumpang - Villa - Oton Blvd - Rizal St,Proper - 19,Muelle Loney St - Blumentritt Right,4000.0,1.1205,JM Basa St 2 (Rev),Proper - 14,Proper - 13,430.09,419.94,609.29
Proper - 5,Baluarte - Calumpang - Villa - Oton Blvd - Rizal St,Proper - 19,Muelle Loney St - Blumentritt Right,4000.0,1.1205,Blumentritt 1 (Rev),Proper - 18,Proper - 17,430.09,429.94,8.71
Proper - 5,Baluarte - Calumpang - Villa - Oton Blvd - Rizal St,mandurriao - 6,R Mapa St - Donato Pison Ave,2500.0,1.2343,Timawa St (Rev),Proper - 2,Molo - 5,306.18,305.76,24.7
Proper - 5,Baluarte - Calumpang - Villa - Oton Blvd - Rizal St,jaro - 8,Iloilo-Capiz Rd - Lopez Jaena St,5500.0,1.0404,E Lopez St,jaro - 1,jaro - 4,1444.72,1444.43,17.45
Proper - 5,Baluarte - Calumpang - Villa - Oton Blvd - Rizal St,jaro - 8,Iloilo-Capiz Rd - Lopez Jaena St,5500.0,1.0404,Iloilo-Capiz Rd - Plaza Rizal St - El 98 St,jaro - 6,jaro - 7,1444.72,1437.72,419.93
Proper - 5,Baluarte - Calumpang - Villa - Oton Blvd - Rizal St,jaro - 8,Iloilo-Capiz Rd - Lopez Jaena St,5500.0,1.0404,El 98 St,jaro - 7,mandurriao - 1,1444.72,1437.72,419.93
Proper - 5,Baluarte - Calumpang - Villa - Oton Blvd - Rizal St,jaro - 8,Iloilo-Capiz Rd - Lopez Jaena St,5500.0,1.0404,Luna St,lapaz - 3,jaro - 1,1444.72,1444.43,17.45
Proper - 5,Baluarte - Calumpang - Villa - Oton Blvd - Rizal St,jaro - 19,Monfort Blvd,3000.0,1.0833,Gen Luna St 2 (Rev),Proper - 8,Proper - 7,519.72,515.29,265.71
Proper - 5,Baluarte - Calumpang - Villa - Oton Blvd - Rizal St,lapaz - 1,Luna St - Huervana St,3500.0,1.0721,Gen Luna St 2 (Rev),Proper - 8,Proper - 7,319.78,302.49,1037.69
Proper - 5,Baluarte - Calumpang - Villa - Oton Blvd - Rizal St,lapaz - 2,Rizal St - Luna St,3000.0,1.037,Gen Luna St 2 (Rev),Proper - 8,Proper - 7,251.43,238.48,776.75
Proper - 5,Baluarte - Calumpang - Villa - Oton Blvd - Rizal St,lapaz - 2,Rizal St - Luna St,3000.0,1.037,Ruperto Montinola St 1 (Rev),Proper - 10,Proper - 8,251.43,248.75,160.76
Proper - 5,Baluarte - Calumpang - Villa - Oton Blvd - Rizal St,lapaz - 2,Rizal St - Luna St,3000.0,1.037,Ruperto Montinola St 2 (Rev),Proper - 11,Proper - 10,251.43,248.75,160.76
Proper - 5,Baluarte - Calumpang - Villa - Oton Blvd - Rizal St,lapaz - 3,Luna St - Luna St,3000.0,1.051,Gen Luna St 2 (Rev),Proper - 8,Proper - 7,263.18,247.44,944.75
Proper - 5,Baluarte - Calumpang - Villa - Oton Blvd - Rizal St,lapaz - 3,Luna St - Luna St,3000.0,1.051,Ruperto Montinola St 1 (Rev),Proper - 10,Proper - 8,263.18,260.4,166.89
Proper - 5,Baluarte - Calumpang - Villa - Oton Blvd - Rizal St,lapaz - 3,Luna St - Luna St,3000.0,1.051,Ruperto Montinola St 2 (Rev),Proper - 11,Proper - 10,263.18,260.4,166.89
Proper - 5,Baluarte - Calumpang - Villa - Oton Blvd - Rizal St,lapaz - 5,Huervana St - Jereos St,5000.0,1.0449,Gen Luna St 1,Proper - 1,Proper - 7,629.8,628.27,91.66
Proper - 5,Baluarte - Calumpang - Villa - Oton Blvd - Rizal St,lapaz - 5,Huervana St - Jereos St,5000.0,1.0449,Gen Luna St 2,Proper - 7,Proper - 8,629.8,625.9,233.92
Proper - 5,Baluarte - Calumpang - Villa - Oton Blvd - Rizal St,lapaz - 5,Huervana St - Jereos St,5000.0,1.0449,Gen Luna St 3,Proper - 8,Proper - 9,629.8,629.05,45.1
Proper - 5,Baluarte - Calumpang - Villa - Oton Blvd - Rizal St,lapaz - 6,Jereos St - Huervana Ext,7500.0,1.0258,Rizal St - Huervana St (Rev),lapuz - 2,lapaz - 2,1551.14,1549.93,72.66
Proper - 5,Baluarte - Calumpang - Villa - Oton Blvd - Rizal St,lapaz - 7,Huervana Ext - Burgos St,2500.0,1.054,Gen Luna St 2 (Rev),Proper - 8,Proper - 7,270.71,262.75,477.37
Proper - 5,Baluarte - Calumpang - Villa - Oton Blvd - Rizal St,lapaz - 7,Huervana Ext - Burgos St,2500.0,1.054,Ruperto Montinola St 1 (Rev),Proper - 10,Proper - 8,270.71,270.2,30.67
Proper - 5,Baluarte - Calumpang - Villa - Oton Blvd - Rizal St,lapaz - 7,Huervana Ext - Burgos St,2500.0,1.054,Ruperto Montinola St 2 (Rev),Proper - 11,Proper - 10,270.71,270.2,30.67
Proper - 5,Baluarte - Calumpang - Villa - Oton Blvd - Rizal St,lapaz - 8,Lopez Jaena St - Baldoza St,4500.0,1.1196,Gen Luna St 2,Proper - 7,Proper - 8,728.02,723.23,287.32
Proper - 5,Baluarte - Calumpang - Villa - Oton Blvd - Rizal St,lapaz - 8,Lopez Jaena St - Baldoza St,4500.0,1.1196,Gen Luna St 2 (Rev),Proper - 8,Proper - 7,728.02,713.76,855.57
Proper - 5,Baluarte - Calumpang - Villa - Oton Blvd - Rizal St,lapaz - 8,Lopez Jaena St - Baldoza St,4500.0,1.1196,Ruperto Montinola St 2 (Rev),Proper - 11,Proper - 10,728.02,721.65,382.46
Proper - 5,Baluarte - Calumpang - Villa - Oton Blvd - Rizal St,lapaz - 8,Lopez Jaena St - Baldoza St,4500.0,1.1196,Rizal St - Huervana St (Rev),lapuz - 2,lapaz - 2,728.02,718.84,550.7
Proper - 5,Baluarte - Calumpang - Villa - Oton Blvd - Rizal St,lapaz - 9,Baldoza St - Monfort Blvd,3000.0,1.0684,Gen Luna St 2 (Rev),Proper - 8,Proper - 7,418.64,404.61,841.31
Proper - 5,Baluarte - Calumpang - Villa - Oton Blvd - Rizal St,lapaz - 9,Baldoza St - Monfort Blvd,3000.0,1.0684,Ruperto Montinola St 1 (Rev),Proper - 10,Proper - 8,418.64,414.86,226.65
Proper - 5,Baluarte - Calumpang - Villa - Oton Blvd - Rizal St,lapaz - 9,Baldoza St - Monfort Blvd,3000.0,1.0684,Ruperto Montinola St 2 (Rev),Proper - 11,Proper - 10,418.64,414.86,226.65
Proper - 5,Baluarte - Calumpang - Villa - Oton Blvd - Rizal St,lapaz - 10,Luna St - Taytay Forbes,4500.0,1.0889,Gen Luna St 2,Proper - 7,Proper - 8,457.08,456.85,13.6
Proper - 5,Baluarte - Calumpang - Villa - Oton Blvd - Rizal St,lapaz - 10,Luna St - Taytay Forbes,4500.0,1.0889,Gen Luna St 2 (Rev),Proper - 8,Proper - 7,457.08,426.03,1862.67
Proper - 5,Baluarte - Calumpang - Villa - Oton Blvd - Rizal St,lapaz - 10,Luna St - Taytay Forbes,4500.0,1.0889,Ruperto Montinola St 2 (Rev),Proper - 11,Proper - 10,457.08,447.9,550.83
Proper - 5,Baluarte - Calumpang - Villa - Oton Blvd - Rizal St,lapuz - 2,Rizal St - Quirino-Lopez Bridge,3000.0,1.0724,Ruperto Montinola St 2 (Rev),Proper - 11,Proper - 10,209.62,208.92,42.32
Proper - 5,Baluarte - Calumpang - Villa - Oton Blvd - Rizal St,lapuz - 4,Rizal St - New Iloilo Ferry Terminal Access Rd,5500.0,1.1867,Gen Luna St 2,Proper - 7,Proper - 8,1024.6,1023.32,76.68
Proper - 5,Baluarte - Calumpang - Villa - Oton Blvd - Rizal St,lapuz - 6,Rizal St - Lapuz-Mansaya-Roboc Rd,4000.0,1.2323,Gen Luna St 2,Proper - 7,Proper - 8,651.63,640.04,695.18
Proper - 5,Baluarte - Calumpang - Villa - Oton Blvd - Rizal St,lapuz - 6,Rizal St - Lapuz-Mansaya-Roboc Rd,4000.0,1.2323,Ruperto Montinola St 2 (Rev),Proper - 11,Proper - 10,651.63,651.47,9.73
Proper - 5,Baluarte - Calumpang - Villa - Oton Blvd - Rizal St,lapuz - 7,Lapuz-Mansaya-Roboc Rd - Coastal Rd,2500.0,1.0831,Gen Luna St 3,Proper - 8,Proper - 9,342.86,340.77,125.38
Proper - 5,Baluarte - Calumpang - Villa - Oton Blvd - Rizal St,lapuz - 7,Lapuz-Mansaya-Roboc Rd - Coastal Rd,2500.0,1.0831,Ruperto Montinola St 1 (Rev),Proper - 10,Proper - 8,342.86,341.81,62.99
Proper - 5,Baluarte - Calumpang - Villa - Oton Blvd - Rizal St,lapuz - 7,Lapuz-Mansaya-Roboc Rd - Coastal Rd,2500.0,1.0831,Ruperto Montinola St 2 (Rev),Proper - 11,Proper - 10,342.86,340.93,115.93
Proper - 6,Ledesma St - Rizal St,Molo - 5,Locsin St. - Timawa St.,5500.0,1.1178,Infante St 2 (Rev),Proper - 3,Proper - 2,599.93,571.39,1712.55
Proper - 6,Ledesma St - Rizal St,Molo - 9,M.H Del Pilar St. 2,5000.0,1.2515,Infante St 1 (Rev),Proper - 2,Proper - 1,569.2,507.75,3687.06
Proper - 6,Ledesma St - Rizal St,Molo - 9,M.H Del Pilar St. 2,5000.0,1.2515,Infante St 2 (Rev),Proper - 3,Proper - 2,569.2,516.33,3172.26
Proper - 6,Ledesma St - Rizal St,Molo - 10,M.H Del Pilar St. 2,5000.0,1.2498,Infante St 1 (Rev),Proper - 2,Proper - 1,572.33,510.88,3687.06
Proper - 6,Ledesma St - Rizal St,Molo - 10,M.H Del Pilar St. 2,5000.0,1.2498,Infante St 2 (Rev),Proper - 3,Proper - 2,572.33,519.46,3172.26
Proper - 6,Ledesma St - Rizal St,Proper - 17,Dela Rama St - Blumentritt,4500.0,1.1255,Arroyo St (Rev),Proper - 11,Proper - 12,457.09,448.23,531.58
Proper - 6,Ledesma St - Rizal St,Proper - 17,Dela Rama St - Blumentritt,4500.0,1.1255,JM Basa St 1,Proper - 11,Proper - 13,457.09,456.11,59.25
Proper - 6,Ledesma St - Rizal St,Proper - 17,Dela Rama St - Blumentritt,4500.0,1.1255,JM Basa St 2 (Rev),Proper - 14,Proper - 13,457.09,438.39,1121.93
Proper - 6,Ledesma St - Rizal St,Proper - 18,Muelle Loney St - Blumentritt Left,6000.0,1.129,Ruperto Montinola St 1 (Rev),Proper - 10,Proper - 8,732.25,729.66,155.14
Proper - 6,Ledesma St - Rizal St,Proper - 18,Muelle Loney St - Blumentritt Left,6000.0,1.129,Ruperto Montinola St 2 (Rev),Proper - 11,Proper - 10,732.25,727.1,309.16
Proper - 6,Ledesma St - Rizal St,Proper - 18,Muelle Loney St - Blumentritt Left,6000.0,1.129,Arroyo St (Rev),Proper - 11,Proper - 12,732.25,731.26,59.24
Proper - 6,Ledesma St - Rizal St,Proper - 18,Muelle Loney St - Blumentritt Left,6000.0,1.129,JM Basa St 2 (Rev),Proper - 14,Proper - 13,732.25,687.75,2670.21
Proper - 6,Ledesma St - Rizal St,Proper - 19,Muelle Loney St - Blumentritt Right,4000.0,1.0731,JM Basa St 2 (Rev),Proper - 14,Proper - 13,370.52,369.76,45.36
Proper - 6,Ledesma St - Rizal St,Proper - 19,Muelle Loney St - Blumentritt Right,4000.0,1.0731,Blumentritt 1 (Rev),Proper - 18,Proper - 17,370.52,365.0,331.06
Proper - 6,Ledesma St - Rizal St,Proper - 21,Fort San Pedro Dr - Muelle Loney St,7000.0,1.0515,Blumentritt 1 (Rev),Proper - 18,Proper - 17,1008.49,1005.37,187.12
Proper - 6,Ledesma St - Rizal St,mandurriao - 2,Mandurriao - Jaro Rd - Mandurriao - Sn Miguel Rd,5000.0,1.1653,Infante St 1 (Rev),Proper - 2,Proper - 1,875.37,812.91,3747.5
Proper - 6,Ledesma St - Rizal St,mandurriao - 2,Mandurriao - Jaro Rd - Mandurriao - Sn Miguel Rd,5000.0,1.1653,Infante St 2 (Rev),Proper - 3,Proper - 2,875.37,819.61,3345.2
Proper - 6,Ledesma St - Rizal St,mandurriao - 3,Mandurriao - Sn Miguel Rd - R Mapa St,5000.0,1.1332,Infante St 1 (Rev),Proper - 2,Proper - 1,1056.69,994.23,3747.5
Proper - 6,Ledesma St - Rizal St,mandurriao - 3,Mandurriao - Sn Miguel Rd - R Mapa St,5000.0,1.1332,Infante St 2 (Rev),Proper - 3,Proper - 2,1056.69,1001.08,3336.9
Proper - 6,Ledesma St - Rizal St,mandurriao - 4,R Mapa St - Mandurriao - Jaro Rd,5000.0,1.1277,Infante St 1 (Rev),Proper - 2,Proper - 1,914.29,876.23,2283.7
Proper - 6,Ledesma St - Rizal St,mandurriao - 4,R Mapa St - Mandurriao - Jaro Rd,5000.0,1.1277,Infante St 2 (Rev),Proper - 3,Proper - 2,914.29,882.8,1889.6
Proper - 6,Ledesma St - Rizal St,mandurriao - 6,R Mapa St - Donato Pison Ave,2500.0,1.2165,Timawa St (Rev),Proper - 2,Molo - 5,326.49,326.08,24.7
Proper - 6,Ledesma St - Rizal St,jaro - 8,Iloilo-Capiz Rd - Lopez Jaena St,5000.0,1.0828,Iloilo-Capiz Rd - Plaza Rizal St - El 98 St,jaro - 6,jaro - 7,1242.24,1218.55,1421.38
Proper - 6,Ledesma St - Rizal St,jaro - 8,Iloilo-Capiz Rd - Lopez Jaena St,5000.0,1.0828,El 98 St,jaro - 7,mandurriao - 1,1242.24,1218.55,1421.38
Proper - 6,Ledesma St - Rizal St,jaro - 19,Monfort Blvd,3000.0,1.1296,Gen Luna St 2 (Rev),Proper - 8,Proper - 7,534.36,524.89,568.5
Proper - 6,Ledesma St - Rizal St,jaro - 19,Monfort Blvd,3000.0,1.1296,Rizal St - Huervana St (Rev),lapuz - 2,lapaz - 2,534.36,534.16,11.92
Proper - 6,Ledesma St - Rizal St,lapaz - 1,Luna St - Huervana St,3500.0,1.1474,Gen Luna St 2 (Rev),Proper - 8,Proper - 7,333.98,295.85,2287.83
Proper - 6,Ledesma St - Rizal St,lapaz - 2,Rizal St - Luna St,3000.0,1.1327,Gen Luna St 2 (Rev),Proper - 8,Proper - 7,267.16,251.52,938.29
Proper - 6,Ledesma St - Rizal St,lapaz - 2,Rizal St - Luna St,3000.0,1.1327,Ruperto Montinola St 1 (Rev),Proper - 10,Proper - 8,267.16,261.04,366.9
Proper - 6,Ledesma St - Rizal St,lapaz - 2,Rizal St - Luna St,3000.0,1.1327,Ruperto Montinola St 2 (Rev),Proper - 11,Proper - 10,267.16,261.04,366.9
Proper - 6,Ledesma St - Rizal St,lapaz - 3,Luna St - Luna St,3000.0,1.1385,Gen Luna St 2 (Rev),Proper - 8,Proper - 7,277.43,256.3,1267.97
Proper - 6,Ledesma St - Rizal St,lapaz - 3,Luna St - Luna St,3000.0,1.1385,Ruperto Montinola St 1 (Rev),Proper - 10,Proper - 8,277.43,272.77,279.82
Proper - 6,Ledesma St - Rizal St,lapaz - 3,Luna St - Luna St,3000.0,1.1385,Ruperto Montinola St 2 (Rev),Proper - 11,Proper - 10,277.43,272.77,279.82
Proper - 6,Ledesma St - Rizal St,lapaz - 4,Huervana St - Burgos St,8000.0,1.2601,Gen Luna St 2,Proper - 7,Proper - 8,1655.18,1628.14,1622.31
Proper - 6,Ledesma St - Rizal St,lapaz - 4,Huervana St - Burgos St,8000.0,1.2601,Gen Luna St 3,Proper - 8,Proper - 9,1655.18,1652.33,171.0
Proper - 6,Ledesma St - Rizal St,lapaz - 5,Huervana St - Jereos St,7000.0,1.2194,Gen Luna St 1,Proper - 1,Proper - 7,1258.72,1235.43,1397.4
Proper - 6,Ledesma St - Rizal St,lapaz - 5,Huervana St - Jereos St,7000.0,1.2194,Gen Luna St 2,Proper - 7,Proper - 8,1258.72,1213.14,2734.52
Proper - 6,Ledesma St - Rizal St,lapaz - 5,Huervana St - Jereos St,7000.0,1.2194,Gen Luna St 3,Proper - 8,Proper - 9,1258.72,1226.31,1944.73
Proper - 6,Ledesma St - Rizal St,lapaz - 6,Jereos St - Huervana Ext,7000.0,1.0789,Gen Luna St 1,Proper - 1,Proper - 7,1327.35,1304.06,1397.4
Proper - 6,Ledesma St - Rizal St,lapaz - 6,Jereos St - Huervana Ext,7000.0,1.0789,Gen Luna St 2,Proper - 7,Proper - 8,1327.35,1281.78,2734.52
Proper - 6,Ledesma St - Rizal St,lapaz - 6,Jereos St - Huervana Ext,7000.0,1.0789,Gen Luna St 3,Proper - 8,Proper - 9,1327.35,1294.94,1944.73
Proper - 6,Ledesma St - Rizal St,lapaz - 7,Huervana Ext - Burgos St,3000.0,1.1039,Gen Luna St 2 (Rev),Proper - 8,Proper - 7,343.18,340.5,161.1
Proper - 6,Ledesma St - Rizal St,lapaz - 8,Lopez Jaena St - Baldoza St,4500.0,1.1511,Gen Luna St 2,Proper - 7,Proper - 8,737.72,737.07,38.65
Proper - 6,Ledesma St - Rizal St,lapaz - 8,Lopez Jaena St - Baldoza St,4500.0,1.1511,Gen Luna St 2 (Rev),Proper - 8,Proper - 7,737.72,706.98,1844.34
Proper - 6,Ledesma St - Rizal St,lapaz - 8,Lopez Jaena St - Baldoza St,4500.0,1.1511,Rizal St - Huervana St (Rev),lapuz - 2,lapaz - 2,737.72,725.24,748.67
Proper - 6,Ledesma St - Rizal St,lapaz - 9,Baldoza St - Monfort Blvd,3000.0,1.1244,Gen Luna St 2 (Rev),Proper - 8,Proper - 7,433.35,411.21,1328.41
Proper - 6,Ledesma St - Rizal St,lapaz - 9,Baldoza St - Monfort Blvd,3000.0,1.1244,Ruperto Montinola St 1 (Rev),Proper - 10,Proper - 8,433.35,427.94,324.92
Proper - 6,Ledesma St - Rizal St,lapaz - 9,Baldoza St - Monfort Blvd,3000.0,1.1244,Ruperto Montinola St 2 (Rev),Proper - 11,Proper - 10,433.35,427.87,329.0
Proper - 6,Ledesma St - Rizal St,lapaz - 10,Luna St - Taytay Forbes,4000.0,1.1395,Gen Luna St 2 (Rev),Proper - 8,Proper - 7,392.3,352.29,2400.87
Proper - 6,Ledesma St - Rizal St,lapuz - 2,Rizal St - Quirino-Lopez Bridge,6000.0,1.2113,Gen Luna St 2,Proper - 7,Proper - 8,663.26,656.49,405.93
Proper - 6,Ledesma St - Rizal St,lapuz - 7,Lapuz-Mansaya-Roboc Rd - Coastal Rd,3000.0,1.1,Gen Luna St 3,Proper - 8,Proper - 9,422.07,419.33,164.58
Proper - 7,Gen Luna St - Bonifacio Dr,Molo - 3,Locsin St - San Marcos St.,10000.0,1.1352,Infante St 1 (Rev),Proper - 2,Proper - 1,1664.58,1583.97,4836.68
Proper - 7,Gen Luna St - Bonifacio Dr,Molo - 3,Locsin St - San Marcos St.,10000.0,1.1352,Infante St 2 (Rev),Proper - 3,Proper - 2,1664.58,1545.33,7155.03
Proper - 7,Gen Luna St - Bonifacio Dr,Molo - 3,Locsin St - San Marcos St.,10000.0,1.1352,Ledesma St (Rev),Proper - 11,Proper - 6,1664.58,1641.53,1383.27
Proper - 7,Gen Luna St - Bonifacio Dr,Molo - 4,Locsin St. - M.H Del Pilar St. 2,10000.0,1.1493,Infante St 1 (Rev),Proper - 2,Proper - 1,1613.46,1553.84,3577.57
Proper - 7,Gen Luna St - Bonifacio Dr,Molo - 4,Locsin St. - M.H Del Pilar St. 2,10000.0,1.1493,Infante St 2,Proper - 2,Proper - 3,1613.46,1612.73,44.1
Proper - 7,Gen Luna St - Bonifacio Dr,Molo - 4,Locsin St. - M.H Del Pilar St. 2,10000.0,1.1493,Infante St 2 (Rev),Proper - 3,Proper - 2,1613.46,1551.9,3694.04
Proper - 7,Gen Luna St - Bonifacio Dr,Molo - 4,Locsin St. - M.H Del Pilar St. 2,10000.0,1.1493,Gen Luna St 3,Proper - 8,Proper - 9,1613.46,1571.13,2540.13
Proper - 7,Gen Luna St - Bonifacio Dr,Molo - 4,Locsin St. - M.H Del Pilar St. 2,10000.0,1.1493,Muelle Loney St 1,Proper - 9,Proper - 12,1613.46,1571.13,2540.13
Proper - 7,Gen Luna St - Bonifacio Dr,Molo - 4,Locsin St. - M.H Del Pilar St. 2,10000.0,1.1493,Ledesma St (Rev),Proper - 11,Proper - 6,1613.46,1585.85,1656.89
Proper - 7,Gen Luna St - Bonifacio Dr,Molo - 4,Locsin St. - M.H Del Pilar St. 2,10000.0,1.1493,Arroyo St,Proper - 12,Proper - 11,1613.46,1571.13,2540.13
Proper - 7,Gen Luna St - Bonifacio Dr,Molo - 5,Locsin St. - Timawa St.,10000.0,1.122,Infante St 1,Proper - 1,Proper - 2,1608.07,1567.37,2441.93
Proper - 7,Gen Luna St - Bonifacio Dr,Molo - 5,Locsin St. - Timawa St.,10000.0,1.122,Infante St 1 (Rev),Proper - 2,Proper - 1,1608.07,1484.76,7398.09
Proper - 7,Gen Luna St - Bonifacio Dr,Molo - 5,Locsin St. - Timawa St.,10000.0,1.122,Infante St 2,Proper - 2,Proper - 3,1608.07,1601.19,412.54
Proper - 7,Gen Luna St - Bonifacio Dr,Molo - 5,Locsin St. - Timawa St.,10000.0,1.122,Ruperto Montinola St 2 (Rev),Proper - 11,Proper - 10,1608.07,1596.99,664.46
Proper - 7,Gen Luna St - Bonifacio Dr,Molo - 6,Locsin St. - Baluarte - Calumpag - Villa - Oton Blvd,3000.0,1.0484,Infante St 1,Proper - 1,Proper - 2,265.68,263.96,103.06
Proper - 7,Gen Luna St - Bonifacio Dr,Molo - 6,Locsin St. - Baluarte - Calumpag - Villa - Oton Blvd,3000.0,1.0484,Infante St 2,Proper - 2,Proper - 3,265.68,263.3,142.84
Proper - 7,Gen Luna St - Bonifacio Dr,Molo - 7,San Marcos St. - MH del Pilar St. 1 (Rotunda),7500.0,1.1535,Infante St 2 (Rev),Proper - 3,Proper - 2,911.67,911.25,25.63
Proper - 7,Gen Luna St - Bonifacio Dr,Molo - 8,San Marcos St. - MH del Pilar St. 1 (Rotunda),7500.0,1.1421,Infante St 2 (Rev),Proper - 3,Proper - 2,975.45,975.03,25.63
Proper - 7,Gen Luna St - Bonifacio Dr,Proper - 4,Baluarte - Calumpang - Villa - Oton Blvd - Infante St,6000.0,1.2306,Infante St 1,Proper - 1,Proper - 2,688.41,634.18,3253.89
Proper - 7,Gen Luna St - Bonifacio Dr,Proper - 4,Baluarte - Calumpang - Villa - Oton Blvd - Infante St,6000.0,1.2306,Ruperto Montinola St 2,Proper - 10,Proper - 11,688.41,655.39,1981.37
Proper - 7,Gen Luna St - Bonifacio Dr,Proper - 10,Delgado St - Ruperto Montinola St,8000.0,1.4208,Bonifacio Drive,Proper - 7,lapaz - 10,690.19,688.65,92.77
Proper - 7,Gen Luna St - Bonifacio Dr,Proper - 10,Delgado St - Ruperto Montinola St,8000.0,1.4208,Gen Luna St 3,Proper - 8,Proper - 9,690.19,690.05,8.41
Proper - 7,Gen Luna St - Bonifacio Dr,Proper - 10,Delgado St - Ruperto Montinola St,8000.0,1.4208,Huervana St - Rizal St,lapaz - 1,lapaz - 2,690.19,688.65,92.77
Proper - 7,Gen Luna St - Bonifacio Dr,Proper - 10,Delgado St - Ruperto Montinola St,8000.0,1.4208,Rizal St - Huervana St,lapaz - 2,lapuz - 2,690.19,688.65,92.77
Proper - 7,Gen Luna St - Bonifacio Dr,Proper - 10,Delgado St - Ruperto Montinola St,8000.0,1.4208,Luna St - Esplanade 5 (Rev),lapaz - 10,lapaz - 1,690.19,688.65,92.77
Proper - 7,Gen Luna St - Bonifacio Dr,Proper - 10,Delgado St - Ruperto Montinola St,8000.0,1.4208,Quirino - Lopez Bridge (Rev),lapuz - 2,Proper - 9,690.19,688.65,92.77
Proper - 7,Gen Luna St - Bonifacio Dr,Proper - 11,Ledesma St - Ruperto Montinola St,8000.0,1.4747,Bonifacio Drive,Proper - 7,lapaz - 10,794.81,785.08,583.92
Proper - 7,Gen Luna St - Bonifacio Dr,Proper - 11,Ledesma St - Ruperto Montinola St,8000.0,1.4747,Gen Luna St 3,Proper - 8,Proper - 9,794.81,784.0,648.69
Proper - 7,Gen Luna St - Bonifacio Dr,Proper - 11,Ledesma St - Ruperto Montinola St,8000.0,1.4747,Huervana St - Rizal St,lapaz - 1,lapaz - 2,794.81,785.08,583.92
Proper - 7,Gen Luna St - Bonifacio Dr,Proper - 11,Ledesma St - Ruperto Montinola St,8000.0,1.4747,Rizal St - Huervana St,lapaz - 2,lapuz - 2,794.81,785.08,583.92
Proper - 7,Gen Luna St - Bonifacio Dr,Proper - 11,Ledesma St - Ruperto Montinola St,8000.0,1.4747,Luna St - Esplanade 5 (Rev),lapaz - 10,lapaz - 1,794.81,785.08,583.92
Proper - 7,Gen Luna St - Bonifacio Dr,Proper - 11,Ledesma St - Ruperto Montinola St,8000.0,1.4747,Quirino - Lopez Bridge (Rev),lapuz - 2,Proper - 9,794.81,785.08,583.92
Proper - 7,Gen Luna St - Bonifacio Dr,Proper - 12,Arroyo St - Muelle Loney St,9500.0,1.3053,Gen Luna St 3 (Rev),Proper - 9,Proper - 8,1370.35,1259.24,6666.62
Proper - 7,Gen Luna St - Bonifacio Dr,Proper - 13,JM Basa St - De la Rama St,6500.0,1.3392,Gen Luna St 3,Proper - 8,Proper - 9,749.85,749.29,33.99
Proper - 7,Gen Luna St - Bonifacio Dr,Proper - 13,JM Basa St - De la Rama St,6500.0,1.3392,Arroyo St,Proper - 12,Proper - 11,749.85,749.68,10.23
Proper - 7,Gen Luna St - Bonifacio Dr,Proper - 13,JM Basa St - De la Rama St,6500.0,1.3392,Blumentritt 1 (Rev),Proper - 18,Proper - 17,749.85,749.23,37.73
Proper - 7,Gen Luna St - Bonifacio Dr,Proper - 17,Dela Rama St - Blumentritt,8000.0,1.1656,Bonifacio Drive,Proper - 7,lapaz - 10,1486.82,1406.6,4813.4
Proper - 7,Gen Luna St - Bonifacio Dr,Proper - 17,Dela Rama St - Blumentritt,8000.0,1.1656,Gen Luna St 3 (Rev),Proper - 9,Proper - 8,1486.82,1406.6,4813.4
Proper - 7,Gen Luna St - Bonifacio Dr,Proper - 17,Dela Rama St - Blumentritt,8000.0,1.1656,Arroyo St (Rev),Proper - 11,Proper - 12,1486.82,1486.69,7.78
Proper - 7,Gen Luna St - Bonifacio Dr,Proper - 17,Dela Rama St - Blumentritt,8000.0,1.1656,JM Basa St 2,Proper - 13,Proper - 14,1486.82,1473.56,795.77
Proper - 7,Gen Luna St - Bonifacio Dr,Proper - 17,Dela Rama St - Blumentritt,8000.0,1.1656,Muelle Loney St 3,Proper - 18,Proper - 19,1486.82,1453.04,2027.24
Proper - 7,Gen Luna St - Bonifacio Dr,Proper - 17,Dela Rama St - Blumentritt,8000.0,1.1656,Huervana St - Rizal St,lapaz - 1,lapaz - 2,1486.82,1406.6,4813.4
Proper - 7,Gen Luna St - Bonifacio Dr,Proper - 17,Dela Rama St - Blumentritt,8000.0,1.1656,Rizal St - Huervana St,lapaz - 2,lapuz - 2,1486.82,1406.6,4813.4
Proper - 7,Gen Luna St - Bonifacio Dr,Proper - 17,Dela Rama St - Blumentritt,8000.0,1.1656,Luna St - Esplanade 5 (Rev),lapaz - 10,lapaz - 1,1486.82,1406.6,4813.4
Proper - 7,Gen Luna St - Bonifacio Dr,Proper - 17,Dela Rama St - Blumentritt,8000.0,1.1656,Quirino - Lopez Bridge (Rev),lapuz - 2,Proper - 9,1486.82,1406.6,4813.4
Proper - 7,Gen Luna St - Bonifacio Dr,Proper - 18,Muelle Loney St - Blumentritt Left,8000.0,1.2808,Arroyo St (Rev),Proper - 11,Proper - 12,1382.44,1360.13,1338.61
Proper - 7,Gen Luna St - Bonifacio Dr,Proper - 18,Muelle Loney St - Blumentritt Left,8000.0,1.2808,Blumentritt 2 (Rev),Proper - 19,Proper - 17,1382.44,1377.95,269.64
Proper - 7,Gen Luna St - Bonifacio Dr,Proper - 19,Muelle Loney St - Blumentritt Right,7000.0,1.1291,Gen Luna St 3,Proper - 8,Proper - 9,1034.25,1023.13,666.89
Proper - 7,Gen Luna St - Bonifacio Dr,Proper - 19,Muelle Loney St - Blumentritt Right,7000.0,1.1291,Arroyo St (Rev),Proper - 11,Proper - 12,1034.25,1029.34,294.55
Proper - 7,Gen Luna St - Bonifacio Dr,Proper - 19,Muelle Loney St - Blumentritt Right,7000.0,1.1291,Blumentritt 1,Proper - 17,Proper - 18,1034.25,1031.96,137.57
Proper - 7,Gen Luna St - Bonifacio Dr,mandurriao - 2,Mandurriao - Jaro Rd - Mandurriao - Sn Miguel Rd,3500.0,1.2503,Old Iloilo - Capiz Rd (Rev),Proper - 1,mandurriao - 1,524.18,494.54,1778.49
Proper - 7,Gen Luna St - Bonifacio Dr,mandurriao - 3,Mandurriao - Sn Miguel Rd - R Mapa St,4000.0,1.1634,Old Iloilo - Capiz Rd (Rev),Proper - 1,mandurriao - 1,687.3,674.24,783.35
Proper - 7,Gen Luna St - Bonifacio Dr,mandurriao - 3,Mandurriao - Sn Miguel Rd - R Mapa St,4000.0,1.1634,Infante St 1 (Rev),Proper - 2,Proper - 1,687.3,685.26,122.5
Proper - 7,Gen Luna St - Bonifacio Dr,mandurriao - 4,R Mapa St - Mandurriao - Jaro Rd,3500.0,1.146,Old Iloilo - Capiz Rd (Rev),Proper - 1,mandurriao - 1,521.65,520.59,63.59
Proper - 7,Gen Luna St - Bonifacio Dr,mandurriao - 6,R Mapa St - Donato Pison Ave,2500.0,1.1927,Rotunda,Molo - 7,Molo - 8,375.7,360.41,917.24
Proper - 7,Gen Luna St - Bonifacio Dr,mandurriao - 6,R Mapa St - Donato Pison Ave,2500.0,1.1927,Gen Luna - Molo Connect,Proper - 1,Molo - 7,375.7,360.41,917.24
Proper - 7,Gen Luna St - Bonifacio Dr,mandurriao - 7,Tabucan Mandurriao,4500.0,1.0199,Rotunda,Molo - 7,Molo - 8,1752.52,1729.1,1404.97
Proper - 7,Gen Luna St - Bonifacio Dr,mandurriao - 7,Tabucan Mandurriao,4500.0,1.0199,San Marcos St,Molo - 8,Molo - 3,1752.52,1740.99,691.62
Proper - 7,Gen Luna St - Bonifacio Dr,mandurriao - 7,Tabucan Mandurriao,4500.0,1.0199,Gen Luna - Molo Connect,Proper - 1,Molo - 7,1752.52,1729.1,1404.97
Proper - 7,Gen Luna St - Bonifacio Dr,mandurriao - 7,Tabucan Mandurriao,4500.0,1.0199,Infante St 1 (Rev),Proper - 2,Proper - 1,1752.52,1751.14,83.11
Proper - 7,Gen Luna St - Bonifacio Dr,jaro - 1,E Lopez St - Luna St,4500.0,1.3285,Huervana St - Rizal St,lapaz - 1,lapaz - 2,458.57,457.83,43.88
Proper - 7,Gen Luna St - Bonifacio Dr,jaro - 2,Commission Civil St - Burgos St,2000.0,1.1783,Huervana St - Rizal St,lapaz - 1,lapaz - 2,190.88,187.59,197.24
Proper - 7,Gen Luna St - Bonifacio Dr,jaro - 4,Plaza Rizal St - E Lopez St,6500.0,1.1455,Huervana St - Rizal St,lapaz - 1,lapaz - 2,747.95,747.28,40.71
Proper - 7,Gen Luna St - Bonifacio Dr,jaro - 8,Iloilo-Capiz Rd - Lopez Jaena St,2500.0,1.2481,Luna St - Huervana St (Rev),lapaz - 1,lapaz - 3,418.74,416.06,160.79
Proper - 7,Gen Luna St - Bonifacio Dr,jaro - 9,Iloilo-Capiz Rd - Balabago Rd,3000.0,1.2941,E Lopez St,jaro - 1,jaro - 4,549.34,537.07,736.13
Proper - 7,Gen Luna St - Bonifacio Dr,jaro - 9,Iloilo-Capiz Rd - Balabago Rd,3000.0,1.2941,Luna St - Huervana St (Rev),lapaz - 1,lapaz - 3,549.34,548.41,55.7
Proper - 7,Gen Luna St - Bonifacio Dr,jaro - 9,Iloilo-Capiz Rd - Balabago Rd,3000.0,1.2941,Luna St,lapaz - 3,jaro - 1,549.34,537.07,736.13
Proper - 7,Gen Luna St - Bonifacio Dr,jaro - 10,Balabago Rd - Iloilo Circumferential Rd 1,3500.0,1.1732,Old Iloilo - Capiz Rd (Rev),Proper - 1,mandurriao - 1,592.05,591.75,18.07
Proper - 7,Gen Luna St - Bonifacio Dr,jaro - 10,Balabago Rd - Iloilo Circumferential Rd 1,3500.0,1.1732,Gen Luna St 1 (Rev),Proper - 7,Proper - 1,592.05,591.75,18.07
Proper - 7,Gen Luna St - Bonifacio Dr,jaro - 10,Balabago Rd - Iloilo Circumferential Rd 1,3500.0,1.1732,El 98 St (Rev),mandurriao - 1,jaro - 7,592.05,591.75,18.07
Proper - 7,Gen Luna St - Bonifacio Dr,jaro - 10,Balabago Rd - Iloilo Circumferential Rd 1,3500.0,1.1732,El 98 St - Plaza Rizal St - E Lopez St,jaro - 7,jaro - 4,592.05,591.75,18.07
Proper - 7,Gen Luna St - Bonifacio Dr,jaro - 10,Balabago Rd - Iloilo Circumferential Rd 1,3500.0,1.1732,Huervana St - Rizal St,lapaz - 1,lapaz - 2,592.05,561.47,1834.75
Proper - 7,Gen Luna St - Bonifacio Dr,jaro - 10,Balabago Rd - Iloilo Circumferential Rd 1,3500.0,1.1732,Huervana St - Burgos St,lapaz - 2,lapaz - 4,592.05,571.93,1207.34
Proper - 7,Gen Luna St - Bonifacio Dr,jaro - 10,Balabago Rd - Iloilo Circumferential Rd 1,3500.0,1.1732,Huervana St - Jereos St,lapaz - 4,lapaz - 5,592.05,571.93,1207.34
Proper - 7,Gen Luna St - Bonifacio Dr,jaro - 10,Balabago Rd - Iloilo Circumferential Rd 1,3500.0,1.1732,Lopez Jaena St,lapaz - 5,lapaz - 8,592.05,571.93,1207.34
Proper - 7,Gen Luna St - Bonifacio Dr,jaro - 10,Balabago Rd - Iloilo Circumferential Rd 1,3500.0,1.1732,Baldoza St,lapaz - 8,lapaz - 9,592.05,571.93,1207.34
Proper - 7,Gen Luna St - Bonifacio Dr,jaro - 11,Iloilo Circumferential Rd 1 - Monfort Blvd,3500.0,1.1819,Huervana St - Rizal St,lapaz - 1,lapaz - 2,592.02,561.66,1821.53
Proper - 7,Gen Luna St - Bonifacio Dr,jaro - 11,Iloilo Circumferential Rd 1 - Monfort Blvd,3500.0,1.1819,Huervana St - Burgos St,lapaz - 2,lapaz - 4,592.02,572.22,1187.61
Proper - 7,Gen Luna St - Bonifacio Dr,jaro - 11,Iloilo Circumferential Rd 1 - Monfort Blvd,3500.0,1.1819,Huervana St - Jereos St,lapaz - 4,lapaz - 5,592.02,572.22,1187.61
Proper - 7,Gen Luna St - Bonifacio Dr,jaro - 11,Iloilo Circumferential Rd 1 - Monfort Blvd,3500.0,1.1819,Lopez Jaena St,lapaz - 5,lapaz - 8,592.02,572.22,1187.61
Proper - 7,Gen Luna St - Bonifacio Dr,jaro - 11,Iloilo Circumferential Rd 1 - Monfort Blvd,3500.0,1.1819,Baldoza St,lapaz - 8,lapaz - 9,592.02,572.22,1187.61
Proper - 7,Gen Luna St - Bonifacio Dr,jaro - 12,Buhang Flyover,3000.0,1.0901,Huervana St - Rizal St,lapaz - 1,lapaz - 2,502.35,480.68,1300.44
Proper - 7,Gen Luna St - Bonifacio Dr,jaro - 12,Buhang Flyover,3000.0,1.0901,Huervana St - Burgos St,lapaz - 2,lapaz - 4,502.35,494.0,501.19
Proper - 7,Gen Luna St - Bonifacio Dr,jaro - 12,Buhang Flyover,3000.0,1.0901,Huervana St - Jereos St,lapaz - 4,lapaz - 5,502.35,494.0,501.19
Proper - 7,Gen Luna St - Bonifacio Dr,jaro - 12,Buhang Flyover,3000.0,1.0901,Lopez Jaena St,lapaz - 5,lapaz - 8,502.35,494.0,501.19
Proper - 7,Gen Luna St - Bonifacio Dr,jaro - 12,Buhang Flyover,3000.0,1.0901,Baldoza St,lapaz - 8,lapaz - 9,502.35,494.0,501.19
Proper - 7,Gen Luna St - Bonifacio Dr,jaro - 14,Iloilo-Capiz Rd - Iloilo Circumferential Rd 1,3000.0,1.0361,Huervana St - Rizal St,lapaz - 1,lapaz - 2,492.04,477.83,852.59
Proper - 7,Gen Luna St - Bonifacio Dr,jaro - 19,Monfort Blvd,4500.0,1.181,Huervana St - Rizal St,lapaz - 1,lapaz - 2,821.5,804.05,1046.94
Proper - 7,Gen Luna St - Bonifacio Dr,lapaz - 7,Huervana Ext - Burgos St,7000.0,1.2186,Rizal St - Huervana St (Rev),lapuz - 2,lapaz - 2,958.82,957.48,80.47
Proper - 8,Gen Luna St - Ruperto Montinola St,Proper - 1,Gen Luna St - Infante St,9500.0,1.2674,Ruperto Montinola St 2,Proper - 10,Proper - 11,1157.54,1152.82,282.79
Proper - 8,Gen Luna St - Ruperto Montinola St,Proper - 4,Baluarte - Calumpang - Villa - Oton Blvd - Infante St,6000.0,1.2109,Infante St 1,Proper - 1,Proper - 2,675.47,642.41,1983.7
Proper - 8,Gen Luna St - Ruperto Montinola St,Proper - 4,Baluarte - Calumpang - Villa - Oton Blvd - Infante St,6000.0,1.2109,Ruperto Montinola St 2,Proper - 10,Proper - 11,675.47,666.59,532.82
Proper - 8,Gen Luna St - Ruperto Montinola St,Proper - 5,Baluarte - Calumpang - Villa - Oton Blvd - Rizal St,3000.0,1.1292,Ruperto Montinola St 2,Proper - 10,Proper - 11,194.64,193.87,45.85
Proper - 8,Gen Luna St - Ruperto Montinola St,Proper - 17,Dela Rama St - Blumentritt,9000.0,1.1185,Arroyo St (Rev),Proper - 11,Proper - 12,1798.04,1797.75,17.02
Proper - 8,Gen Luna St - Ruperto Montinola St,Proper - 17,Dela Rama St - Blumentritt,9000.0,1.1185,Muelle Loney St 3,Proper - 18,Proper - 19,1798.04,1779.19,1130.61
Proper - 8,Gen Luna St - Ruperto Montinola St,Proper - 18,Muelle Loney St - Blumentritt Left,9500.0,1.1771,Arroyo St (Rev),Proper - 11,Proper - 12,1771.65,1750.68,1258.08
Proper - 8,Gen Luna St - Ruperto Montinola St,Proper - 19,Muelle Loney St - Blumentritt Right,5000.0,1.1196,Blumentritt 1,Proper - 17,Proper - 18,424.41,396.7,1662.55
Proper - 8,Gen Luna St - Ruperto Montinola St,Proper - 19,Muelle Loney St - Blumentritt Right,5000.0,1.1196,Blumentritt 1 (Rev),Proper - 18,Proper - 17,424.41,417.68,403.57
Proper - 8,Gen Luna St - Ruperto Montinola St,mandurriao - 2,Mandurriao - Jaro Rd - Mandurriao - Sn Miguel Rd,3500.0,1.219,Old Iloilo - Capiz Rd (Rev),Proper - 1,mandurriao - 1,516.1,510.84,315.44
Proper - 8,Gen Luna St - Ruperto Montinola St,mandurriao - 6,R Mapa St - Donato Pison Ave,2500.0,1.2097,Rotunda,Molo - 7,Molo - 8,383.12,358.2,1494.97
Proper - 8,Gen Luna St - Ruperto Montinola St,mandurriao - 6,R Mapa St - Donato Pison Ave,2500.0,1.2097,San Marcos St,Molo - 8,Molo - 3,383.12,374.0,547.51
Proper - 8,Gen Luna St - Ruperto Montinola St,mandurriao - 6,R Mapa St - Donato Pison Ave,2500.0,1.2097,Gen Luna - Molo Connect,Proper - 1,Molo - 7,383.12,358.2,1494.97
Proper - 8,Gen Luna St - Ruperto Montinola St,mandurriao - 7,Tabucan Mandurriao,4000.0,1.0412,Rotunda,Molo - 7,Molo - 8,1200.0,1164.56,2125.83
Proper - 8,Gen Luna St - Ruperto Montinola St,mandurriao - 7,Tabucan Mandurriao,4000.0,1.0412,San Marcos St,Molo - 8,Molo - 3,1200.0,1188.48,690.89
Proper - 8,Gen Luna St - Ruperto Montinola St,mandurriao - 7,Tabucan Mandurriao,4000.0,1.0412,Gen Luna - Molo Connect,Proper - 1,Molo - 7,1200.0,1164.56,2125.83
Proper - 8,Gen Luna St - Ruperto Montinola St,jaro - 2,Commission Civil St - Burgos St,2500.0,1.1162,Huervana St - Rizal St,lapaz - 1,lapaz - 2,253.04,242.51,631.77
Proper - 8,Gen Luna St - Ruperto Montinola St,jaro - 4,Plaza Rizal St - E Lopez St,2500.0,1.0904,Bonifacio Drive,Proper - 7,lapaz - 10,205.76,204.58,70.35
Proper - 8,Gen Luna St - Ruperto Montinola St,jaro - 4,Plaza Rizal St - E Lopez St,2500.0,1.0904,Luna St - Esplanade 5 (Rev),lapaz - 10,lapaz - 1,205.76,204.58,70.35
Proper - 8,Gen Luna St - Ruperto Montinola St,jaro - 5,Plaza Rizal St - Commission Civil St,2500.0,1.0869,Bonifacio Drive,Proper - 7,lapaz - 10,213.37,212.2,70.35
Proper - 8,Gen Luna St - Ruperto Montinola St,jaro - 5,Plaza Rizal St - Commission Civil St,2500.0,1.0869,Luna St - Esplanade 5 (Rev),lapaz - 10,lapaz - 1,213.37,212.2,70.35
Proper - 8,Gen Luna St - Ruperto Montinola St,jaro - 6,Plaza Rizal St - Iloilo-Capiz Rd/Lopez Jaena St,4500.0,1.0722,Bonifacio Drive,Proper - 7,lapaz - 10,459.25,458.71,32.27
Proper - 8,Gen Luna St - Ruperto Montinola St,jaro - 6,Plaza Rizal St - Iloilo-Capiz Rd/Lopez Jaena St,4500.0,1.0722,Luna St - Huervana St (Rev),lapaz - 1,lapaz - 3,459.25,457.32,116.03
Proper - 8,Gen Luna St - Ruperto Montinola St,jaro - 6,Plaza Rizal St - Iloilo-Capiz Rd/Lopez Jaena St,4500.0,1.0722,Luna St - Esplanade 5 (Rev),lapaz - 10,lapaz - 1,459.25,458.71,32.27
Proper - 8,Gen Luna St - Ruperto Montinola St,jaro - 8,Iloilo-Capiz Rd - Lopez Jaena St,2500.0,1.2427,Bonifacio Drive,Proper - 7,lapaz - 10,426.16,420.73,325.47
Proper - 8,Gen Luna St - Ruperto Montinola St,jaro - 8,Iloilo-Capiz Rd - Lopez Jaena St,2500.0,1.2427,Luna St - Huervana St (Rev),lapaz - 1,lapaz - 3,426.16,423.48,160.79
Proper - 8,Gen Luna St - Ruperto Montinola St,jaro - 8,Iloilo-Capiz Rd - Lopez Jaena St,2500.0,1.2427,Luna St - Esplanade 5 (Rev),lapaz - 10,lapaz - 1,426.16,420.73,325.47
Proper - 8,Gen Luna St - Ruperto Montinola St,jaro - 9,Iloilo-Capiz Rd - Balabago Rd,3000.0,1.3091,E Lopez St,jaro - 1,jaro - 4,558.36,547.89,628.2
Proper - 8,Gen Luna St - Ruperto Montinola St,jaro - 9,Iloilo-Capiz Rd - Balabago Rd,3000.0,1.3091,Luna St - Huervana St (Rev),lapaz - 1,lapaz - 3,558.36,557.61,45.19
Proper - 8,Gen Luna St - Ruperto Montinola St,jaro - 9,Iloilo-Capiz Rd - Balabago Rd,3000.0,1.3091,Luna St,lapaz - 3,jaro - 1,558.36,547.89,628.2
Proper - 8,Gen Luna St - Ruperto Montinola St,jaro - 10,Balabago Rd - Iloilo Circumferential Rd 1,3500.0,1.1685,Luna St - Huervana St (Rev),lapaz - 1,lapaz - 3,593.8,593.71,5.67
Proper - 8,Gen Luna St - Ruperto Montinola St,jaro - 10,Balabago Rd - Iloilo Circumferential Rd 1,3500.0,1.1685,Huervana St - Rizal St,lapaz - 1,lapaz - 2,593.8,568.33,1528.49
Proper - 8,Gen Luna St - Ruperto Montinola St,jaro - 10,Balabago Rd - Iloilo Circumferential Rd 1,3500.0,1.1685,Huervana St - Burgos St,lapaz - 2,lapaz - 4,593.8,577.61,971.39
Proper - 8,Gen Luna St - Ruperto Montinola St,jaro - 10,Balabago Rd - Iloilo Circumferential Rd 1,3500.0,1.1685,Huervana St - Jereos St,lapaz - 4,lapaz - 5,593.8,577.61,971.39
Proper - 8,Gen Luna St - Ruperto Montinola St,jaro - 10,Balabago Rd - Iloilo Circumferential Rd 1,3500.0,1.1685,Lopez Jaena St,lapaz - 5,lapaz - 8,593.8,577.61,971.39
Proper - 8,Gen Luna St - Ruperto Montinola St,jaro - 10,Balabago Rd - Iloilo Circumferential Rd 1,3500.0,1.1685,Baldoza St,lapaz - 8,lapaz - 9,593.8,577.61,971.39
Proper - 8,Gen Luna St - Ruperto Montinola St,jaro - 10,Balabago Rd - Iloilo Circumferential Rd 1,3500.0,1.1685,Rizal St - Ferry Terminal Access Rd,lapuz - 2,lapuz - 4,593.8,593.57,13.85
Proper - 8,Gen Luna St - Ruperto Montinola St,jaro - 10,Balabago Rd - Iloilo Circumferential Rd 1,3500.0,1.1685,Rizal St - Iloilo Airport Direct Rd,lapuz - 4,lapuz - 6,593.8,593.57,13.85
Proper - 8,Gen Luna St - Ruperto Montinola St,jaro - 10,Balabago Rd - Iloilo Circumferential Rd 1,3500.0,1.1685,Lapuz Mansaya Loboc Rd,lapuz - 6,lapuz - 7,593.8,593.57,13.85
Proper - 8,Gen Luna St - Ruperto Montinola St,jaro - 10,Balabago Rd - Iloilo Circumferential Rd 1,3500.0,1.1685,Coastal Rd (Rev),lapuz - 7,lapaz - 9,593.8,593.57,13.85
Proper - 8,Gen Luna St - Ruperto Montinola St,jaro - 11,Iloilo Circumferential Rd 1 - Monfort Blvd,3500.0,1.1801,Huervana St - Rizal St,lapaz - 1,lapaz - 2,595.6,567.99,1656.99
Proper - 8,Gen Luna St - Ruperto Montinola St,jaro - 11,Iloilo Circumferential Rd 1 - Monfort Blvd,3500.0,1.1801,Huervana St - Burgos St,lapaz - 2,lapaz - 4,595.6,578.16,1046.47
Proper - 8,Gen Luna St - Ruperto Montinola St,jaro - 11,Iloilo Circumferential Rd 1 - Monfort Blvd,3500.0,1.1801,Huervana St - Jereos St,lapaz - 4,lapaz - 5,595.6,578.16,1046.47
Proper - 8,Gen Luna St - Ruperto Montinola St,jaro - 11,Iloilo Circumferential Rd 1 - Monfort Blvd,3500.0,1.1801,Lopez Jaena St,lapaz - 5,lapaz - 8,595.6,578.16,1046.47
Proper - 8,Gen Luna St - Ruperto Montinola St,jaro - 11,Iloilo Circumferential Rd 1 - Monfort Blvd,3500.0,1.1801,Baldoza St,lapaz - 8,lapaz - 9,595.6,578.16,1046.47
Proper - 8,Gen Luna St - Ruperto Montinola St,jaro - 11,Iloilo Circumferential Rd 1 - Monfort Blvd,3500.0,1.1801,Rizal St - Ferry Terminal Access Rd,lapuz - 2,lapuz - 4,595.6,595.16,26.5
Proper - 8,Gen Luna St - Ruperto Montinola St,jaro - 11,Iloilo Circumferential Rd 1 - Monfort Blvd,3500.0,1.1801,Rizal St - Iloilo Airport Direct Rd,lapuz - 4,lapuz - 6,595.6,595.16,26.5
Proper - 8,Gen Luna St - Ruperto Montinola St,jaro - 11,Iloilo Circumferential Rd 1 - Monfort Blvd,3500.0,1.1801,Lapuz Mansaya Loboc Rd,lapuz - 6,lapuz - 7,595.6,595.16,26.5
Proper - 8,Gen Luna St - Ruperto Montinola St,jaro - 11,Iloilo Circumferential Rd 1 - Monfort Blvd,3500.0,1.1801,Coastal Rd (Rev),lapuz - 7,lapaz - 9,595.6,595.16,26.5
Proper - 8,Gen Luna St - Ruperto Montinola St,jaro - 12,Buhang Flyover,3000.0,1.0857,Huervana St - Rizal St,lapaz - 1,lapaz - 2,503.19,485.86,1039.54
Proper - 8,Gen Luna St - Ruperto Montinola St,jaro - 12,Buhang Flyover,3000.0,1.0857,Huervana St - Burgos St,lapaz - 2,lapaz - 4,503.19,495.3,473.3
Proper - 8,Gen Luna St - Ruperto Montinola St,jaro - 12,Buhang Flyover,3000.0,1.0857,Huervana St - Jereos St,lapaz - 4,lapaz - 5,503.19,495.3,473.3
Proper - 8,Gen Luna St - Ruperto Montinola St,jaro - 12,Buhang Flyover,3000.0,1.0857,Lopez Jaena St,lapaz - 5,lapaz - 8,503.19,495.3,473.3
Proper - 8,Gen Luna St - Ruperto Montinola St,jaro - 12,Buhang Flyover,3000.0,1.0857,Baldoza St,lapaz - 8,lapaz - 9,503.19,495.3,473.3
Proper - 8,Gen Luna St - Ruperto Montinola St,jaro - 13,Buhang Flyover,2500.0,1.0114,Iloilo-Capiz Rd - Buhang Flyover (Rev),jaro - 12,jaro - 14,417.58,414.74,170.42
Proper - 8,Gen Luna St - Ruperto Montinola St,jaro - 13,Buhang Flyover,2500.0,1.0114,Huervana St - Rizal St,lapaz - 1,lapaz - 2,417.58,407.85,583.95
Proper - 8,Gen Luna St - Ruperto Montinola St,jaro - 14,Iloilo-Capiz Rd - Iloilo Circumferential Rd 1,2500.0,1.0457,Huervana St - Rizal St,lapaz - 1,lapaz - 2,401.39,391.25,608.03
Proper - 8,Gen Luna St - Ruperto Montinola St,jaro - 15,Iloilo Circumferential Rd 1 - Iloilo Radial By-Pass Rd 4,2500.0,1.0102,Iloilo-Capiz Rd - Buhang Flyover (Rev),jaro - 12,jaro - 14,466.69,463.85,170.42
Proper - 8,Gen Luna St - Ruperto Montinola St,jaro - 15,Iloilo Circumferential Rd 1 - Iloilo Radial By-Pass Rd 4,2500.0,1.0102,Huervana St - Rizal St,lapaz - 1,lapaz - 2,466.69,456.96,583.95
Proper - 8,Gen Luna St - Ruperto Montinola St,jaro - 19,Monfort Blvd,4500.0,1.1605,Huervana St - Rizal St,lapaz - 1,lapaz - 2,814.55,810.35,251.67
Proper - 8,Gen Luna St - Ruperto Montinola St,lapaz - 7,Huervana Ext - Burgos St,6500.0,1.2586,E Lopez St,jaro - 1,jaro - 4,881.04,869.73,678.21
Proper - 8,Gen Luna St - Ruperto Montinola St,lapaz - 7,Huervana Ext - Burgos St,6500.0,1.2586,Rizal St - Luna St,lapaz - 2,lapaz - 3,881.04,870.71,619.82
Proper - 8,Gen Luna St - Ruperto Montinola St,lapaz - 7,Huervana Ext - Burgos St,6500.0,1.2586,Luna St,lapaz - 3,jaro - 1,881.04,869.73,678.21
Proper - 8,Gen Luna St - Ruperto Montinola St,lapaz - 9,Baldoza St - Monfort Blvd,9000.0,1.3203,Huervana St - Rizal St,lapaz - 1,lapaz - 2,2028.62,2017.01,696.4
Proper - 9,Gen Luna St - Muelle Loney St,Proper - 1,Gen Luna St - Infante St,9500.0,1.2756,Bonifacio Drive,Proper - 7,lapaz - 10,1170.08,1165.64,266.69
Proper - 9,Gen Luna St - Muelle Loney St,Proper - 1,Gen Luna St - Infante St,9500.0,1.2756,Ledesma St (Rev),Proper - 11,Proper - 6,1170.08,1163.25,409.85
Proper - 9,Gen Luna St - Muelle Loney St,Proper - 1,Gen Luna St - Infante St,9500.0,1.2756,Luna St - Huervana St (Rev),lapaz - 1,lapaz - 3,1170.08,1165.64,266.69
Proper - 9,Gen Luna St - Muelle Loney St,Proper - 1,Gen Luna St - Infante St,9500.0,1.2756,Luna St - Esplanade 5 (Rev),lapaz - 10,lapaz - 1,1170.08,1165.64,266.69
Proper - 9,Gen Luna St - Muelle Loney St,Proper - 4,Baluarte - Calumpang - Villa - Oton Blvd - Infante St,6000.0,1.2038,Infante St 1,Proper - 1,Proper - 2,677.31,657.43,1192.89
Proper - 9,Gen Luna St - Muelle Loney St,Proper - 4,Baluarte - Calumpang - Villa - Oton Blvd - Infante St,6000.0,1.2038,Ruperto Montinola St 2,Proper - 10,Proper - 11,677.31,673.21,245.93
Proper - 9,Gen Luna St - Muelle Loney St,Proper - 5,Baluarte - Calumpang - Villa - Oton Blvd - Rizal St,3000.0,1.1171,Ruperto Montinola St 2,Proper - 10,Proper - 11,198.84,198.38,27.1
Proper - 9,Gen Luna St - Muelle Loney St,Proper - 17,Dela Rama St - Blumentritt,9000.0,1.117,Muelle Loney St 3,Proper - 18,Proper - 19,1799.58,1783.95,937.78
Proper - 9,Gen Luna St - Muelle Loney St,Proper - 18,Muelle Loney St - Blumentritt Left,9500.0,1.1766,Arroyo St (Rev),Proper - 11,Proper - 12,1772.54,1753.84,1122.31
Proper - 9,Gen Luna St - Muelle Loney St,Proper - 18,Muelle Loney St - Blumentritt Left,9500.0,1.1766,Blumentritt 2 (Rev),Proper - 19,Proper - 17,1772.54,1772.32,13.69
Proper - 9,Gen Luna St - Muelle Loney St,Proper - 19,Muelle Loney St - Blumentritt Right,5000.0,1.1305,Arroyo St (Rev),Proper - 11,Proper - 12,428.34,427.62,43.12
Proper - 9,Gen Luna St - Muelle Loney St,Proper - 19,Muelle Loney St - Blumentritt Right,5000.0,1.1305,Blumentritt 1,Proper - 17,Proper - 18,428.34,401.58,1605.7
Proper - 9,Gen Luna St - Muelle Loney St,Proper - 19,Muelle Loney St - Blumentritt Right,5000.0,1.1305,Blumentritt 1 (Rev),Proper - 18,Proper - 17,428.34,427.57,46.25
Proper - 9,Gen Luna St - Muelle Loney St,mandurriao - 2,Mandurriao - Jaro Rd - Mandurriao - Sn Miguel Rd,3500.0,1.2156,Old Iloilo - Capiz Rd (Rev),Proper - 1,mandurriao - 1,522.67,516.87,347.72
Proper - 9,Gen Luna St - Muelle Loney St,mandurriao - 6,R Mapa St - Donato Pison Ave,2500.0,1.2066,Rotunda,Molo - 7,Molo - 8,387.81,362.89,1494.97
Proper - 9,Gen Luna St - Muelle Loney St,mandurriao - 6,R Mapa St - Donato Pison Ave,2500.0,1.2066,San Marcos St,Molo - 8,Molo - 3,387.81,378.68,547.51
Proper - 9,Gen Luna St - Muelle Loney St,mandurriao - 6,R Mapa St - Donato Pison Ave,2500.0,1.2066,Gen Luna - Molo Connect,Proper - 1,Molo - 7,387.81,362.89,1494.97
Proper - 9,Gen Luna St - Muelle Loney St,mandurriao - 7,Tabucan Mandurriao,4000.0,1.0409,Rotunda,Molo - 7,Molo - 8,1207.5,1172.07,2125.83
Proper - 9,Gen Luna St - Muelle Loney St,mandurriao - 7,Tabucan Mandurriao,4000.0,1.0409,San Marcos St,Molo - 8,Molo - 3,1207.5,1195.99,690.89
Proper - 9,Gen Luna St - Muelle Loney St,mandurriao - 7,Tabucan Mandurriao,4000.0,1.0409,Gen Luna - Molo Connect,Proper - 1,Molo - 7,1207.5,1172.07,2125.83
Proper - 9,Gen Luna St - Muelle Loney St,jaro - 2,Commission Civil St - Burgos St,2000.0,1.1675,Huervana St - Rizal St,lapaz - 1,lapaz - 2,199.87,196.01,231.7
Proper - 9,Gen Luna St - Muelle Loney St,jaro - 4,Plaza Rizal St - E Lopez St,2500.0,1.0882,Bonifacio Drive,Proper - 7,lapaz - 10,210.44,209.0,86.56
Proper - 9,Gen Luna St - Muelle Loney St,jaro - 4,Plaza Rizal St - E Lopez St,2500.0,1.0882,Luna St - Huervana St (Rev),lapaz - 1,lapaz - 3,210.44,208.86,95.36
Proper - 9,Gen Luna St - Muelle Loney St,jaro - 4,Plaza Rizal St - E Lopez St,2500.0,1.0882,Luna St - Esplanade 5 (Rev),lapaz - 10,lapaz - 1,210.44,209.0,86.56
Proper - 9,Gen Luna St - Muelle Loney St,jaro - 5,Plaza Rizal St - Commission Civil St,2500.0,1.0849,Bonifacio Drive,Proper - 7,lapaz - 10,218.06,216.62,86.56
Proper - 9,Gen Luna St - Muelle Loney St,jaro - 5,Plaza Rizal St - Commission Civil St,2500.0,1.0849,Luna St - Huervana St (Rev),lapaz - 1,lapaz - 3,218.06,216.47,95.36
Proper - 9,Gen Luna St - Muelle Loney St,jaro - 5,Plaza Rizal St - Commission Civil St,2500.0,1.0849,Luna St - Esplanade 5 (Rev),lapaz - 10,lapaz - 1,218.06,216.62,86.56
Proper - 9,Gen Luna St - Muelle Loney St,jaro - 6,Plaza Rizal St - Iloilo-Capiz Rd/Lopez Jaena St,3000.0,1.0569,Bonifacio Drive,Proper - 7,lapaz - 10,281.3,278.88,144.72
Proper - 9,Gen Luna St - Muelle Loney St,jaro - 6,Plaza Rizal St - Iloilo-Capiz Rd/Lopez Jaena St,3000.0,1.0569,Luna St - Huervana St (Rev),lapaz - 1,lapaz - 3,281.3,280.56,44.07
Proper - 9,Gen Luna St - Muelle Loney St,jaro - 6,Plaza Rizal St - Iloilo-Capiz Rd/Lopez Jaena St,3000.0,1.0569,Luna St - Esplanade 5 (Rev),lapaz - 10,lapaz - 1,281.3,278.88,144.72
Proper - 9,Gen Luna St - Muelle Loney St,jaro - 7,Plaza Rizal St - El 98 St,5500.0,1.0806,Rizal St - Luna St,lapaz - 2,lapaz - 3,588.19,582.47,343.56
Proper - 9,Gen Luna St - Muelle Loney St,jaro - 8,Iloilo-Capiz Rd - Lopez Jaena St,2500.0,1.2394,Bonifacio Drive,Proper - 7,lapaz - 10,430.85,423.55,437.73
Proper - 9,Gen Luna St - Muelle Loney St,jaro - 8,Iloilo-Capiz Rd - Lopez Jaena St,2500.0,1.2394,Luna St - Huervana St (Rev),lapaz - 1,lapaz - 3,430.85,427.55,197.89
Proper - 9,Gen Luna St - Muelle Loney St,jaro - 8,Iloilo-Capiz Rd - Lopez Jaena St,2500.0,1.2394,Luna St - Esplanade 5 (Rev),lapaz - 10,lapaz - 1,430.85,423.55,437.73
Proper - 9,Gen Luna St - Muelle Loney St,jaro - 9,Iloilo-Capiz Rd - Balabago Rd,3000.0,1.3003,E Lopez St,jaro - 1,jaro - 4,556.31,553.52,167.15
Proper - 9,Gen Luna St - Muelle Loney St,jaro - 9,Iloilo-Capiz Rd - Balabago Rd,3000.0,1.3003,Luna St - Huervana St (Rev),lapaz - 1,lapaz - 3,556.31,555.86,26.87
Proper - 9,Gen Luna St - Muelle Loney St,jaro - 9,Iloilo-Capiz Rd - Balabago Rd,3000.0,1.3003,Luna St,lapaz - 3,jaro - 1,556.31,553.52,167.15
Proper - 9,Gen Luna St - Muelle Loney St,jaro - 10,Balabago Rd - Iloilo Circumferential Rd 1,3500.0,1.1503,Huervana St - Rizal St,lapaz - 1,lapaz - 2,586.74,574.12,757.55
Proper - 9,Gen Luna St - Muelle Loney St,jaro - 10,Balabago Rd - Iloilo Circumferential Rd 1,3500.0,1.1503,Huervana St - Burgos St,lapaz - 2,lapaz - 4,586.74,582.72,241.23
Proper - 9,Gen Luna St - Muelle Loney St,jaro - 10,Balabago Rd - Iloilo Circumferential Rd 1,3500.0,1.1503,Huervana St - Jereos St,lapaz - 4,lapaz - 5,586.74,582.72,241.23
Proper - 9,Gen Luna St - Muelle Loney St,jaro - 10,Balabago Rd - Iloilo Circumferential Rd 1,3500.0,1.1503,Lopez Jaena St,lapaz - 5,lapaz - 8,586.74,582.72,241.23
Proper - 9,Gen Luna St - Muelle Loney St,jaro - 10,Balabago Rd - Iloilo Circumferential Rd 1,3500.0,1.1503,Baldoza St,lapaz - 8,lapaz - 9,586.74,582.72,241.23
Proper - 9,Gen Luna St - Muelle Loney St,jaro - 11,Iloilo Circumferential Rd 1 - Monfort Blvd,3500.0,1.1629,Huervana St - Rizal St,lapaz - 1,lapaz - 2,589.22,572.84,983.1
Proper - 9,Gen Luna St - Muelle Loney St,jaro - 11,Iloilo Circumferential Rd 1 - Monfort Blvd,3500.0,1.1629,Huervana St - Burgos St,lapaz - 2,lapaz - 4,589.22,583.45,346.27
Proper - 9,Gen Luna St - Muelle Loney St,jaro - 11,Iloilo Circumferential Rd 1 - Monfort Blvd,3500.0,1.1629,Huervana St - Jereos St,lapaz - 4,lapaz - 5,589.22,583.45,346.27
Proper - 9,Gen Luna St - Muelle Loney St,jaro - 11,Iloilo Circumferential Rd 1 - Monfort Blvd,3500.0,1.1629,Lopez Jaena St,lapaz - 5,lapaz - 8,589.22,583.45,346.27
Proper - 9,Gen Luna St - Muelle Loney St,jaro - 11,Iloilo Circumferential Rd 1 - Monfort Blvd,3500.0,1.1629,Baldoza St,lapaz - 8,lapaz - 9,589.22,583.45,346.27
Proper - 9,Gen Luna St - Muelle Loney St,jaro - 12,Buhang Flyover,3000.0,1.0702,Huervana St - Rizal St,lapaz - 1,lapaz - 2,497.62,490.58,422.85
Proper - 9,Gen Luna St - Muelle Loney St,jaro - 12,Buhang Flyover,3000.0,1.0702,Huervana St - Burgos St,lapaz - 2,lapaz - 4,497.62,497.54,5.04
Proper - 9,Gen Luna St - Muelle Loney St,jaro - 12,Buhang Flyover,3000.0,1.0702,Huervana St - Jereos St,lapaz - 4,lapaz - 5,497.62,497.54,5.04
Proper - 9,Gen Luna St - Muelle Loney St,jaro - 12,Buhang Flyover,3000.0,1.0702,Lopez Jaena St,lapaz - 5,lapaz - 8,497.62,497.54,5.04
Proper - 9,Gen Luna St - Muelle Loney St,jaro - 12,Buhang Flyover,3000.0,1.0702,Baldoza St,lapaz - 8,lapaz - 9,497.62,497.54,5.04
Proper - 9,Gen Luna St - Muelle Loney St,jaro - 14,Iloilo-Capiz Rd - Iloilo Circumferential Rd 1,2500.0,1.0435,Huervana St - Rizal St,lapaz - 1,lapaz - 2,401.55,394.98,394.11
Proper - 9,Gen Luna St - Muelle Loney St,lapaz - 7,Huervana Ext - Burgos St,6500.0,1.254,E Lopez St,jaro - 1,jaro - 4,878.33,876.29,122.77
Proper - 9,Gen Luna St - Muelle Loney St,lapaz - 7,Huervana Ext - Burgos St,6500.0,1.254,Rizal St - Luna St,lapaz - 2,lapaz - 3,878.33,869.13,551.95
Proper - 9,Gen Luna St - Muelle Loney St,lapaz - 7,Huervana Ext - Burgos St,6500.0,1.254,Luna St,lapaz - 3,jaro - 1,878.33,876.29,122.77
Proper - 9,Gen Luna St - Muelle Loney St,lapaz - 9,Baldoza St - Monfort Blvd,9000.0,1.3258,Huervana St - Rizal St,lapaz - 1,lapaz - 2,2042.65,2024.92,1063.43
Proper - 10,Delgado St - Ruperto Montinola St,Molo - 6,Locsin St. - Baluarte - Calumpag - Villa - Oton Blvd,3500.0,1.0656,Infante St 2,Proper - 2,Proper - 3,281.3,277.78,211.2
Proper - 10,Delgado St - Ruperto Montinola St,Molo - 9,M.H Del Pilar St. 2,4000.0,1.1626,Infante St 1 (Rev),Proper - 2,Proper - 1,376.28,358.57,1063.0
Proper - 10,Delgado St - Ruperto Montinola St,Molo - 10,M.H Del Pilar St. 2,4000.0,1.1616,Infante St 1 (Rev),Proper - 2,Proper - 1,378.54,360.77,1066.25
Proper - 10,Delgado St - Ruperto Montinola St,Proper - 4,Baluarte - Calumpang - Villa - Oton Blvd - Infante St,6000.0,1.3474,Infante St 2,Proper - 2,Proper - 3,665.94,646.95,1139.58
Proper - 10,Delgado St - Ruperto Montinola St,Proper - 7,Gen Luna St - Bonifacio Dr,8000.0,1.4009,Gen Luna St 3 (Rev),Proper - 9,Proper - 8,696.92,690.33,395.8
Proper - 10,Delgado St - Ruperto Montinola St,Proper - 7,Gen Luna St - Bonifacio Dr,8000.0,1.4009,Quirino - Lopez Bridge,Proper - 9,lapuz - 2,696.92,688.65,496.47
Proper - 10,Delgado St - Ruperto Montinola St,Proper - 7,Gen Luna St - Bonifacio Dr,8000.0,1.4009,Luna St - Esplanade 5,lapaz - 1,lapaz - 10,696.92,688.65,496.47
Proper - 10,Delgado St - Ruperto Montinola St,Proper - 7,Gen Luna St - Bonifacio Dr,8000.0,1.4009,Rizal St - Luna St,lapaz - 2,lapaz - 3,696.92,688.65,496.47
Proper - 10,Delgado St - Ruperto Montinola St,Proper - 7,Gen Luna St - Bonifacio Dr,8000.0,1.4009,Luna St - Huervana St,lapaz - 3,lapaz - 1,696.92,688.65,496.47
Proper - 10,Delgado St - Ruperto Montinola St,Proper - 7,Gen Luna St - Bonifacio Dr,8000.0,1.4009,Bonifacio Drive (Rev),lapaz - 10,Proper - 7,696.92,688.65,496.47
Proper - 10,Delgado St - Ruperto Montinola St,Proper - 7,Gen Luna St - Bonifacio Dr,8000.0,1.4009,Rizal St - Huervana St (Rev),lapuz - 2,lapaz - 2,696.92,688.65,496.47
Proper - 10,Delgado St - Ruperto Montinola St,Proper - 17,Dela Rama St - Blumentritt,5500.0,1.1671,Arroyo St (Rev),Proper - 11,Proper - 12,479.11,465.43,820.74
Proper - 10,Delgado St - Ruperto Montinola St,Proper - 19,Muelle Loney St - Blumentritt Right,4500.0,1.1847,Arroyo St (Rev),Proper - 11,Proper - 12,349.5,336.75,765.17
Proper - 10,Delgado St - Ruperto Montinola St,Proper - 21,Fort San Pedro Dr - Muelle Loney St,1500.0,1.0281,Dela Rama St 1,Proper - 13,Proper - 17,85.71,85.67,2.86
Proper - 10,Delgado St - Ruperto Montinola St,mandurriao - 2,Mandurriao - Jaro Rd - Mandurriao - Sn Miguel Rd,3500.0,1.1436,Infante St 1 (Rev),Proper - 2,Proper - 1,498.86,493.87,299.17
Proper - 10,Delgado St - Ruperto Montinola St,mandurriao - 3,Mandurriao - Sn Miguel Rd - R Mapa St,3500.0,1.1289,Infante St 1 (Rev),Proper - 2,Proper - 1,548.62,543.63,299.17
Proper - 10,Delgado St - Ruperto Montinola St,mandurriao - 4,R Mapa St - Mandurriao - Jaro Rd,3000.0,1.0911,Infante St 1 (Rev),Proper - 2,Proper - 1,419.77,410.32,566.89
Proper - 10,Delgado St - Ruperto Montinola St,mandurriao - 6,R Mapa St - Donato Pison Ave,2500.0,1.2005,Infante St 1 (Rev),Proper - 2,Proper - 1,381.64,380.35,77.32
Proper - 10,Delgado St - Ruperto Montinola St,mandurriao - 7,Tabucan Mandurriao,3500.0,1.0668,Rotunda,Molo - 7,Molo - 8,831.58,831.26,19.15
Proper - 10,Delgado St - Ruperto Montinola St,mandurriao - 7,Tabucan Mandurriao,3500.0,1.0668,San Marcos St,Molo - 8,Molo - 3,831.58,831.26,19.15
Proper - 10,Delgado St - Ruperto Montinola St,mandurriao - 7,Tabucan Mandurriao,3500.0,1.0668,Gen Luna - Molo Connect,Proper - 1,Molo - 7,831.58,831.26,19.15
Proper - 10,Delgado St - Ruperto Montinola St,jaro - 1,E Lopez St - Luna St,4500.0,1.2352,Gen Luna St 3,Proper - 8,Proper - 9,505.0,504.47,32.06
Proper - 10,Delgado St - Ruperto Montinola St,jaro - 1,E Lopez St - Luna St,4500.0,1.2352,Luna St - Huervana St (Rev),lapaz - 1,lapaz - 3,505.0,504.85,8.7
Proper - 10,Delgado St - Ruperto Montinola St,jaro - 2,Commission Civil St - Burgos St,2500.0,1.1227,Huervana St - Rizal St,lapaz - 1,lapaz - 2,284.29,273.76,631.77
Proper - 10,Delgado St - Ruperto Montinola St,jaro - 5,Plaza Rizal St - Commission Civil St,6000.0,1.072,Gen Luna St 1 (Rev),Proper - 7,Proper - 1,702.01,700.95,63.88
Proper - 10,Delgado St - Ruperto Montinola St,jaro - 5,Plaza Rizal St - Commission Civil St,6000.0,1.072,Luna St - Huervana St (Rev),lapaz - 1,lapaz - 3,702.01,700.94,64.24
Proper - 10,Delgado St - Ruperto Montinola St,jaro - 7,Plaza Rizal St - El 98 St,6500.0,1.076,Gen Luna St 1 (Rev),Proper - 7,Proper - 1,824.66,813.13,692.1
Proper - 10,Delgado St - Ruperto Montinola St,jaro - 9,Iloilo-Capiz Rd - Balabago Rd,3000.0,1.2502,Gen Luna St 3,Proper - 8,Proper - 9,588.33,586.01,139.11
Proper - 10,Delgado St - Ruperto Montinola St,jaro - 9,Iloilo-Capiz Rd - Balabago Rd,3000.0,1.2502,Quirino - Lopez Bridge,Proper - 9,lapuz - 2,588.33,586.01,139.11
Proper - 10,Delgado St - Ruperto Montinola St,jaro - 9,Iloilo-Capiz Rd - Balabago Rd,3000.0,1.2502,E Lopez St,jaro - 1,jaro - 4,588.33,575.53,767.67
Proper - 10,Delgado St - Ruperto Montinola St,jaro - 9,Iloilo-Capiz Rd - Balabago Rd,3000.0,1.2502,Luna St - Huervana St (Rev),lapaz - 1,lapaz - 3,588.33,586.32,120.22
Proper - 10,Delgado St - Ruperto Montinola St,jaro - 9,Iloilo-Capiz Rd - Balabago Rd,3000.0,1.2502,Luna St,lapaz - 3,jaro - 1,588.33,575.53,767.67
Proper - 10,Delgado St - Ruperto Montinola St,jaro - 9,Iloilo-Capiz Rd - Balabago Rd,3000.0,1.2502,Rizal St - Huervana St (Rev),lapuz - 2,lapaz - 2,588.33,586.01,139.11
Proper - 10,Delgado St - Ruperto Montinola St,jaro - 10,Balabago Rd - Iloilo Circumferential Rd 1,3500.0,1.1616,Bonifacio Drive,Proper - 7,lapaz - 10,636.92,636.52,24.12
Proper - 10,Delgado St - Ruperto Montinola St,jaro - 10,Balabago Rd - Iloilo Circumferential Rd 1,3500.0,1.1616,Gen Luna St 2 (Rev),Proper - 8,Proper - 7,636.92,636.52,24.12
Proper - 10,Delgado St - Ruperto Montinola St,jaro - 10,Balabago Rd - Iloilo Circumferential Rd 1,3500.0,1.1616,Luna St - Esplanade 5 (Rev),lapaz - 10,lapaz - 1,636.92,636.52,24.12
Proper - 10,Delgado St - Ruperto Montinola St,jaro - 10,Balabago Rd - Iloilo Circumferential Rd 1,3500.0,1.1616,Rizal St - Huervana St (Rev),lapuz - 2,lapaz - 2,636.92,636.44,29.05
Proper - 10,Delgado St - Ruperto Montinola St,jaro - 11,Iloilo Circumferential Rd 1 - Monfort Blvd,3500.0,1.1622,Rizal St - Huervana St (Rev),lapuz - 2,lapaz - 2,633.38,633.0,22.43
Proper - 10,Delgado St - Ruperto Montinola St,jaro - 12,Buhang Flyover,3000.0,1.0887,Huervana St - Rizal St,lapaz - 1,lapaz - 2,540.28,531.42,531.79
Proper - 10,Delgado St - Ruperto Montinola St,jaro - 13,Buhang Flyover,2500.0,1.0214,Iloilo-Capiz Rd - Buhang Flyover (Rev),jaro - 12,jaro - 14,448.83,445.99,170.42
Proper - 10,Delgado St - Ruperto Montinola St,jaro - 13,Buhang Flyover,2500.0,1.0214,Huervana St - Rizal St,lapaz - 1,lapaz - 2,448.83,439.1,583.95
Proper - 10,Delgado St - Ruperto Montinola St,jaro - 14,Iloilo-Capiz Rd - Iloilo Circumferential Rd 1,2500.0,1.0542,Huervana St - Rizal St,lapaz - 1,lapaz - 2,432.64,422.5,608.03
Proper - 10,Delgado St - Ruperto Montinola St,jaro - 15,Iloilo Circumferential Rd 1 - Iloilo Radial By-Pass Rd 4,2500.0,1.0193,Iloilo-Capiz Rd - Buhang Flyover (Rev),jaro - 12,jaro - 14,497.95,495.1,170.42
Proper - 10,Delgado St - Ruperto Montinola St,jaro - 15,Iloilo Circumferential Rd 1 - Iloilo Radial By-Pass Rd 4,2500.0,1.0193,Huervana St - Rizal St,lapaz - 1,lapaz - 2,497.95,488.21,583.95
Proper - 10,Delgado St - Ruperto Montinola St,jaro - 16,Old Lopez Jaena St - Old Iloilo-Capiz Rd,5000.0,1.0638,Gen Luna St 1 (Rev),Proper - 7,Proper - 1,904.5,894.51,599.19
Proper - 10,Delgado St - Ruperto Montinola St,jaro - 17,Iloilo-Capiz Rd - Old Iloilo-Capiz Rd,5000.0,1.0625,Gen Luna St 1 (Rev),Proper - 7,Proper - 1,882.62,872.64,599.19
Proper - 10,Delgado St - Ruperto Montinola St,jaro - 19,Monfort Blvd,4500.0,1.1883,Bonifacio Drive,Proper - 7,lapaz - 10,905.35,897.16,491.75
Proper - 10,Delgado St - Ruperto Montinola St,jaro - 19,Monfort Blvd,4500.0,1.1883,Gen Luna St 2 (Rev),Proper - 8,Proper - 7,905.35,897.16,491.75
Proper - 10,Delgado St - Ruperto Montinola St,jaro - 19,Monfort Blvd,4500.0,1.1883,Ruperto Montinola St 2,Proper - 10,Proper - 11,905.35,899.53,349.44
Proper - 10,Delgado St - Ruperto Montinola St,jaro - 19,Monfort Blvd,4500.0,1.1883,Arroyo St (Rev),Proper - 11,Proper - 12,905.35,899.53,349.44
Proper - 10,Delgado St - Ruperto Montinola St,jaro - 19,Monfort Blvd,4500.0,1.1883,Muelle Loney St 1 (Rev),Proper - 12,Proper - 9,905.35,899.53,349.44
Proper - 10,Delgado St - Ruperto Montinola St,jaro - 19,Monfort Blvd,4500.0,1.1883,Huervana St - Rizal St,lapaz - 1,lapaz - 2,905.35,897.16,491.75
Proper - 10,Delgado St - Ruperto Montinola St,jaro - 19,Monfort Blvd,4500.0,1.1883,Luna St - Esplanade 5 (Rev),lapaz - 10,lapaz - 1,905.35,897.16,491.75
Proper - 10,Delgado St - Ruperto Montinola St,jaro - 24,Old Iloilo-Capiz Rd - Pavia,5500.0,1.0121,Gen Luna St 1 (Rev),Proper - 7,Proper - 1,1073.4,1057.04,981.39
Proper - 10,Delgado St - Ruperto Montinola St,lapaz - 1,Luna St - Huervana St,8500.0,1.3841,Gen Luna St 3,Proper - 8,Proper - 9,1217.41,1203.45,837.48
Proper - 10,Delgado St - Ruperto Montinola St,lapaz - 2,Rizal St - Luna St,8500.0,1.4519,Arroyo St (Rev),Proper - 11,Proper - 12,1194.53,1193.51,60.99
Proper - 10,Delgado St - Ruperto Montinola St,lapaz - 5,Huervana St - Jereos St,7000.0,1.2226,Rizal St - Huervana St (Rev),lapuz - 2,lapaz - 2,1053.68,1046.77,414.34
Proper - 10,Delgado St - Ruperto Montinola St,lapaz - 9,Baldoza St - Monfort Blvd,8000.0,1.3074,Bonifacio Drive,Proper - 7,lapaz - 10,1820.43,1799.25,1270.96
Proper - 10,Delgado St - Ruperto Montinola St,lapaz - 9,Baldoza St - Monfort Blvd,8000.0,1.3074,Gen Luna St 3,Proper - 8,Proper - 9,1820.43,1816.2,253.91
Proper - 10,Delgado St - Ruperto Montinola St,lapaz - 9,Baldoza St - Monfort Blvd,8000.0,1.3074,Huervana St - Rizal St,lapaz - 1,lapaz - 2,1820.43,1799.25,1270.96
Proper - 10,Delgado St - Ruperto Montinola St,lapaz - 9,Baldoza St - Monfort Blvd,8000.0,1.3074,Luna St - Esplanade 5 (Rev),lapaz - 10,lapaz - 1,1820.43,1799.25,1270.96
Proper - 10,Delgado St - Ruperto Montinola St,lapuz - 4,Rizal St - New Iloilo Ferry Terminal Access Rd,5500.0,1.515,Gen Luna St 3,Proper - 8,Proper - 9,829.93,795.45,2068.73
Proper - 10,Delgado St - Ruperto Montinola St,lapuz - 5,New Iloilo Ferry Terminal Access Rd,6000.0,1.2863,Gen Luna St 3,Proper - 8,Proper - 9,1166.06,1159.03,421.79
Proper - 10,Delgado St - Ruperto Montinola St,lapuz - 6,Rizal St - Lapuz-Mansaya-Roboc Rd,4500.0,1.3556,Gen Luna St 3,Proper - 8,Proper - 9,584.14,547.78,2181.74
Proper - 10,Delgado St - Ruperto Montinola St,lapuz - 6,Rizal St - Lapuz-Mansaya-Roboc Rd,4500.0,1.3556,Gen Luna St 3 (Rev),Proper - 9,Proper - 8,584.14,583.41,44.29
Proper - 10,Delgado St - Ruperto Montinola St,lapuz - 7,Lapuz-Mansaya-Roboc Rd - Coastal Rd,9500.0,1.0977,Rizal St - Huervana St (Rev),lapuz - 2,lapaz - 2,3007.6,2976.39,1872.71
Proper - 11,Ledesma St - Ruperto Montinola St,Molo - 3,Locsin St - San Marcos St.,2000.0,1.024,Timawa St (Rev),Proper - 2,Molo - 5,170.1,168.08,121.55
Proper - 11,Ledesma St - Ruperto Montinola St,Molo - 7,San Marcos St. - MH del Pilar St. 1 (Rotunda),7000.0,1.0547,Infante St 2 (Rev),Proper - 3,Proper - 2,714.77,693.91,1251.44
Proper - 11,Ledesma St - Ruperto Montinola St,Molo - 7,San Marcos St. - MH del Pilar St. 1 (Rotunda),7000.0,1.0547,Gen Luna St 3 (Rev),Proper - 9,Proper - 8,714.77,707.95,409.09
Proper - 11,Ledesma St - Ruperto Montinola St,Molo - 7,San Marcos St. - MH del Pilar St. 1 (Rotunda),7000.0,1.0547,Arroyo St (Rev),Proper - 11,Proper - 12,714.77,707.95,409.09
Proper - 11,Ledesma St - Ruperto Montinola St,Molo - 7,San Marcos St. - MH del Pilar St. 1 (Rotunda),7000.0,1.0547,Muelle Loney St 1 (Rev),Proper - 12,Proper - 9,714.77,707.95,409.09
Proper - 11,Ledesma St - Ruperto Montinola St,Molo - 8,San Marcos St. - MH del Pilar St. 1 (Rotunda),7000.0,1.0513,Infante St 2 (Rev),Proper - 3,Proper - 2,760.62,739.76,1251.44
Proper - 11,Ledesma St - Ruperto Montinola St,Molo - 8,San Marcos St. - MH del Pilar St. 1 (Rotunda),7000.0,1.0513,Gen Luna St 3 (Rev),Proper - 9,Proper - 8,760.62,753.8,409.09
Proper - 11,Ledesma St - Ruperto Montinola St,Molo - 8,San Marcos St. - MH del Pilar St. 1 (Rotunda),7000.0,1.0513,Arroyo St (Rev),Proper - 11,Proper - 12,760.62,753.8,409.09
Proper - 11,Ledesma St - Ruperto Montinola St,Molo - 8,San Marcos St. - MH del Pilar St. 1 (Rotunda),7000.0,1.0513,Muelle Loney St 1 (Rev),Proper - 12,Proper - 9,760.62,753.8,409.09
Proper - 11,Ledesma St - Ruperto Montinola St,Proper - 4,Baluarte - Calumpang - Villa - Oton Blvd - Infante St,6000.0,1.3121,Infante St 2,Proper - 2,Proper - 3,666.23,638.23,1679.96
Proper - 11,Ledesma St - Ruperto Montinola St,Proper - 7,Gen Luna St - Bonifacio Dr,8000.0,1.3808,Gen Luna St 3 (Rev),Proper - 9,Proper - 8,748.27,748.2,4.38
Proper - 11,Ledesma St - Ruperto Montinola St,Proper - 21,Fort San Pedro Dr - Muelle Loney St,1500.0,1.0299,Dela Rama St 1,Proper - 13,Proper - 17,80.68,80.63,2.86
Proper - 11,Ledesma St - Ruperto Montinola St,mandurriao - 3,Mandurriao - Sn Miguel Rd - R Mapa St,3500.0,1.1319,Ruperto Montinola St 1 (Rev),Proper - 10,Proper - 8,561.87,560.99,52.97
Proper - 11,Ledesma St - Ruperto Montinola St,mandurriao - 6,R Mapa St - Donato Pison Ave,2500.0,1.1904,Rotunda,Molo - 7,Molo - 8,388.75,388.29,27.94
Proper - 11,Ledesma St - Ruperto Montinola St,mandurriao - 6,R Mapa St - Donato Pison Ave,2500.0,1.1904,San Marcos St,Molo - 8,Molo - 3,388.75,388.29,27.94
Proper - 11,Ledesma St - Ruperto Montinola St,mandurriao - 6,R Mapa St - Donato Pison Ave,2500.0,1.1904,Gen Luna - Molo Connect,Proper - 1,Molo - 7,388.75,388.29,27.94
Proper - 11,Ledesma St - Ruperto Montinola St,mandurriao - 6,R Mapa St - Donato Pison Ave,2500.0,1.1904,Timawa St (Rev),Proper - 2,Molo - 5,388.75,385.87,173.32
Proper - 11,Ledesma St - Ruperto Montinola St,mandurriao - 7,Tabucan Mandurriao,3500.0,1.0605,Rotunda,Molo - 7,Molo - 8,840.18,839.82,21.42
Proper - 11,Ledesma St - Ruperto Montinola St,mandurriao - 7,Tabucan Mandurriao,3500.0,1.0605,San Marcos St,Molo - 8,Molo - 3,840.18,839.82,21.42
Proper - 11,Ledesma St - Ruperto Montinola St,mandurriao - 7,Tabucan Mandurriao,3500.0,1.0605,Gen Luna - Molo Connect,Proper - 1,Molo - 7,840.18,839.82,21.42
Proper - 11,Ledesma St - Ruperto Montinola St,mandurriao - 7,Tabucan Mandurriao,3500.0,1.0605,Timawa St (Rev),Proper - 2,Molo - 5,840.18,836.14,241.97
Proper - 11,Ledesma St - Ruperto Montinola St,mandurriao - 7,Tabucan Mandurriao,3500.0,1.0605,Infante St 2 (Rev),Proper - 3,Proper - 2,840.18,839.73,27.09
Proper - 11,Ledesma St - Ruperto Montinola St,jaro - 2,Commission Civil St - Burgos St,2500.0,1.112,Huervana St - Rizal St,lapaz - 1,lapaz - 2,294.45,283.92,631.77
Proper - 11,Ledesma St - Ruperto Montinola St,jaro - 4,Plaza Rizal St - E Lopez St,6500.0,1.0656,Luna St - Huervana St (Rev),lapaz - 1,lapaz - 3,831.86,830.9,57.84
Proper - 11,Ledesma St - Ruperto Montinola St,jaro - 5,Plaza Rizal St - Commission Civil St,5500.0,1.0662,Infante St 2 (Rev),Proper - 3,Proper - 2,635.43,631.93,209.85
Proper - 11,Ledesma St - Ruperto Montinola St,jaro - 5,Plaza Rizal St - Commission Civil St,5500.0,1.0662,Rizal St 1,Proper - 5,Proper - 3,635.43,631.93,209.85
Proper - 11,Ledesma St - Ruperto Montinola St,jaro - 5,Plaza Rizal St - Commission Civil St,5500.0,1.0662,Rizal St 2 (Rev),Proper - 6,Proper - 5,635.43,631.93,209.85
Proper - 11,Ledesma St - Ruperto Montinola St,jaro - 5,Plaza Rizal St - Commission Civil St,5500.0,1.0662,Delgado St (Rev),Proper - 10,Proper - 2,635.43,628.01,445.17
Proper - 11,Ledesma St - Ruperto Montinola St,jaro - 5,Plaza Rizal St - Commission Civil St,5500.0,1.0662,Ledesma St (Rev),Proper - 11,Proper - 6,635.43,631.93,209.85
Proper - 11,Ledesma St - Ruperto Montinola St,jaro - 5,Plaza Rizal St - Commission Civil St,5500.0,1.0662,Luna St - Huervana St (Rev),lapaz - 1,lapaz - 3,635.43,635.34,5.39
Proper - 11,Ledesma St - Ruperto Montinola St,jaro - 7,Plaza Rizal St - El 98 St,2500.0,1.0284,Gen Luna St 1 (Rev),Proper - 7,Proper - 1,236.99,236.88,6.62
Proper - 11,Ledesma St - Ruperto Montinola St,jaro - 7,Plaza Rizal St - El 98 St,2500.0,1.0284,Delgado St (Rev),Proper - 10,Proper - 2,236.99,236.68,18.7
Proper - 11,Ledesma St - Ruperto Montinola St,jaro - 9,Iloilo-Capiz Rd - Balabago Rd,3000.0,1.2718,Quirino - Lopez Bridge,Proper - 9,lapuz - 2,602.15,600.81,79.93
Proper - 11,Ledesma St - Ruperto Montinola St,jaro - 9,Iloilo-Capiz Rd - Balabago Rd,3000.0,1.2718,E Lopez St,jaro - 1,jaro - 4,602.15,588.3,830.72
Proper - 11,Ledesma St - Ruperto Montinola St,jaro - 9,Iloilo-Capiz Rd - Balabago Rd,3000.0,1.2718,Luna St - Huervana St (Rev),lapaz - 1,lapaz - 3,602.15,600.31,110.31
Proper - 11,Ledesma St - Ruperto Montinola St,jaro - 9,Iloilo-Capiz Rd - Balabago Rd,3000.0,1.2718,Luna St,lapaz - 3,jaro - 1,602.15,588.3,830.72
Proper - 11,Ledesma St - Ruperto Montinola St,jaro - 9,Iloilo-Capiz Rd - Balabago Rd,3000.0,1.2718,Rizal St - Huervana St (Rev),lapuz - 2,lapaz - 2,602.15,600.81,79.93
Proper - 11,Ledesma St - Ruperto Montinola St,jaro - 10,Balabago Rd - Iloilo Circumferential Rd 1,3500.0,1.1554,Bonifacio Drive,Proper - 7,lapaz - 10,653.75,651.85,114.34
Proper - 11,Ledesma St - Ruperto Montinola St,jaro - 10,Balabago Rd - Iloilo Circumferential Rd 1,3500.0,1.1554,Gen Luna St 2 (Rev),Proper - 8,Proper - 7,653.75,651.85,114.34
Proper - 11,Ledesma St - Ruperto Montinola St,jaro - 10,Balabago Rd - Iloilo Circumferential Rd 1,3500.0,1.1554,E Lopez St,jaro - 1,jaro - 4,653.75,649.63,247.5
Proper - 11,Ledesma St - Ruperto Montinola St,jaro - 10,Balabago Rd - Iloilo Circumferential Rd 1,3500.0,1.1554,Huervana St - Rizal St,lapaz - 1,lapaz - 2,653.75,631.91,1310.53
Proper - 11,Ledesma St - Ruperto Montinola St,jaro - 10,Balabago Rd - Iloilo Circumferential Rd 1,3500.0,1.1554,Rizal St - Luna St,lapaz - 2,lapaz - 3,653.75,649.63,247.5
Proper - 11,Ledesma St - Ruperto Montinola St,jaro - 10,Balabago Rd - Iloilo Circumferential Rd 1,3500.0,1.1554,Huervana St - Burgos St,lapaz - 2,lapaz - 4,653.75,641.48,736.27
Proper - 11,Ledesma St - Ruperto Montinola St,jaro - 10,Balabago Rd - Iloilo Circumferential Rd 1,3500.0,1.1554,Luna St,lapaz - 3,jaro - 1,653.75,649.63,247.5
Proper - 11,Ledesma St - Ruperto Montinola St,jaro - 10,Balabago Rd - Iloilo Circumferential Rd 1,3500.0,1.1554,Huervana St - Jereos St,lapaz - 4,lapaz - 5,653.75,641.48,736.27
Proper - 11,Ledesma St - Ruperto Montinola St,jaro - 10,Balabago Rd - Iloilo Circumferential Rd 1,3500.0,1.1554,Lopez Jaena St,lapaz - 5,lapaz - 8,653.75,641.48,736.27
Proper - 11,Ledesma St - Ruperto Montinola St,jaro - 10,Balabago Rd - Iloilo Circumferential Rd 1,3500.0,1.1554,Baldoza St,lapaz - 8,lapaz - 9,653.75,641.48,736.27
Proper - 11,Ledesma St - Ruperto Montinola St,jaro - 10,Balabago Rd - Iloilo Circumferential Rd 1,3500.0,1.1554,Luna St - Esplanade 5 (Rev),lapaz - 10,lapaz - 1,653.75,651.85,114.34
Proper - 11,Ledesma St - Ruperto Montinola St,jaro - 10,Balabago Rd - Iloilo Circumferential Rd 1,3500.0,1.1554,Rizal St - Huervana St (Rev),lapuz - 2,lapaz - 2,653.75,649.24,271.01
Proper - 11,Ledesma St - Ruperto Montinola St,jaro - 11,Iloilo Circumferential Rd 1 - Monfort Blvd,3500.0,1.1652,Bonifacio Drive,Proper - 7,lapaz - 10,655.24,649.07,369.83
Proper - 11,Ledesma St - Ruperto Montinola St,jaro - 11,Iloilo Circumferential Rd 1 - Monfort Blvd,3500.0,1.1652,Gen Luna St 2 (Rev),Proper - 8,Proper - 7,655.24,649.07,369.83
Proper - 11,Ledesma St - Ruperto Montinola St,jaro - 11,Iloilo Circumferential Rd 1 - Monfort Blvd,3500.0,1.1652,Huervana St - Rizal St,lapaz - 1,lapaz - 2,655.24,633.7,1292.0
Proper - 11,Ledesma St - Ruperto Montinola St,jaro - 11,Iloilo Circumferential Rd 1 - Monfort Blvd,3500.0,1.1652,Huervana St - Burgos St,lapaz - 2,lapaz - 4,655.24,642.05,791.12
Proper - 11,Ledesma St - Ruperto Montinola St,jaro - 11,Iloilo Circumferential Rd 1 - Monfort Blvd,3500.0,1.1652,Huervana St - Jereos St,lapaz - 4,lapaz - 5,655.24,642.05,791.12
Proper - 11,Ledesma St - Ruperto Montinola St,jaro - 11,Iloilo Circumferential Rd 1 - Monfort Blvd,3500.0,1.1652,Lopez Jaena St,lapaz - 5,lapaz - 8,655.24,642.05,791.12
Proper - 11,Ledesma St - Ruperto Montinola St,jaro - 11,Iloilo Circumferential Rd 1 - Monfort Blvd,3500.0,1.1652,Baldoza St,lapaz - 8,lapaz - 9,655.24,642.05,791.12
Proper - 11,Ledesma St - Ruperto Montinola St,jaro - 11,Iloilo Circumferential Rd 1 - Monfort Blvd,3500.0,1.1652,Luna St - Esplanade 5 (Rev),lapaz - 10,lapaz - 1,655.24,649.07,369.83
Proper - 11,Ledesma St - Ruperto Montinola St,jaro - 12,Buhang Flyover,3000.0,1.0853,Huervana St - Rizal St,lapaz - 1,lapaz - 2,553.71,537.0,1002.44
Proper - 11,Ledesma St - Ruperto Montinola St,jaro - 12,Buhang Flyover,3000.0,1.0853,Huervana St - Burgos St,lapaz - 2,lapaz - 4,553.71,546.45,435.66
Proper - 11,Ledesma St - Ruperto Montinola St,jaro - 12,Buhang Flyover,3000.0,1.0853,Huervana St - Jereos St,lapaz - 4,lapaz - 5,553.71,546.45,435.66
Proper - 11,Ledesma St - Ruperto Montinola St,jaro - 12,Buhang Flyover,3000.0,1.0853,Lopez Jaena St,lapaz - 5,lapaz - 8,553.71,546.45,435.66
Proper - 11,Ledesma St - Ruperto Montinola St,jaro - 12,Buhang Flyover,3000.0,1.0853,Baldoza St,lapaz - 8,lapaz - 9,553.71,546.45,435.66
Proper - 11,Ledesma St - Ruperto Montinola St,jaro - 13,Buhang Flyover,2500.0,1.0186,Iloilo-Capiz Rd - Buhang Flyover (Rev),jaro - 12,jaro - 14,458.99,456.15,170.42
Proper - 11,Ledesma St - Ruperto Montinola St,jaro - 13,Buhang Flyover,2500.0,1.0186,Huervana St - Rizal St,lapaz - 1,lapaz - 2,458.99,449.26,583.95
Proper - 11,Ledesma St - Ruperto Montinola St,jaro - 14,Iloilo-Capiz Rd - Iloilo Circumferential Rd 1,2500.0,1.05,Huervana St - Rizal St,lapaz - 1,lapaz - 2,442.8,432.66,608.03
Proper - 11,Ledesma St - Ruperto Montinola St,jaro - 15,Iloilo Circumferential Rd 1 - Iloilo Radial By-Pass Rd 4,2500.0,1.0167,Iloilo-Capiz Rd - Buhang Flyover (Rev),jaro - 12,jaro - 14,508.1,505.26,170.42
Proper - 11,Ledesma St - Ruperto Montinola St,jaro - 15,Iloilo Circumferential Rd 1 - Iloilo Radial By-Pass Rd 4,2500.0,1.0167,Huervana St - Rizal St,lapaz - 1,lapaz - 2,508.1,498.37,583.95
Proper - 11,Ledesma St - Ruperto Montinola St,lapaz - 1,Luna St - Huervana St,8500.0,1.3951,Gen Luna St 3,Proper - 8,Proper - 9,1280.84,1266.02,889.25
Proper - 11,Ledesma St - Ruperto Montinola St,lapaz - 2,Rizal St - Luna St,8500.0,1.466,Gen Luna St 3,Proper - 8,Proper - 9,1255.63,1236.55,1144.28
Proper - 11,Ledesma St - Ruperto Montinola St,lapaz - 4,Huervana St - Burgos St,7000.0,1.1943,Gen Luna St 3,Proper - 8,Proper - 9,1061.5,1053.96,452.19
Proper - 11,Ledesma St - Ruperto Montinola St,lapaz - 4,Huervana St - Burgos St,7000.0,1.1943,Gen Luna St 3 (Rev),Proper - 9,Proper - 8,1061.5,1061.12,22.47
Proper - 11,Ledesma St - Ruperto Montinola St,lapaz - 5,Huervana St - Jereos St,7000.0,1.2446,Gen Luna St 3,Proper - 8,Proper - 9,1104.31,1104.09,13.08
Proper - 11,Ledesma St - Ruperto Montinola St,lapaz - 5,Huervana St - Jereos St,7000.0,1.2446,Gen Luna St 3 (Rev),Proper - 9,Proper - 8,1104.31,1099.96,260.97
Proper - 11,Ledesma St - Ruperto Montinola St,lapaz - 5,Huervana St - Jereos St,7000.0,1.2446,Rizal St - Huervana St (Rev),lapuz - 2,lapaz - 2,1104.31,1092.97,680.26
Proper - 11,Ledesma St - Ruperto Montinola St,lapaz - 7,Huervana Ext - Burgos St,5500.0,1.0323,Gen Luna St 3,Proper - 8,Proper - 9,791.07,788.14,175.6
Proper - 11,Ledesma St - Ruperto Montinola St,lapaz - 8,Lopez Jaena St - Baldoza St,4500.0,1.201,Rizal St - Huervana St (Rev),lapuz - 2,lapaz - 2,537.86,535.41,146.97
Proper - 11,Ledesma St - Ruperto Montinola St,lapaz - 9,Baldoza St - Monfort Blvd,8000.0,1.3234,Bonifacio Drive,Proper - 7,lapaz - 10,1875.12,1859.37,945.1
Proper - 11,Ledesma St - Ruperto Montinola St,lapaz - 9,Baldoza St - Monfort Blvd,8000.0,1.3234,Gen Luna St 3,Proper - 8,Proper - 9,1875.12,1850.84,1456.62
Proper - 11,Ledesma St - Ruperto Montinola St,lapaz - 9,Baldoza St - Monfort Blvd,8000.0,1.3234,Luna St - Esplanade 5 (Rev),lapaz - 10,lapaz - 1,1875.12,1859.37,945.1
Proper - 11,Ledesma St - Ruperto Montinola St,lapuz - 4,Rizal St - New Iloilo Ferry Terminal Access Rd,5500.0,1.4748,Gen Luna St 3,Proper - 8,Proper - 9,837.49,808.2,1757.03
Proper - 11,Ledesma St - Ruperto Montinola St,lapuz - 5,New Iloilo Ferry Terminal Access Rd,5500.0,1.3615,Gen Luna St 3,Proper - 8,Proper - 9,1015.47,986.19,1757.03
Proper - 11,Ledesma St - Ruperto Montinola St,lapuz - 6,Rizal St - Lapuz-Mansaya-Roboc Rd,4500.0,1.3269,Gen Luna St 3,Proper - 8,Proper - 9,583.56,559.9,1419.53
Proper - 11,Ledesma St - Ruperto Montinola St,lapuz - 7,Lapuz-Mansaya-Roboc Rd - Coastal Rd,9500.0,1.102,Rizal St - Huervana St (Rev),lapuz - 2,lapaz - 2,3070.96,3042.73,1694.12
Proper - 12,Arroyo St - Muelle Loney St,Molo - 3,Locsin St - San Marcos St.,7500.0,1.058,Ruperto Montinola St 2,Proper - 10,Proper - 11,1131.11,1067.65,3807.89
Proper - 12,Arroyo St - Muelle Loney St,Molo - 5,Locsin St. - Timawa St.,2500.0,1.0903,Ruperto Montinola St 2 (Rev),Proper - 11,Proper - 10,232.55,230.95,96.19
Proper - 12,Arroyo St - Muelle Loney St,Proper - 1,Gen Luna St - Infante St,7500.0,1.129,Ruperto Montinola St 1,Proper - 8,Proper - 10,954.23,937.49,1004.7
Proper - 12,Arroyo St - Muelle Loney St,Proper - 1,Gen Luna St - Infante St,7500.0,1.129,Ruperto Montinola St 2,Proper - 10,Proper - 11,954.23,894.62,3576.89
Proper - 12,Arroyo St - Muelle Loney St,Proper - 1,Gen Luna St - Infante St,7500.0,1.129,Ledesma St (Rev),Proper - 11,Proper - 6,954.23,948.11,367.67
Proper - 12,Arroyo St - Muelle Loney St,Proper - 2,Delgado St - Infante St,2500.0,1.1448,Ruperto Montinola St 2 (Rev),Proper - 11,Proper - 10,162.94,160.99,117.07
Proper - 12,Arroyo St - Muelle Loney St,Proper - 4,Baluarte - Calumpang - Villa - Oton Blvd - Infante St,6000.0,1.193,Infante St 1,Proper - 1,Proper - 2,789.89,786.52,202.23
Proper - 12,Arroyo St - Muelle Loney St,Proper - 4,Baluarte - Calumpang - Villa - Oton Blvd - Infante St,6000.0,1.193,Infante St 2,Proper - 2,Proper - 3,789.89,782.31,455.15
Proper - 12,Arroyo St - Muelle Loney St,Proper - 7,Gen Luna St - Bonifacio Dr,9500.0,1.3262,Gen Luna St 3,Proper - 8,Proper - 9,1406.46,1321.62,5090.75
Proper - 12,Arroyo St - Muelle Loney St,Proper - 14,JM Basa St - Rizal St,6500.0,1.3037,Blumentritt 2,Proper - 17,Proper - 19,631.07,630.54,31.56
Proper - 12,Arroyo St - Muelle Loney St,Proper - 18,Muelle Loney St - Blumentritt Left,8000.0,1.3244,Blumentritt 2 (Rev),Proper - 19,Proper - 17,983.53,982.11,85.03
Proper - 12,Arroyo St - Muelle Loney St,Proper - 19,Muelle Loney St - Blumentritt Right,6500.0,1.152,Dela Rama St 1,Proper - 13,Proper - 17,620.97,618.02,176.84
Proper - 12,Arroyo St - Muelle Loney St,Proper - 19,Muelle Loney St - Blumentritt Right,6500.0,1.152,Blumentritt 1,Proper - 17,Proper - 18,620.97,606.02,897.0
Proper - 12,Arroyo St - Muelle Loney St,Proper - 21,Fort San Pedro Dr - Muelle Loney St,2000.0,1.1177,Blumentritt 1 (Rev),Proper - 18,Proper - 17,117.5,116.37,67.64
Proper - 12,Arroyo St - Muelle Loney St,mandurriao - 1,Mandurriao - Jaro Rd - Old Iloilo - Capiz Rd,8000.0,1.1878,Gen Luna St 1 (Rev),Proper - 7,Proper - 1,1589.21,1582.86,381.06
Proper - 12,Arroyo St - Muelle Loney St,mandurriao - 1,Mandurriao - Jaro Rd - Old Iloilo - Capiz Rd,8000.0,1.1878,Gen Luna St 3 (Rev),Proper - 9,Proper - 8,1589.21,1538.25,3057.72
Proper - 12,Arroyo St - Muelle Loney St,mandurriao - 1,Mandurriao - Jaro Rd - Old Iloilo - Capiz Rd,8000.0,1.1878,Delgado St (Rev),Proper - 10,Proper - 2,1589.21,1538.13,3065.18
Proper - 12,Arroyo St - Muelle Loney St,mandurriao - 1,Mandurriao - Jaro Rd - Old Iloilo - Capiz Rd,8000.0,1.1878,Ledesma St (Rev),Proper - 11,Proper - 6,1589.21,1575.56,819.42
Proper - 12,Arroyo St - Muelle Loney St,mandurriao - 2,Mandurriao - Jaro Rd - Mandurriao - Sn Miguel Rd,3500.0,1.1594,Infante St 1 (Rev),Proper - 2,Proper - 1,529.08,524.25,289.47
Proper - 12,Arroyo St - Muelle Loney St,mandurriao - 3,Mandurriao - Sn Miguel Rd - R Mapa St,3500.0,1.0771,Infante St 1 (Rev),Proper - 2,Proper - 1,578.84,574.01,289.47
Proper - 12,Arroyo St - Muelle Loney St,mandurriao - 4,R Mapa St - Mandurriao - Jaro Rd,3000.0,1.0598,Infante St 1 (Rev),Proper - 2,Proper - 1,443.7,435.04,519.49
Proper - 12,Arroyo St - Muelle Loney St,mandurriao - 4,R Mapa St - Mandurriao - Jaro Rd,3000.0,1.0598,Delgado St (Rev),Proper - 10,Proper - 2,443.7,442.12,94.63
Proper - 12,Arroyo St - Muelle Loney St,mandurriao - 4,R Mapa St - Mandurriao - Jaro Rd,3000.0,1.0598,Ruperto Montinola St 2 (Rev),Proper - 11,Proper - 10,443.7,442.12,94.63
Proper - 12,Arroyo St - Muelle Loney St,mandurriao - 6,R Mapa St - Donato Pison Ave,2500.0,1.1687,San Marcos St,Molo - 8,Molo - 3,396.37,395.55,49.06
Proper - 12,Arroyo St - Muelle Loney St,mandurriao - 7,Tabucan Mandurriao,3000.0,1.0988,Rotunda,Molo - 7,Molo - 8,620.85,617.19,219.55
Proper - 12,Arroyo St - Muelle Loney St,mandurriao - 7,Tabucan Mandurriao,3000.0,1.0988,San Marcos St,Molo - 8,Molo - 3,620.85,619.16,101.59
Proper - 12,Arroyo St - Muelle Loney St,mandurriao - 7,Tabucan Mandurriao,3000.0,1.0988,Gen Luna - Molo Connect,Proper - 1,Molo - 7,620.85,617.19,219.55
Proper - 12,Arroyo St - Muelle Loney St,jaro - 1,E Lopez St - Luna St,4500.0,1.2059,Gen Luna St 3,Proper - 8,Proper - 9,543.73,536.04,461.86
Proper - 12,Arroyo St - Muelle Loney St,jaro - 2,Commission Civil St - Burgos St,2500.0,1.0828,Gen Luna St 3 (Rev),Proper - 9,Proper - 8,292.07,289.84,133.48
Proper - 12,Arroyo St - Muelle Loney St,jaro - 2,Commission Civil St - Burgos St,2500.0,1.0828,Huervana St - Rizal St,lapaz - 1,lapaz - 2,292.07,286.61,327.49
Proper - 12,Arroyo St - Muelle Loney St,jaro - 9,Iloilo-Capiz Rd - Balabago Rd,3000.0,1.2671,Gen Luna St 3,Proper - 8,Proper - 9,607.58,604.31,196.49
Proper - 12,Arroyo St - Muelle Loney St,jaro - 9,Iloilo-Capiz Rd - Balabago Rd,3000.0,1.2671,Gen Luna St 3 (Rev),Proper - 9,Proper - 8,607.58,602.5,304.8
Proper - 12,Arroyo St - Muelle Loney St,jaro - 9,Iloilo-Capiz Rd - Balabago Rd,3000.0,1.2671,Ruperto Montinola St 1 (Rev),Proper - 10,Proper - 8,607.58,606.3,77.22
Proper - 12,Arroyo St - Muelle Loney St,jaro - 9,Iloilo-Capiz Rd - Balabago Rd,3000.0,1.2671,E Lopez St,jaro - 1,jaro - 4,607.58,594.83,765.21
Proper - 12,Arroyo St - Muelle Loney St,jaro - 9,Iloilo-Capiz Rd - Balabago Rd,3000.0,1.2671,Luna St - Huervana St (Rev),lapaz - 1,lapaz - 3,607.58,606.63,57.16
Proper - 12,Arroyo St - Muelle Loney St,jaro - 9,Iloilo-Capiz Rd - Balabago Rd,3000.0,1.2671,Luna St,lapaz - 3,jaro - 1,607.58,594.83,765.21
Proper - 12,Arroyo St - Muelle Loney St,jaro - 10,Balabago Rd - Iloilo Circumferential Rd 1,3500.0,1.127,Gen Luna St 3 (Rev),Proper - 9,Proper - 8,645.83,645.09,44.82
Proper - 12,Arroyo St - Muelle Loney St,jaro - 10,Balabago Rd - Iloilo Circumferential Rd 1,3500.0,1.127,Huervana St - Rizal St,lapaz - 1,lapaz - 2,645.83,631.32,870.61
Proper - 12,Arroyo St - Muelle Loney St,jaro - 10,Balabago Rd - Iloilo Circumferential Rd 1,3500.0,1.127,Huervana St - Burgos St,lapaz - 2,lapaz - 4,645.83,641.8,242.2
Proper - 12,Arroyo St - Muelle Loney St,jaro - 10,Balabago Rd - Iloilo Circumferential Rd 1,3500.0,1.127,Huervana St - Jereos St,lapaz - 4,lapaz - 5,645.83,641.8,242.2
Proper - 12,Arroyo St - Muelle Loney St,jaro - 10,Balabago Rd - Iloilo Circumferential Rd 1,3500.0,1.127,Lopez Jaena St,lapaz - 5,lapaz - 8,645.83,641.8,242.2
Proper - 12,Arroyo St - Muelle Loney St,jaro - 10,Balabago Rd - Iloilo Circumferential Rd 1,3500.0,1.127,Baldoza St,lapaz - 8,lapaz - 9,645.83,641.8,242.2
Proper - 12,Arroyo St - Muelle Loney St,jaro - 11,Iloilo Circumferential Rd 1 - Monfort Blvd,3500.0,1.1385,Gen Luna St 3,Proper - 8,Proper - 9,648.54,643.53,300.66
Proper - 12,Arroyo St - Muelle Loney St,jaro - 11,Iloilo Circumferential Rd 1 - Monfort Blvd,3500.0,1.1385,Gen Luna St 3 (Rev),Proper - 9,Proper - 8,648.54,646.46,124.61
Proper - 12,Arroyo St - Muelle Loney St,jaro - 11,Iloilo Circumferential Rd 1 - Monfort Blvd,3500.0,1.1385,Huervana St - Rizal St,lapaz - 1,lapaz - 2,648.54,631.23,1038.18
Proper - 12,Arroyo St - Muelle Loney St,jaro - 11,Iloilo Circumferential Rd 1 - Monfort Blvd,3500.0,1.1385,Huervana St - Burgos St,lapaz - 2,lapaz - 4,648.54,642.33,372.16
Proper - 12,Arroyo St - Muelle Loney St,jaro - 11,Iloilo Circumferential Rd 1 - Monfort Blvd,3500.0,1.1385,Huervana St - Jereos St,lapaz - 4,lapaz - 5,648.54,642.33,372.16
Proper - 12,Arroyo St - Muelle Loney St,jaro - 11,Iloilo Circumferential Rd 1 - Monfort Blvd,3500.0,1.1385,Lopez Jaena St,lapaz - 5,lapaz - 8,648.54,642.33,372.16
Proper - 12,Arroyo St - Muelle Loney St,jaro - 11,Iloilo Circumferential Rd 1 - Monfort Blvd,3500.0,1.1385,Baldoza St,lapaz - 8,lapaz - 9,648.54,642.33,372.16
Proper - 12,Arroyo St - Muelle Loney St,jaro - 12,Buhang Flyover,3000.0,1.0607,Gen Luna St 3,Proper - 8,Proper - 9,547.69,547.0,41.44
Proper - 12,Arroyo St - Muelle Loney St,jaro - 12,Buhang Flyover,3000.0,1.0607,Gen Luna St 3 (Rev),Proper - 9,Proper - 8,547.69,545.89,108.28
Proper - 12,Arroyo St - Muelle Loney St,jaro - 12,Buhang Flyover,3000.0,1.0607,Huervana St - Rizal St,lapaz - 1,lapaz - 2,547.69,540.02,460.41
Proper - 12,Arroyo St - Muelle Loney St,jaro - 12,Buhang Flyover,3000.0,1.0607,Rizal St - Luna St,lapaz - 2,lapaz - 3,547.69,547.57,7.0
Proper - 12,Arroyo St - Muelle Loney St,jaro - 12,Buhang Flyover,3000.0,1.0607,Huervana St - Burgos St,lapaz - 2,lapaz - 4,547.69,545.93,105.75
Proper - 12,Arroyo St - Muelle Loney St,jaro - 12,Buhang Flyover,3000.0,1.0607,Huervana St - Jereos St,lapaz - 4,lapaz - 5,547.69,545.93,105.75
Proper - 12,Arroyo St - Muelle Loney St,jaro - 12,Buhang Flyover,3000.0,1.0607,Lopez Jaena St,lapaz - 5,lapaz - 8,547.69,545.93,105.75
Proper - 12,Arroyo St - Muelle Loney St,jaro - 12,Buhang Flyover,3000.0,1.0607,Baldoza St,lapaz - 8,lapaz - 9,547.69,545.93,105.75
Proper - 12,Arroyo St - Muelle Loney St,jaro - 14,Iloilo-Capiz Rd - Iloilo Circumferential Rd 1,2500.0,1.0313,Gen Luna St 3 (Rev),Proper - 9,Proper - 8,440.05,438.01,122.45
Proper - 12,Arroyo St - Muelle Loney St,jaro - 14,Iloilo-Capiz Rd - Iloilo Circumferential Rd 1,2500.0,1.0313,Huervana St - Rizal St,lapaz - 1,lapaz - 2,440.05,433.92,367.71
Proper - 12,Arroyo St - Muelle Loney St,jaro - 19,Monfort Blvd,4500.0,1.1266,Gen Luna St 3,Proper - 8,Proper - 9,901.98,874.21,1666.25
Proper - 12,Arroyo St - Muelle Loney St,jaro - 19,Monfort Blvd,4500.0,1.1266,Gen Luna St 3 (Rev),Proper - 9,Proper - 8,901.98,896.64,320.43
Proper - 12,Arroyo St - Muelle Loney St,jaro - 19,Monfort Blvd,4500.0,1.1266,Huervana St - Rizal St,lapaz - 1,lapaz - 2,901.98,900.67,78.77
Proper - 12,Arroyo St - Muelle Loney St,lapaz - 1,Luna St - Huervana St,9500.0,1.2758,Gen Luna St 3,Proper - 8,Proper - 9,1889.82,1700.26,11373.53
Proper - 12,Arroyo St - Muelle Loney St,lapaz - 2,Rizal St - Luna St,9500.0,1.3055,Gen Luna St 3,Proper - 8,Proper - 9,1819.05,1634.16,11093.3
Proper - 12,Arroyo St - Muelle Loney St,lapaz - 2,Rizal St - Luna St,9500.0,1.3055,Gen Luna St 3 (Rev),Proper - 9,Proper - 8,1819.05,1806.79,735.9
Proper - 12,Arroyo St - Muelle Loney St,lapaz - 3,Luna St - Luna St,9500.0,1.307,Gen Luna St 3,Proper - 8,Proper - 9,1869.34,1638.06,13876.35
Proper - 12,Arroyo St - Muelle Loney St,lapaz - 3,Luna St - Luna St,9500.0,1.307,Gen Luna St 3 (Rev),Proper - 9,Proper - 8,1869.34,1860.92,505.06
Proper - 12,Arroyo St - Muelle Loney St,lapaz - 5,Huervana St - Jereos St,8000.0,1.2266,Gen Luna St 3,Proper - 8,Proper - 9,1618.86,1561.69,3430.37
Proper - 12,Arroyo St - Muelle Loney St,lapaz - 5,Huervana St - Jereos St,8000.0,1.2266,Gen Luna St 3 (Rev),Proper - 9,Proper - 8,1618.86,1607.27,695.3
Proper - 12,Arroyo St - Muelle Loney St,lapaz - 6,Jereos St - Huervana Ext,8500.0,1.1748,Gen Luna St 3,Proper - 8,Proper - 9,1961.38,1937.25,1447.53
Proper - 12,Arroyo St - Muelle Loney St,lapaz - 6,Jereos St - Huervana Ext,8500.0,1.1748,Gen Luna St 3 (Rev),Proper - 9,Proper - 8,1961.38,1955.58,347.82
Proper - 12,Arroyo St - Muelle Loney St,lapaz - 7,Huervana Ext - Burgos St,7000.0,1.0882,Gen Luna St 3,Proper - 8,Proper - 9,1264.5,1253.16,680.6
Proper - 12,Arroyo St - Muelle Loney St,lapaz - 7,Huervana Ext - Burgos St,7000.0,1.0882,E Lopez St,jaro - 1,jaro - 4,1264.5,1252.29,732.83
Proper - 12,Arroyo St - Muelle Loney St,lapaz - 7,Huervana Ext - Burgos St,7000.0,1.0882,Rizal St - Luna St,lapaz - 2,lapaz - 3,1264.5,1252.29,732.83
Proper - 12,Arroyo St - Muelle Loney St,lapaz - 7,Huervana Ext - Burgos St,7000.0,1.0882,Luna St,lapaz - 3,jaro - 1,1264.5,1252.29,732.83
Proper - 12,Arroyo St - Muelle Loney St,lapaz - 7,Huervana Ext - Burgos St,7000.0,1.0882,Rizal St - Huervana St (Rev),lapuz - 2,lapaz - 2,1264.5,1255.28,553.1
Proper - 12,Arroyo St - Muelle Loney St,lapaz - 8,Lopez Jaena St - Baldoza St,4500.0,1.1759,Gen Luna St 3,Proper - 8,Proper - 9,537.79,536.26,91.55
Proper - 12,Arroyo St - Muelle Loney St,lapaz - 8,Lopez Jaena St - Baldoza St,4500.0,1.1759,Gen Luna St 3 (Rev),Proper - 9,Proper - 8,537.79,526.21,695.01
Proper - 12,Arroyo St - Muelle Loney St,lapaz - 9,Baldoza St - Monfort Blvd,8500.0,1.3368,Gen Luna St 3,Proper - 8,Proper - 9,2421.05,2180.13,14455.01
Proper - 12,Arroyo St - Muelle Loney St,lapaz - 9,Baldoza St - Monfort Blvd,8500.0,1.3368,Gen Luna St 3 (Rev),Proper - 9,Proper - 8,2421.05,2386.28,2085.88
Proper - 12,Arroyo St - Muelle Loney St,lapaz - 9,Baldoza St - Monfort Blvd,8500.0,1.3368,Ruperto Montinola St 1 (Rev),Proper - 10,Proper - 8,2421.05,2301.57,7168.68
Proper - 12,Arroyo St - Muelle Loney St,lapaz - 9,Baldoza St - Monfort Blvd,8500.0,1.3368,Ruperto Montinola St 2 (Rev),Proper - 11,Proper - 10,2421.05,2367.98,3184.18
Proper - 12,Arroyo St - Muelle Loney St,lapaz - 10,Luna St - Taytay Forbes,4000.0,1.2105,Gen Luna St 3 (Rev),Proper - 9,Proper - 8,227.02,218.04,538.66
Proper - 12,Arroyo St - Muelle Loney St,lapuz - 4,Rizal St - New Iloilo Ferry Terminal Access Rd,5500.0,1.4739,Gen Luna St 3,Proper - 8,Proper - 9,826.09,794.4,1901.95
Proper - 12,Arroyo St - Muelle Loney St,lapuz - 5,New Iloilo Ferry Terminal Access Rd,5500.0,1.3562,Gen Luna St 3,Proper - 8,Proper - 9,1001.47,970.65,1849.43
Proper - 13,JM Basa St - De la Rama St,Molo - 3,Locsin St - San Marcos St.,2000.0,1.0259,Timawa St (Rev),Proper - 2,Molo - 5,203.18,201.15,121.55
Proper - 13,JM Basa St - De la Rama St,Molo - 5,Locsin St. - Timawa St.,7000.0,1.0838,Ledesma St (Rev),Proper - 11,Proper - 6,956.63,952.95,220.88
Proper - 13,JM Basa St - De la Rama St,Molo - 7,San Marcos St. - MH del Pilar St. 1 (Rotunda),6500.0,1.0365,Timawa St (Rev),Proper - 2,Molo - 5,813.03,809.65,202.58
Proper - 13,JM Basa St - De la Rama St,Molo - 7,San Marcos St. - MH del Pilar St. 1 (Rotunda),6500.0,1.0365,Infante St 2 (Rev),Proper - 3,Proper - 2,813.03,800.82,732.36
Proper - 13,JM Basa St - De la Rama St,Molo - 7,San Marcos St. - MH del Pilar St. 1 (Rotunda),6500.0,1.0365,Ruperto Montinola St 1 (Rev),Proper - 10,Proper - 8,813.03,810.18,170.57
Proper - 13,JM Basa St - De la Rama St,Molo - 8,San Marcos St. - MH del Pilar St. 1 (Rotunda),6500.0,1.0351,Timawa St (Rev),Proper - 2,Molo - 5,845.35,841.97,202.58
Proper - 13,JM Basa St - De la Rama St,Molo - 8,San Marcos St. - MH del Pilar St. 1 (Rotunda),6500.0,1.0351,Infante St 2 (Rev),Proper - 3,Proper - 2,845.35,833.14,732.36
Proper - 13,JM Basa St - De la Rama St,Molo - 8,San Marcos St. - MH del Pilar St. 1 (Rotunda),6500.0,1.0351,Ruperto Montinola St 1 (Rev),Proper - 10,Proper - 8,845.35,842.5,170.57
Proper - 13,JM Basa St - De la Rama St,Molo - 9,M.H Del Pilar St. 2,4000.0,1.0711,Infante St 2 (Rev),Proper - 3,Proper - 2,451.74,451.16,34.5
Proper - 13,JM Basa St - De la Rama St,Molo - 10,M.H Del Pilar St. 2,4000.0,1.0707,Infante St 2 (Rev),Proper - 3,Proper - 2,453.94,453.37,34.5
Proper - 13,JM Basa St - De la Rama St,Proper - 1,Gen Luna St - Infante St,3000.0,1.0293,Delgado St (Rev),Proper - 10,Proper - 2,220.22,219.22,60.0
Proper - 13,JM Basa St - De la Rama St,Proper - 2,Delgado St - Infante St,7000.0,1.1754,Ledesma St (Rev),Proper - 11,Proper - 6,744.74,725.97,1125.99
Proper - 13,JM Basa St - De la Rama St,mandurriao - 6,R Mapa St - Donato Pison Ave,2500.0,1.1761,Rotunda,Molo - 7,Molo - 8,431.81,431.08,44.2
Proper - 13,JM Basa St - De la Rama St,mandurriao - 6,R Mapa St - Donato Pison Ave,2500.0,1.1761,San Marcos St,Molo - 8,Molo - 3,431.81,431.08,44.2
Proper - 13,JM Basa St - De la Rama St,mandurriao - 6,R Mapa St - Donato Pison Ave,2500.0,1.1761,Gen Luna - Molo Connect,Proper - 1,Molo - 7,431.81,431.08,44.2
Proper - 13,JM Basa St - De la Rama St,mandurriao - 6,R Mapa St - Donato Pison Ave,2500.0,1.1761,Timawa St (Rev),Proper - 2,Molo - 5,431.81,428.73,184.92
Proper - 13,JM Basa St - De la Rama St,mandurriao - 6,R Mapa St - Donato Pison Ave,2500.0,1.1761,Infante St 2 (Rev),Proper - 3,Proper - 2,431.81,431.5,18.63
Proper - 13,JM Basa St - De la Rama St,mandurriao - 6,R Mapa St - Donato Pison Ave,2500.0,1.1761,Delgado St (Rev),Proper - 10,Proper - 2,431.81,431.75,3.72
Proper - 13,JM Basa St - De la Rama St,mandurriao - 6,R Mapa St - Donato Pison Ave,2500.0,1.1761,Ledesma St (Rev),Proper - 11,Proper - 6,431.81,431.38,26.09
Proper - 13,JM Basa St - De la Rama St,mandurriao - 7,Tabucan Mandurriao,3500.0,1.0583,Rotunda,Molo - 7,Molo - 8,901.94,901.74,11.82
Proper - 13,JM Basa St - De la Rama St,mandurriao - 7,Tabucan Mandurriao,3500.0,1.0583,San Marcos St,Molo - 8,Molo - 3,901.94,901.74,11.82
Proper - 13,JM Basa St - De la Rama St,mandurriao - 7,Tabucan Mandurriao,3500.0,1.0583,Gen Luna - Molo Connect,Proper - 1,Molo - 7,901.94,901.74,11.82
Proper - 13,JM Basa St - De la Rama St,mandurriao - 7,Tabucan Mandurriao,3500.0,1.0583,Timawa St (Rev),Proper - 2,Molo - 5,901.94,898.87,184.38
Proper - 13,JM Basa St - De la Rama St,mandurriao - 7,Tabucan Mandurriao,3500.0,1.0583,Ledesma St (Rev),Proper - 11,Proper - 6,901.94,901.03,54.68
Proper - 13,JM Basa St - De la Rama St,jaro - 2,Commission Civil St - Burgos St,2500.0,1.1146,Huervana St - Rizal St,lapaz - 1,lapaz - 2,341.33,330.8,631.77
Proper - 13,JM Basa St - De la Rama St,jaro - 4,Plaza Rizal St - E Lopez St,6500.0,1.1251,Delgado St (Rev),Proper - 10,Proper - 2,1061.92,1057.07,290.91
Proper - 13,JM Basa St - De la Rama St,jaro - 4,Plaza Rizal St - E Lopez St,6500.0,1.1251,Arroyo St (Rev),Proper - 11,Proper - 12,1061.92,1053.4,511.45
Proper - 13,JM Basa St - De la Rama St,jaro - 5,Plaza Rizal St - Commission Civil St,6000.0,1.0623,Delgado St (Rev),Proper - 10,Proper - 2,875.46,870.54,295.42
Proper - 13,JM Basa St - De la Rama St,jaro - 5,Plaza Rizal St - Commission Civil St,6000.0,1.0623,Luna St - Huervana St (Rev),lapaz - 1,lapaz - 3,875.46,875.23,13.75
Proper - 13,JM Basa St - De la Rama St,jaro - 6,Plaza Rizal St - Iloilo-Capiz Rd/Lopez Jaena St,6500.0,1.0573,Luna St - Huervana St (Rev),lapaz - 1,lapaz - 3,1065.98,1065.01,58.08
Proper - 13,JM Basa St - De la Rama St,jaro - 8,Iloilo-Capiz Rd - Lopez Jaena St,2500.0,1.1796,Luna St - Huervana St (Rev),lapaz - 1,lapaz - 3,491.88,490.59,77.7
Proper - 13,JM Basa St - De la Rama St,jaro - 9,Iloilo-Capiz Rd - Balabago Rd,3000.0,1.2052,Quirino - Lopez Bridge,Proper - 9,lapuz - 2,660.97,659.5,88.5
Proper - 13,JM Basa St - De la Rama St,jaro - 9,Iloilo-Capiz Rd - Balabago Rd,3000.0,1.2052,Delgado St (Rev),Proper - 10,Proper - 2,660.97,656.85,247.29
Proper - 13,JM Basa St - De la Rama St,jaro - 9,Iloilo-Capiz Rd - Balabago Rd,3000.0,1.2052,E Lopez St,jaro - 1,jaro - 4,660.97,641.94,1141.93
Proper - 13,JM Basa St - De la Rama St,jaro - 9,Iloilo-Capiz Rd - Balabago Rd,3000.0,1.2052,Luna St - Huervana St (Rev),lapaz - 1,lapaz - 3,660.97,658.99,119.14
Proper - 13,JM Basa St - De la Rama St,jaro - 9,Iloilo-Capiz Rd - Balabago Rd,3000.0,1.2052,Luna St,lapaz - 3,jaro - 1,660.97,641.94,1141.93
Proper - 13,JM Basa St - De la Rama St,jaro - 9,Iloilo-Capiz Rd - Balabago Rd,3000.0,1.2052,Rizal St - Huervana St (Rev),lapuz - 2,lapaz - 2,660.97,659.5,88.5
Proper - 13,JM Basa St - De la Rama St,jaro - 10,Balabago Rd - Iloilo Circumferential Rd 1,3500.0,1.1518,Huervana St - Rizal St,lapaz - 1,lapaz - 2,722.17,720.06,126.92
Proper - 13,JM Basa St - De la Rama St,jaro - 10,Balabago Rd - Iloilo Circumferential Rd 1,3500.0,1.1518,Rizal St - Huervana St (Rev),lapuz - 2,lapaz - 2,722.17,721.28,53.61
Proper - 13,JM Basa St - De la Rama St,jaro - 12,Buhang Flyover,3000.0,1.0928,Huervana St - Rizal St,lapaz - 1,lapaz - 2,613.11,605.34,466.27
Proper - 13,JM Basa St - De la Rama St,jaro - 13,Buhang Flyover,2500.0,1.0279,Iloilo-Capiz Rd - Buhang Flyover (Rev),jaro - 12,jaro - 14,505.87,503.03,170.42
Proper - 13,JM Basa St - De la Rama St,jaro - 13,Buhang Flyover,2500.0,1.0279,Huervana St - Rizal St,lapaz - 1,lapaz - 2,505.87,496.14,583.95
Proper - 13,JM Basa St - De la Rama St,jaro - 14,Iloilo-Capiz Rd - Iloilo Circumferential Rd 1,2500.0,1.0572,Huervana St - Rizal St,lapaz - 1,lapaz - 2,489.68,479.54,608.03
Proper - 13,JM Basa St - De la Rama St,jaro - 15,Iloilo Circumferential Rd 1 - Iloilo Radial By-Pass Rd 4,2500.0,1.0254,Iloilo-Capiz Rd - Buhang Flyover (Rev),jaro - 12,jaro - 14,554.98,552.14,170.42
Proper - 13,JM Basa St - De la Rama St,jaro - 15,Iloilo Circumferential Rd 1 - Iloilo Radial By-Pass Rd 4,2500.0,1.0254,Huervana St - Rizal St,lapaz - 1,lapaz - 2,554.98,545.25,583.95
Proper - 13,JM Basa St - De la Rama St,jaro - 19,Monfort Blvd,4500.0,1.1439,Gen Luna St 3,Proper - 8,Proper - 9,1003.98,1003.47,30.67
Proper - 13,JM Basa St - De la Rama St,jaro - 19,Monfort Blvd,4500.0,1.1439,Rizal St - Huervana St (Rev),lapuz - 2,lapaz - 2,1003.98,1003.16,48.95
Proper - 13,JM Basa St - De la Rama St,lapaz - 1,Luna St - Huervana St,7000.0,1.2857,Gen Luna St 3 (Rev),Proper - 9,Proper - 8,1075.72,1065.62,606.46
Proper - 13,JM Basa St - De la Rama St,lapaz - 6,Jereos St - Huervana Ext,6500.0,1.1456,Gen Luna St 3 (Rev),Proper - 9,Proper - 8,1192.13,1192.1,1.41
Proper - 13,JM Basa St - De la Rama St,lapaz - 9,Baldoza St - Monfort Blvd,7000.0,1.2258,Bonifacio Drive,Proper - 7,lapaz - 10,1661.97,1648.99,779.11
Proper - 13,JM Basa St - De la Rama St,lapaz - 9,Baldoza St - Monfort Blvd,7000.0,1.2258,Gen Luna St 2 (Rev),Proper - 8,Proper - 7,1661.97,1542.87,7145.86
Proper - 13,JM Basa St - De la Rama St,lapaz - 9,Baldoza St - Monfort Blvd,7000.0,1.2258,Huervana St - Rizal St,lapaz - 1,lapaz - 2,1661.97,1648.99,779.11
Proper - 13,JM Basa St - De la Rama St,lapaz - 9,Baldoza St - Monfort Blvd,7000.0,1.2258,Luna St - Esplanade 5 (Rev),lapaz - 10,lapaz - 1,1661.97,1648.99,779.11
Proper - 13,JM Basa St - De la Rama St,lapaz - 10,Luna St - Taytay Forbes,4000.0,1.2927,Gen Luna St 3 (Rev),Proper - 9,Proper - 8,372.9,372.77,7.82
Proper - 13,JM Basa St - De la Rama St,lapuz - 2,Rizal St - Quirino-Lopez Bridge,5500.0,1.0916,Gen Luna St 3,Proper - 8,Proper - 9,554.86,545.21,578.84
Proper - 13,JM Basa St - De la Rama St,lapuz - 4,Rizal St - New Iloilo Ferry Terminal Access Rd,5500.0,1.3146,Gen Luna St 3,Proper - 8,Proper - 9,1039.18,989.97,2952.34
Proper - 13,JM Basa St - De la Rama St,lapuz - 5,New Iloilo Ferry Terminal Access Rd,5500.0,1.2568,Gen Luna St 3,Proper - 8,Proper - 9,1217.16,1167.96,2952.34
Proper - 13,JM Basa St - De la Rama St,lapuz - 6,Rizal St - Lapuz-Mansaya-Roboc Rd,4000.0,1.3083,Gen Luna St 3,Proper - 8,Proper - 9,614.93,578.62,2178.79
Proper - 13,JM Basa St - De la Rama St,lapuz - 7,Lapuz-Mansaya-Roboc Rd - Coastal Rd,7500.0,1.1442,Gen Luna St 2 (Rev),Proper - 8,Proper - 7,2007.76,1936.54,4272.76
Proper - 13,JM Basa St - De la Rama St,lapuz - 7,Lapuz-Mansaya-Roboc Rd - Coastal Rd,7500.0,1.1442,Gen Luna St 3 (Rev),Proper - 9,Proper - 8,2007.76,1895.06,6761.86
Proper - 13,JM Basa St - De la Rama St,lapuz - 7,Lapuz-Mansaya-Roboc Rd - Coastal Rd,7500.0,1.1442,Arroyo St (Rev),Proper - 11,Proper - 12,2007.76,1986.84,1254.74
Proper - 14,JM Basa St - Rizal St,Molo - 5,Locsin St. - Timawa St.,7000.0,1.0329,Infante St 2,Proper - 2,Proper - 3,990.86,983.71,428.93
Proper - 14,JM Basa St - Rizal St,Molo - 5,Locsin St. - Timawa St.,7000.0,1.0329,Ledesma St (Rev),Proper - 11,Proper - 6,990.86,983.74,427.12
Proper - 14,JM Basa St - Rizal St,Molo - 6,Locsin St. - Baluarte - Calumpag - Villa - Oton Blvd,3500.0,1.0989,Ledesma St (Rev),Proper - 11,Proper - 6,352.5,352.15,21.33
Proper - 14,JM Basa St - Rizal St,Molo - 7,San Marcos St. - MH del Pilar St. 1 (Rotunda),7000.0,1.0721,Infante St 2 (Rev),Proper - 3,Proper - 2,999.53,953.67,2752.03
Proper - 14,JM Basa St - Rizal St,Molo - 7,San Marcos St. - MH del Pilar St. 1 (Rotunda),7000.0,1.0721,Ruperto Montinola St 1 (Rev),Proper - 10,Proper - 8,999.53,967.84,1901.75
Proper - 14,JM Basa St - Rizal St,Molo - 8,San Marcos St. - MH del Pilar St. 1 (Rotunda),7000.0,1.0688,Infante St 2 (Rev),Proper - 3,Proper - 2,1045.38,999.33,2763.39
Proper - 14,JM Basa St - Rizal St,Molo - 8,San Marcos St. - MH del Pilar St. 1 (Rotunda),7000.0,1.0688,Ruperto Montinola St 1 (Rev),Proper - 10,Proper - 8,1045.38,1014.24,1868.72
Proper - 14,JM Basa St - Rizal St,Proper - 1,Gen Luna St - Infante St,9000.0,1.0944,Infante St 2 (Rev),Proper - 3,Proper - 2,1592.54,1515.32,4633.13
Proper - 14,JM Basa St - Rizal St,Proper - 1,Gen Luna St - Infante St,9000.0,1.0944,Ruperto Montinola St 1 (Rev),Proper - 10,Proper - 8,1592.54,1564.97,1654.28
Proper - 14,JM Basa St - Rizal St,Proper - 1,Gen Luna St - Infante St,9000.0,1.0944,Arroyo St,Proper - 12,Proper - 11,1592.54,1583.09,567.27
Proper - 14,JM Basa St - Rizal St,Proper - 2,Delgado St - Infante St,7500.0,1.1492,Ledesma St (Rev),Proper - 11,Proper - 6,889.24,882.97,376.29
Proper - 14,JM Basa St - Rizal St,Proper - 4,Baluarte - Calumpang - Villa - Oton Blvd - Infante St,7500.0,1.2169,Infante St 2,Proper - 2,Proper - 3,1288.17,1264.91,1395.41
Proper - 14,JM Basa St - Rizal St,Proper - 4,Baluarte - Calumpang - Villa - Oton Blvd - Infante St,7500.0,1.2169,Ledesma St (Rev),Proper - 11,Proper - 6,1288.17,1261.4,1606.11
Proper - 14,JM Basa St - Rizal St,Proper - 7,Gen Luna St - Bonifacio Dr,5500.0,1.2536,Dela Rama St 1,Proper - 13,Proper - 17,588.5,585.99,150.55
Proper - 14,JM Basa St - Rizal St,Proper - 7,Gen Luna St - Bonifacio Dr,5500.0,1.2536,Blumentritt 1,Proper - 17,Proper - 18,588.5,585.74,165.88
Proper - 14,JM Basa St - Rizal St,Proper - 7,Gen Luna St - Bonifacio Dr,5500.0,1.2536,Muelle Loney St 2 (Rev),Proper - 18,Proper - 12,588.5,585.99,150.55
Proper - 14,JM Basa St - Rizal St,Proper - 12,Arroyo St - Muelle Loney St,6500.0,1.3037,Blumentritt 2 (Rev),Proper - 19,Proper - 17,631.07,630.54,31.56
Proper - 14,JM Basa St - Rizal St,mandurriao - 1,Mandurriao - Jaro Rd - Old Iloilo - Capiz Rd,4500.0,1.0921,Gen Luna St 1 (Rev),Proper - 7,Proper - 1,606.71,604.9,108.52
Proper - 14,JM Basa St - Rizal St,mandurriao - 1,Mandurriao - Jaro Rd - Old Iloilo - Capiz Rd,4500.0,1.0921,Delgado St (Rev),Proper - 10,Proper - 2,606.71,605.25,87.35
Proper - 14,JM Basa St - Rizal St,mandurriao - 4,R Mapa St - Mandurriao - Jaro Rd,3000.0,1.0628,Infante St 2 (Rev),Proper - 3,Proper - 2,473.54,471.49,123.14
Proper - 14,JM Basa St - Rizal St,mandurriao - 6,R Mapa St - Donato Pison Ave,2500.0,1.1656,Rotunda,Molo - 7,Molo - 8,429.37,429.16,12.66
Proper - 14,JM Basa St - Rizal St,mandurriao - 6,R Mapa St - Donato Pison Ave,2500.0,1.1656,San Marcos St,Molo - 8,Molo - 3,429.37,429.16,12.66
Proper - 14,JM Basa St - Rizal St,mandurriao - 6,R Mapa St - Donato Pison Ave,2500.0,1.1656,Gen Luna - Molo Connect,Proper - 1,Molo - 7,429.37,429.16,12.66
Proper - 14,JM Basa St - Rizal St,mandurriao - 6,R Mapa St - Donato Pison Ave,2500.0,1.1656,Timawa St (Rev),Proper - 2,Molo - 5,429.37,427.31,123.64
Proper - 14,JM Basa St - Rizal St,mandurriao - 7,Tabucan Mandurriao,3500.0,1.0584,Rotunda,Molo - 7,Molo - 8,901.67,901.35,18.77
Proper - 14,JM Basa St - Rizal St,mandurriao - 7,Tabucan Mandurriao,3500.0,1.0584,San Marcos St,Molo - 8,Molo - 3,901.67,901.35,18.77
Proper - 14,JM Basa St - Rizal St,mandurriao - 7,Tabucan Mandurriao,3500.0,1.0584,Gen Luna - Molo Connect,Proper - 1,Molo - 7,901.67,901.35,18.77
Proper - 14,JM Basa St - Rizal St,jaro - 1,E Lopez St - Luna St,4000.0,1.2049,Luna St - Huervana St (Rev),lapaz - 1,lapaz - 3,531.76,531.54,13.16
Proper - 14,JM Basa St - Rizal St,jaro - 2,Commission Civil St - Burgos St,2000.0,1.1365,Huervana St - Rizal St,lapaz - 1,lapaz - 2,266.68,262.83,230.64
Proper - 14,JM Basa St - Rizal St,jaro - 5,Plaza Rizal St - Commission Civil St,6500.0,1.0608,Delgado St (Rev),Proper - 10,Proper - 2,1027.83,1025.29,152.2
Proper - 14,JM Basa St - Rizal St,jaro - 6,Plaza Rizal St - Iloilo-Capiz Rd/Lopez Jaena St,7000.0,1.0492,Arroyo St (Rev),Proper - 11,Proper - 12,1258.39,1241.73,999.83
Proper - 14,JM Basa St - Rizal St,jaro - 7,Plaza Rizal St - El 98 St,7000.0,1.0716,Arroyo St (Rev),Proper - 11,Proper - 12,1217.58,1211.2,383.1
Proper - 14,JM Basa St - Rizal St,jaro - 8,Iloilo-Capiz Rd - Lopez Jaena St,2500.0,1.1572,Luna St - Huervana St (Rev),lapaz - 1,lapaz - 3,486.52,486.39,7.48
Proper - 14,JM Basa St - Rizal St,jaro - 9,Iloilo-Capiz Rd - Balabago Rd,3000.0,1.1631,Quirino - Lopez Bridge,Proper - 9,lapuz - 2,657.77,653.39,262.84
Proper - 14,JM Basa St - Rizal St,jaro - 9,Iloilo-Capiz Rd - Balabago Rd,3000.0,1.1631,Arroyo St (Rev),Proper - 11,Proper - 12,657.77,657.03,44.82
Proper - 14,JM Basa St - Rizal St,jaro - 9,Iloilo-Capiz Rd - Balabago Rd,3000.0,1.1631,Muelle Loney St 1 (Rev),Proper - 12,Proper - 9,657.77,657.03,44.82
Proper - 14,JM Basa St - Rizal St,jaro - 9,Iloilo-Capiz Rd - Balabago Rd,3000.0,1.1631,E Lopez St,jaro - 1,jaro - 4,657.77,643.11,879.93
Proper - 14,JM Basa St - Rizal St,jaro - 9,Iloilo-Capiz Rd - Balabago Rd,3000.0,1.1631,Luna St - Huervana St (Rev),lapaz - 1,lapaz - 3,657.77,654.56,192.65
Proper - 14,JM Basa St - Rizal St,jaro - 9,Iloilo-Capiz Rd - Balabago Rd,3000.0,1.1631,Luna St,lapaz - 3,jaro - 1,657.77,643.11,879.93
Proper - 14,JM Basa St - Rizal St,jaro - 9,Iloilo-Capiz Rd - Balabago Rd,3000.0,1.1631,Rizal St - Huervana St (Rev),lapuz - 2,lapaz - 2,657.77,653.39,262.84
Proper - 14,JM Basa St - Rizal St,jaro - 10,Balabago Rd - Iloilo Circumferential Rd 1,3000.0,1.1638,Bonifacio Drive,Proper - 7,lapaz - 10,602.37,597.61,285.16
Proper - 14,JM Basa St - Rizal St,jaro - 10,Balabago Rd - Iloilo Circumferential Rd 1,3000.0,1.1638,Gen Luna St 2 (Rev),Proper - 8,Proper - 7,602.37,597.61,285.16
Proper - 14,JM Basa St - Rizal St,jaro - 10,Balabago Rd - Iloilo Circumferential Rd 1,3000.0,1.1638,Arroyo St (Rev),Proper - 11,Proper - 12,602.37,599.62,164.95
Proper - 14,JM Basa St - Rizal St,jaro - 10,Balabago Rd - Iloilo Circumferential Rd 1,3000.0,1.1638,Muelle Loney St 1 (Rev),Proper - 12,Proper - 9,602.37,599.62,164.95
Proper - 14,JM Basa St - Rizal St,jaro - 10,Balabago Rd - Iloilo Circumferential Rd 1,3000.0,1.1638,Huervana St - Rizal St,lapaz - 1,lapaz - 2,602.37,597.61,285.16
Proper - 14,JM Basa St - Rizal St,jaro - 10,Balabago Rd - Iloilo Circumferential Rd 1,3000.0,1.1638,Luna St - Esplanade 5 (Rev),lapaz - 10,lapaz - 1,602.37,597.61,285.16
Proper - 14,JM Basa St - Rizal St,jaro - 10,Balabago Rd - Iloilo Circumferential Rd 1,3000.0,1.1638,Rizal St - Ferry Terminal Access Rd,lapuz - 2,lapuz - 4,602.37,600.87,90.04
Proper - 14,JM Basa St - Rizal St,jaro - 10,Balabago Rd - Iloilo Circumferential Rd 1,3000.0,1.1638,Rizal St - Iloilo Airport Direct Rd,lapuz - 4,lapuz - 6,602.37,600.87,90.04
Proper - 14,JM Basa St - Rizal St,jaro - 10,Balabago Rd - Iloilo Circumferential Rd 1,3000.0,1.1638,Lapuz Mansaya Loboc Rd,lapuz - 6,lapuz - 7,602.37,600.87,90.04
Proper - 14,JM Basa St - Rizal St,jaro - 10,Balabago Rd - Iloilo Circumferential Rd 1,3000.0,1.1638,Coastal Rd (Rev),lapuz - 7,lapaz - 9,602.37,600.87,90.04
Proper - 14,JM Basa St - Rizal St,jaro - 12,Buhang Flyover,2500.0,1.106,Huervana St - Rizal St,lapaz - 1,lapaz - 2,504.58,502.85,103.83
Proper - 14,JM Basa St - Rizal St,jaro - 13,Buhang Flyover,2500.0,1.0273,E Lopez St,jaro - 1,jaro - 4,508.03,507.98,2.93
Proper - 14,JM Basa St - Rizal St,jaro - 13,Buhang Flyover,2500.0,1.0273,Iloilo-Capiz Rd - Buhang Flyover (Rev),jaro - 12,jaro - 14,508.03,501.77,375.68
Proper - 14,JM Basa St - Rizal St,jaro - 13,Buhang Flyover,2500.0,1.0273,Iloilo-Capiz Rd - Buhang Flyover,jaro - 14,jaro - 12,508.03,506.52,90.38
Proper - 14,JM Basa St - Rizal St,jaro - 13,Buhang Flyover,2500.0,1.0273,Luna St - Huervana St (Rev),lapaz - 1,lapaz - 3,508.03,507.98,2.93
Proper - 14,JM Basa St - Rizal St,jaro - 13,Buhang Flyover,2500.0,1.0273,Huervana St - Rizal St,lapaz - 1,lapaz - 2,508.03,507.86,10.22
Proper - 14,JM Basa St - Rizal St,jaro - 13,Buhang Flyover,2500.0,1.0273,Luna St,lapaz - 3,jaro - 1,508.03,507.98,2.93
Proper - 14,JM Basa St - Rizal St,jaro - 15,Iloilo Circumferential Rd 1 - Iloilo Radial By-Pass Rd 4,2500.0,1.0248,E Lopez St,jaro - 1,jaro - 4,557.14,557.09,2.93
Proper - 14,JM Basa St - Rizal St,jaro - 15,Iloilo Circumferential Rd 1 - Iloilo Radial By-Pass Rd 4,2500.0,1.0248,Iloilo-Capiz Rd - Buhang Flyover (Rev),jaro - 12,jaro - 14,557.14,550.88,375.68
Proper - 14,JM Basa St - Rizal St,jaro - 15,Iloilo Circumferential Rd 1 - Iloilo Radial By-Pass Rd 4,2500.0,1.0248,Iloilo-Capiz Rd - Buhang Flyover,jaro - 14,jaro - 12,557.14,555.63,90.38
Proper - 14,JM Basa St - Rizal St,jaro - 15,Iloilo Circumferential Rd 1 - Iloilo Radial By-Pass Rd 4,2500.0,1.0248,Luna St - Huervana St (Rev),lapaz - 1,lapaz - 3,557.14,557.09,2.93
Proper - 14,JM Basa St - Rizal St,jaro - 15,Iloilo Circumferential Rd 1 - Iloilo Radial By-Pass Rd 4,2500.0,1.0248,Huervana St - Rizal St,lapaz - 1,lapaz - 2,557.14,556.97,10.22
Proper - 14,JM Basa St - Rizal St,jaro - 15,Iloilo Circumferential Rd 1 - Iloilo Radial By-Pass Rd 4,2500.0,1.0248,Luna St,lapaz - 3,jaro - 1,557.14,557.09,2.93
Proper - 14,JM Basa St - Rizal St,jaro - 16,Old Lopez Jaena St - Old Iloilo-Capiz Rd,5000.0,1.0514,Gen Luna St 1 (Rev),Proper - 7,Proper - 1,1041.2,1036.81,263.13
Proper - 14,JM Basa St - Rizal St,jaro - 16,Old Lopez Jaena St - Old Iloilo-Capiz Rd,5000.0,1.0514,Delgado St (Rev),Proper - 10,Proper - 2,1041.2,1040.79,24.65
Proper - 14,JM Basa St - Rizal St,jaro - 18,Old Lopez Jaena St - Iloilo-Capiz Rd,5500.0,1.0189,Gen Luna St 1 (Rev),Proper - 7,Proper - 1,1183.92,1177.16,405.98
Proper - 14,JM Basa St - Rizal St,jaro - 21,Iloilo R4 Rd - Leganes,3500.0,1.0107,E Lopez St,jaro - 1,jaro - 4,1091.36,1091.16,11.86
Proper - 14,JM Basa St - Rizal St,jaro - 21,Iloilo R4 Rd - Leganes,3500.0,1.0107,Luna St - Huervana St (Rev),lapaz - 1,lapaz - 3,1091.36,1090.56,48.18
Proper - 14,JM Basa St - Rizal St,jaro - 21,Iloilo R4 Rd - Leganes,3500.0,1.0107,Luna St,lapaz - 3,jaro - 1,1091.36,1091.16,11.86
Proper - 14,JM Basa St - Rizal St,lapaz - 1,Luna St - Huervana St,4000.0,1.1322,Gen Luna St 3 (Rev),Proper - 9,Proper - 8,397.25,396.85,23.71
Proper - 14,JM Basa St - Rizal St,lapaz - 5,Huervana St - Jereos St,7000.0,1.1328,Gen Luna St 2 (Rev),Proper - 8,Proper - 7,1380.64,1375.15,329.05
Proper - 14,JM Basa St - Rizal St,lapaz - 6,Jereos St - Huervana Ext,7000.0,1.1257,Gen Luna St 2 (Rev),Proper - 8,Proper - 7,1449.27,1443.78,329.05
Proper - 14,JM Basa St - Rizal St,lapaz - 10,Luna St - Taytay Forbes,4500.0,1.1769,Gen Luna St 3 (Rev),Proper - 9,Proper - 8,489.94,488.44,89.85
Proper - 14,JM Basa St - Rizal St,lapuz - 2,Rizal St - Quirino-Lopez Bridge,5500.0,1.2175,Gen Luna St 3,Proper - 8,Proper - 9,696.33,644.77,3093.71
Proper - 14,JM Basa St - Rizal St,lapuz - 4,Rizal St - New Iloilo Ferry Terminal Access Rd,5500.0,1.3796,Gen Luna St 3,Proper - 8,Proper - 9,1180.65,1099.56,4865.51
Proper - 14,JM Basa St - Rizal St,lapuz - 5,New Iloilo Ferry Terminal Access Rd,5500.0,1.3143,Gen Luna St 3,Proper - 8,Proper - 9,1358.64,1277.55,4865.51
Proper - 14,JM Basa St - Rizal St,lapuz - 6,Rizal St - Lapuz-Mansaya-Roboc Rd,4500.0,1.2663,Gen Luna St 3,Proper - 8,Proper - 9,806.51,743.21,3797.8
Proper - 14,JM Basa St - Rizal St,lapuz - 6,Rizal St - Lapuz-Mansaya-Roboc Rd,4500.0,1.2663,Gen Luna St 3 (Rev),Proper - 9,Proper - 8,806.51,801.59,294.93
Proper - 14,JM Basa St - Rizal St,lapuz - 7,Lapuz-Mansaya-Roboc Rd - Coastal Rd,3500.0,1.0455,Gen Luna St 3,Proper - 8,Proper - 9,478.36,472.01,380.96
Proper - 14,JM Basa St - Rizal St,lapuz - 7,Lapuz-Mansaya-Roboc Rd - Coastal Rd,3500.0,1.0455,Gen Luna St 3 (Rev),Proper - 9,Proper - 8,478.36,476.62,104.26
Proper - 15,General Hughes St - Duran St,Molo - 4,Locsin St. - M.H Del Pilar St. 2,5000.0,1.0943,Ledesma St (Rev),Proper - 11,Proper - 6,780.53,778.23,138.04
Proper - 15,General Hughes St - Duran St,Molo - 5,Locsin St. - Timawa St.,5500.0,1.1221,Infante St 2,Proper - 2,Proper - 3,921.99,913.08,534.76
Proper - 15,General Hughes St - Duran St,Molo - 5,Locsin St. - Timawa St.,5500.0,1.1221,Infante St 2 (Rev),Proper - 3,Proper - 2,921.99,913.47,511.49
Proper - 15,General Hughes St - Duran St,Molo - 5,Locsin St. - Timawa St.,5500.0,1.1221,Delgado St (Rev),Proper - 10,Proper - 2,921.99,913.96,482.12
Proper - 15,General Hughes St - Duran St,Molo - 5,Locsin St. - Timawa St.,5500.0,1.1221,Ledesma St (Rev),Proper - 11,Proper - 6,921.99,911.4,635.62
Proper - 15,General Hughes St - Duran St,Molo - 5,Locsin St. - Timawa St.,5500.0,1.1221,Ruperto Montinola St 2 (Rev),Proper - 11,Proper - 10,921.99,916.76,314.1
Proper - 15,General Hughes St - Duran St,Molo - 5,Locsin St. - Timawa St.,5500.0,1.1221,Dela Rama St 1 (Rev),Proper - 17,Proper - 13,921.99,915.65,380.52
Proper - 15,General Hughes St - Duran St,Molo - 6,Locsin St. - Baluarte - Calumpag - Villa - Oton Blvd,3500.0,1.0814,Ledesma St (Rev),Proper - 11,Proper - 6,411.81,411.76,2.62
Proper - 15,General Hughes St - Duran St,Molo - 9,M.H Del Pilar St. 2,4000.0,1.0627,Infante St 1 (Rev),Proper - 2,Proper - 1,541.96,538.05,234.64
Proper - 15,General Hughes St - Duran St,Molo - 9,M.H Del Pilar St. 2,4000.0,1.0627,Infante St 2 (Rev),Proper - 3,Proper - 2,541.96,530.93,661.79
Proper - 15,General Hughes St - Duran St,Molo - 10,M.H Del Pilar St. 2,4000.0,1.0624,Infante St 1 (Rev),Proper - 2,Proper - 1,544.17,540.26,234.64
Proper - 15,General Hughes St - Duran St,Molo - 10,M.H Del Pilar St. 2,4000.0,1.0624,Infante St 2 (Rev),Proper - 3,Proper - 2,544.17,533.14,661.79
Proper - 15,General Hughes St - Duran St,Proper - 2,Delgado St - Infante St,5500.0,1.1396,Dela Rama St 1 (Rev),Proper - 17,Proper - 13,719.6,701.82,1066.94
Proper - 15,General Hughes St - Duran St,Proper - 18,Muelle Loney St - Blumentritt Left,2000.0,1.2047,Dela Rama St 1,Proper - 13,Proper - 17,111.54,110.14,83.84
Proper - 15,General Hughes St - Duran St,mandurriao - 1,Mandurriao - Jaro Rd - Old Iloilo - Capiz Rd,5000.0,1.2191,Gen Luna St 1 (Rev),Proper - 7,Proper - 1,915.79,911.45,260.11
Proper - 15,General Hughes St - Duran St,mandurriao - 1,Mandurriao - Jaro Rd - Old Iloilo - Capiz Rd,5000.0,1.2191,Delgado St (Rev),Proper - 10,Proper - 2,915.79,915.03,45.68
Proper - 15,General Hughes St - Duran St,mandurriao - 4,R Mapa St - Mandurriao - Jaro Rd,3000.0,1.0577,Infante St 2 (Rev),Proper - 3,Proper - 2,513.41,511.36,123.14
Proper - 15,General Hughes St - Duran St,mandurriao - 6,R Mapa St - Donato Pison Ave,2500.0,1.1542,Rotunda,Molo - 7,Molo - 8,456.72,456.5,12.66
Proper - 15,General Hughes St - Duran St,mandurriao - 6,R Mapa St - Donato Pison Ave,2500.0,1.1542,San Marcos St,Molo - 8,Molo - 3,456.72,456.5,12.66
Proper - 15,General Hughes St - Duran St,mandurriao - 6,R Mapa St - Donato Pison Ave,2500.0,1.1542,Gen Luna - Molo Connect,Proper - 1,Molo - 7,456.72,456.5,12.66
Proper - 15,General Hughes St - Duran St,mandurriao - 6,R Mapa St - Donato Pison Ave,2500.0,1.1542,Timawa St (Rev),Proper - 2,Molo - 5,456.72,454.66,123.64
Proper - 15,General Hughes St - Duran St,mandurriao - 7,Tabucan Mandurriao,3500.0,1.0545,Rotunda,Molo - 7,Molo - 8,961.72,961.41,18.77
Proper - 15,General Hughes St - Duran St,mandurriao - 7,Tabucan Mandurriao,3500.0,1.0545,San Marcos St,Molo - 8,Molo - 3,961.72,961.41,18.77
Proper - 15,General Hughes St - Duran St,mandurriao - 7,Tabucan Mandurriao,3500.0,1.0545,Gen Luna - Molo Connect,Proper - 1,Molo - 7,961.72,961.41,18.77
Proper - 15,General Hughes St - Duran St,jaro - 1,E Lopez St - Luna St,4000.0,1.0955,Arroyo St (Rev),Proper - 11,Proper - 12,624.13,621.74,143.28
Proper - 15,General Hughes St - Duran St,jaro - 1,E Lopez St - Luna St,4000.0,1.0955,JM Basa St 1 (Rev),Proper - 13,Proper - 11,624.13,623.38,44.84
Proper - 15,General Hughes St - Duran St,jaro - 1,E Lopez St - Luna St,4000.0,1.0955,JM Basa St 2 (Rev),Proper - 14,Proper - 13,624.13,611.34,767.49
Proper - 15,General Hughes St - Duran St,jaro - 1,E Lopez St - Luna St,4000.0,1.0955,Luna St - Huervana St (Rev),lapaz - 1,lapaz - 3,624.13,623.91,13.16
Proper - 15,General Hughes St - Duran St,jaro - 4,Plaza Rizal St - E Lopez St,5000.0,1.0822,Ruperto Montinola St 1 (Rev),Proper - 10,Proper - 8,863.59,843.76,1190.11
Proper - 15,General Hughes St - Duran St,jaro - 4,Plaza Rizal St - E Lopez St,5000.0,1.0822,Ruperto Montinola St 2 (Rev),Proper - 11,Proper - 10,863.59,861.87,103.58
Proper - 15,General Hughes St - Duran St,jaro - 4,Plaza Rizal St - E Lopez St,5000.0,1.0822,Luna St - Huervana St (Rev),lapaz - 1,lapaz - 3,863.59,860.88,162.63
Proper - 15,General Hughes St - Duran St,jaro - 5,Plaza Rizal St - Commission Civil St,5000.0,1.0803,Ruperto Montinola St 1 (Rev),Proper - 10,Proper - 8,882.35,862.51,1190.11
Proper - 15,General Hughes St - Duran St,jaro - 5,Plaza Rizal St - Commission Civil St,5000.0,1.0803,Ruperto Montinola St 2 (Rev),Proper - 11,Proper - 10,882.35,880.62,103.58
Proper - 15,General Hughes St - Duran St,jaro - 5,Plaza Rizal St - Commission Civil St,5000.0,1.0803,Luna St - Huervana St (Rev),lapaz - 1,lapaz - 3,882.35,879.64,162.63
Proper - 15,General Hughes St - Duran St,jaro - 6,Plaza Rizal St - Iloilo-Capiz Rd/Lopez Jaena St,5000.0,1.0769,Ruperto Montinola St 1 (Rev),Proper - 10,Proper - 8,918.29,898.45,1190.11
Proper - 15,General Hughes St - Duran St,jaro - 6,Plaza Rizal St - Iloilo-Capiz Rd/Lopez Jaena St,5000.0,1.0769,Ruperto Montinola St 2 (Rev),Proper - 11,Proper - 10,918.29,916.56,103.58
Proper - 15,General Hughes St - Duran St,jaro - 6,Plaza Rizal St - Iloilo-Capiz Rd/Lopez Jaena St,5000.0,1.0769,Luna St - Huervana St (Rev),lapaz - 1,lapaz - 3,918.29,915.58,162.63
Proper - 15,General Hughes St - Duran St,jaro - 7,Plaza Rizal St - El 98 St,5000.0,1.1138,Ruperto Montinola St 1 (Rev),Proper - 10,Proper - 8,879.58,877.98,96.42
Proper - 15,General Hughes St - Duran St,jaro - 8,Iloilo-Capiz Rd - Lopez Jaena St,2500.0,1.1476,Luna St - Huervana St (Rev),lapaz - 1,lapaz - 3,513.86,513.74,7.48
Proper - 15,General Hughes St - Duran St,jaro - 9,Iloilo-Capiz Rd - Balabago Rd,3000.0,1.1537,Quirino - Lopez Bridge,Proper - 9,lapuz - 2,697.64,693.26,262.84
Proper - 15,General Hughes St - Duran St,jaro - 9,Iloilo-Capiz Rd - Balabago Rd,3000.0,1.1537,Arroyo St (Rev),Proper - 11,Proper - 12,697.64,696.89,44.82
Proper - 15,General Hughes St - Duran St,jaro - 9,Iloilo-Capiz Rd - Balabago Rd,3000.0,1.1537,Muelle Loney St 1 (Rev),Proper - 12,Proper - 9,697.64,696.89,44.82
Proper - 15,General Hughes St - Duran St,jaro - 9,Iloilo-Capiz Rd - Balabago Rd,3000.0,1.1537,E Lopez St,jaro - 1,jaro - 4,697.64,682.98,879.34
Proper - 15,General Hughes St - Duran St,jaro - 9,Iloilo-Capiz Rd - Balabago Rd,3000.0,1.1537,Luna St - Huervana St (Rev),lapaz - 1,lapaz - 3,697.64,694.43,192.65
Proper - 15,General Hughes St - Duran St,jaro - 9,Iloilo-Capiz Rd - Balabago Rd,3000.0,1.1537,Luna St,lapaz - 3,jaro - 1,697.64,682.98,879.34
Proper - 15,General Hughes St - Duran St,jaro - 9,Iloilo-Capiz Rd - Balabago Rd,3000.0,1.1537,Rizal St - Huervana St (Rev),lapuz - 2,lapaz - 2,697.64,693.26,262.84
Proper - 15,General Hughes St - Duran St,jaro - 10,Balabago Rd - Iloilo Circumferential Rd 1,3500.0,1.1157,Arroyo St (Rev),Proper - 11,Proper - 12,771.55,771.22,20.02
Proper - 15,General Hughes St - Duran St,jaro - 10,Balabago Rd - Iloilo Circumferential Rd 1,3500.0,1.1157,Muelle Loney St 1 (Rev),Proper - 12,Proper - 9,771.55,771.22,20.02
Proper - 15,General Hughes St - Duran St,jaro - 10,Balabago Rd - Iloilo Circumferential Rd 1,3500.0,1.1157,Rizal St - Huervana St (Rev),lapuz - 2,lapaz - 2,771.55,770.39,70.0
Proper - 15,General Hughes St - Duran St,jaro - 11,Iloilo Circumferential Rd 1 - Monfort Blvd,3500.0,1.1203,Rizal St - Huervana St (Rev),lapuz - 2,lapaz - 2,771.61,770.46,69.01
Proper - 15,General Hughes St - Duran St,jaro - 12,Buhang Flyover,3000.0,1.0693,Huervana St - Rizal St,lapaz - 1,lapaz - 2,646.18,645.09,65.7
Proper - 15,General Hughes St - Duran St,jaro - 13,Buhang Flyover,2500.0,1.0258,E Lopez St,jaro - 1,jaro - 4,535.37,535.33,2.93
Proper - 15,General Hughes St - Duran St,jaro - 13,Buhang Flyover,2500.0,1.0258,Iloilo-Capiz Rd - Buhang Flyover (Rev),jaro - 12,jaro - 14,535.37,529.11,375.68
Proper - 15,General Hughes St - Duran St,jaro - 13,Buhang Flyover,2500.0,1.0258,Iloilo-Capiz Rd - Buhang Flyover,jaro - 14,jaro - 12,535.37,533.87,90.38
Proper - 15,General Hughes St - Duran St,jaro - 13,Buhang Flyover,2500.0,1.0258,Luna St - Huervana St (Rev),lapaz - 1,lapaz - 3,535.37,535.33,2.93
Proper - 15,General Hughes St - Duran St,jaro - 13,Buhang Flyover,2500.0,1.0258,Huervana St - Rizal St,lapaz - 1,lapaz - 2,535.37,535.2,10.22
Proper - 15,General Hughes St - Duran St,jaro - 13,Buhang Flyover,2500.0,1.0258,Luna St,lapaz - 3,jaro - 1,535.37,535.33,2.93
Proper - 15,General Hughes St - Duran St,jaro - 15,Iloilo Circumferential Rd 1 - Iloilo Radial By-Pass Rd 4,2500.0,1.0236,Bonifacio Drive,Proper - 7,lapaz - 10,584.49,584.31,10.33
Proper - 15,General Hughes St - Duran St,jaro - 15,Iloilo Circumferential Rd 1 - Iloilo Radial By-Pass Rd 4,2500.0,1.0236,Gen Luna St 2 (Rev),Proper - 8,Proper - 7,584.49,584.31,10.33
Proper - 15,General Hughes St - Duran St,jaro - 15,Iloilo Circumferential Rd 1 - Iloilo Radial By-Pass Rd 4,2500.0,1.0236,E Lopez St,jaro - 1,jaro - 4,584.49,584.44,2.93
Proper - 15,General Hughes St - Duran St,jaro - 15,Iloilo Circumferential Rd 1 - Iloilo Radial By-Pass Rd 4,2500.0,1.0236,Iloilo-Capiz Rd - Buhang Flyover (Rev),jaro - 12,jaro - 14,584.49,577.92,394.18
Proper - 15,General Hughes St - Duran St,jaro - 15,Iloilo Circumferential Rd 1 - Iloilo Radial By-Pass Rd 4,2500.0,1.0236,Iloilo-Capiz Rd - Buhang Flyover,jaro - 14,jaro - 12,584.49,582.98,90.38
Proper - 15,General Hughes St - Duran St,jaro - 15,Iloilo Circumferential Rd 1 - Iloilo Radial By-Pass Rd 4,2500.0,1.0236,Luna St - Huervana St (Rev),lapaz - 1,lapaz - 3,584.49,584.44,2.93
Proper - 15,General Hughes St - Duran St,jaro - 15,Iloilo Circumferential Rd 1 - Iloilo Radial By-Pass Rd 4,2500.0,1.0236,Huervana St - Rizal St,lapaz - 1,lapaz - 2,584.49,584.32,10.22
Proper - 15,General Hughes St - Duran St,jaro - 15,Iloilo Circumferential Rd 1 - Iloilo Radial By-Pass Rd 4,2500.0,1.0236,Luna St,lapaz - 3,jaro - 1,584.49,584.44,2.93
Proper - 15,General Hughes St - Duran St,jaro - 15,Iloilo Circumferential Rd 1 - Iloilo Radial By-Pass Rd 4,2500.0,1.0236,Luna St - Esplanade 5 (Rev),lapaz - 10,lapaz - 1,584.49,584.31,10.33
Proper - 15,General Hughes St - Duran St,jaro - 16,Old Lopez Jaena St - Old Iloilo-Capiz Rd,5000.0,1.1282,Gen Luna St 1 (Rev),Proper - 7,Proper - 1,1259.39,1255.65,224.05
Proper - 15,General Hughes St - Duran St,jaro - 16,Old Lopez Jaena St - Old Iloilo-Capiz Rd,5000.0,1.1282,Delgado St (Rev),Proper - 10,Proper - 2,1259.39,1258.97,24.97
Proper - 15,General Hughes St - Duran St,jaro - 17,Iloilo-Capiz Rd - Old Iloilo-Capiz Rd,5000.0,1.1284,Gen Luna St 1 (Rev),Proper - 7,Proper - 1,1237.51,1233.78,224.05
Proper - 15,General Hughes St - Duran St,jaro - 17,Iloilo-Capiz Rd - Old Iloilo-Capiz Rd,5000.0,1.1284,Delgado St (Rev),Proper - 10,Proper - 2,1237.51,1237.09,24.97
Proper - 15,General Hughes St - Duran St,lapaz - 4,Huervana St - Burgos St,5500.0,1.0534,Arroyo St (Rev),Proper - 11,Proper - 12,1023.87,1021.67,132.45
Proper - 15,General Hughes St - Duran St,lapaz - 5,Huervana St - Jereos St,5500.0,1.1067,Arroyo St (Rev),Proper - 11,Proper - 12,1063.32,1061.12,132.45
Proper - 15,General Hughes St - Duran St,lapaz - 6,Jereos St - Huervana Ext,5500.0,1.1027,Arroyo St (Rev),Proper - 11,Proper - 12,1100.89,1098.69,132.45
Proper - 15,General Hughes St - Duran St,lapaz - 7,Huervana Ext - Burgos St,4500.0,1.0265,Arroyo St (Rev),Proper - 11,Proper - 12,745.13,743.29,110.84
Proper - 15,General Hughes St - Duran St,lapaz - 10,Luna St - Taytay Forbes,4000.0,1.3263,Arroyo St (Rev),Proper - 11,Proper - 12,489.48,489.39,5.3
Proper - 15,General Hughes St - Duran St,lapuz - 2,Rizal St - Quirino-Lopez Bridge,5500.0,1.1232,Gen Luna St 3,Proper - 8,Proper - 9,715.0,694.76,1214.02
Proper - 15,General Hughes St - Duran St,lapuz - 4,Rizal St - New Iloilo Ferry Terminal Access Rd,5500.0,1.2928,Gen Luna St 3,Proper - 8,Proper - 9,1191.83,1146.23,2736.1
Proper - 15,General Hughes St - Duran St,lapuz - 4,Rizal St - New Iloilo Ferry Terminal Access Rd,5500.0,1.2928,Arroyo St (Rev),Proper - 11,Proper - 12,1191.83,1191.15,40.96
Proper - 15,General Hughes St - Duran St,lapuz - 5,New Iloilo Ferry Terminal Access Rd,5500.0,1.2454,Gen Luna St 3,Proper - 8,Proper - 9,1369.81,1324.21,2736.1
Proper - 15,General Hughes St - Duran St,lapuz - 5,New Iloilo Ferry Terminal Access Rd,5500.0,1.2454,Arroyo St (Rev),Proper - 11,Proper - 12,1369.81,1369.13,40.96
Proper - 15,General Hughes St - Duran St,lapuz - 6,Rizal St - Lapuz-Mansaya-Roboc Rd,4000.0,1.3256,Gen Luna St 3,Proper - 8,Proper - 9,730.93,688.7,2533.69
Proper - 15,General Hughes St - Duran St,lapuz - 7,Lapuz-Mansaya-Roboc Rd - Coastal Rd,4000.0,1.1175,Gen Luna St 3,Proper - 8,Proper - 9,673.75,643.75,1799.71
Proper - 15,General Hughes St - Duran St,lapuz - 7,Lapuz-Mansaya-Roboc Rd - Coastal Rd,4000.0,1.1175,Arroyo St (Rev),Proper - 11,Proper - 12,673.75,670.75,179.7
Proper - 17,Dela Rama St - Blumentritt,villa - 2,Iloilo Circumrferential Rd 1 - Jocson St,4000.0,1.0122,Timawa St (Rev),Proper - 2,Molo - 5,1255.06,1253.22,110.18
Proper - 17,Dela Rama St - Blumentritt,Molo - 3,Locsin St - San Marcos St.,5500.0,1.0821,Ledesma St (Rev),Proper - 11,Proper - 6,856.68,845.3,683.12
Proper - 17,Dela Rama St - Blumentritt,Molo - 3,Locsin St - San Marcos St.,5500.0,1.0821,Arroyo St,Proper - 12,Proper - 11,856.68,854.12,153.99
Proper - 17,Dela Rama St - Blumentritt,Molo - 3,Locsin St - San Marcos St.,5500.0,1.0821,Muelle Loney St 3 (Rev),Proper - 19,Proper - 18,856.68,853.09,215.93
Proper - 17,Dela Rama St - Blumentritt,Molo - 4,Locsin St. - M.H Del Pilar St. 2,5000.0,1.0996,Ledesma St (Rev),Proper - 11,Proper - 6,748.0,738.62,562.79
Proper - 17,Dela Rama St - Blumentritt,Molo - 4,Locsin St. - M.H Del Pilar St. 2,5000.0,1.0996,Arroyo St,Proper - 12,Proper - 11,748.0,743.21,287.59
Proper - 17,Dela Rama St - Blumentritt,Molo - 6,Locsin St. - Baluarte - Calumpag - Villa - Oton Blvd,5000.0,1.0965,Infante St 2,Proper - 2,Proper - 3,755.06,754.49,33.85
Proper - 17,Dela Rama St - Blumentritt,Molo - 6,Locsin St. - Baluarte - Calumpag - Villa - Oton Blvd,5000.0,1.0965,Arroyo St,Proper - 12,Proper - 11,755.06,742.39,759.97
Proper - 17,Dela Rama St - Blumentritt,Molo - 6,Locsin St. - Baluarte - Calumpag - Villa - Oton Blvd,5000.0,1.0965,JM Basa St 2,Proper - 13,Proper - 14,755.06,748.78,376.86
Proper - 17,Dela Rama St - Blumentritt,Molo - 7,San Marcos St. - MH del Pilar St. 1 (Rotunda),5500.0,1.1041,Ledesma St (Rev),Proper - 11,Proper - 6,813.46,795.4,1084.03
Proper - 17,Dela Rama St - Blumentritt,Molo - 7,San Marcos St. - MH del Pilar St. 1 (Rotunda),5500.0,1.1041,Arroyo St,Proper - 12,Proper - 11,813.46,800.27,791.7
Proper - 17,Dela Rama St - Blumentritt,Molo - 7,San Marcos St. - MH del Pilar St. 1 (Rotunda),5500.0,1.1041,Muelle Loney St 3 (Rev),Proper - 19,Proper - 18,813.46,804.45,540.59
Proper - 17,Dela Rama St - Blumentritt,Molo - 8,San Marcos St. - MH del Pilar St. 1 (Rotunda),5500.0,1.102,Ledesma St (Rev),Proper - 11,Proper - 6,828.56,810.49,1084.03
Proper - 17,Dela Rama St - Blumentritt,Molo - 8,San Marcos St. - MH del Pilar St. 1 (Rotunda),5500.0,1.102,Arroyo St,Proper - 12,Proper - 11,828.56,815.36,791.7
Proper - 17,Dela Rama St - Blumentritt,Molo - 8,San Marcos St. - MH del Pilar St. 1 (Rotunda),5500.0,1.102,Muelle Loney St 3 (Rev),Proper - 19,Proper - 18,828.56,819.55,540.59
Proper - 17,Dela Rama St - Blumentritt,Proper - 1,Gen Luna St - Infante St,5500.0,1.127,Ledesma St (Rev),Proper - 11,Proper - 6,710.14,692.08,1084.03
Proper - 17,Dela Rama St - Blumentritt,Proper - 1,Gen Luna St - Infante St,5500.0,1.127,Arroyo St,Proper - 12,Proper - 11,710.14,696.95,791.7
Proper - 17,Dela Rama St - Blumentritt,Proper - 1,Gen Luna St - Infante St,5500.0,1.127,Muelle Loney St 3 (Rev),Proper - 19,Proper - 18,710.14,701.14,540.59
Proper - 17,Dela Rama St - Blumentritt,Proper - 2,Delgado St - Infante St,5000.0,1.0833,Arroyo St,Proper - 12,Proper - 11,583.53,571.0,751.53
Proper - 17,Dela Rama St - Blumentritt,Proper - 2,Delgado St - Infante St,5000.0,1.0833,JM Basa St 2,Proper - 13,Proper - 14,583.53,581.2,139.72
Proper - 17,Dela Rama St - Blumentritt,Proper - 3,Rizal St - Infante St,4500.0,1.1721,Arroyo St,Proper - 12,Proper - 11,507.96,497.25,642.46
Proper - 17,Dela Rama St - Blumentritt,Proper - 3,Rizal St - Infante St,4500.0,1.1721,JM Basa St 2,Proper - 13,Proper - 14,507.96,502.71,314.74
Proper - 17,Dela Rama St - Blumentritt,Proper - 4,Baluarte - Calumpang - Villa - Oton Blvd - Infante St,6000.0,1.1258,Arroyo St,Proper - 12,Proper - 11,1004.82,1000.78,242.56
Proper - 17,Dela Rama St - Blumentritt,Proper - 4,Baluarte - Calumpang - Villa - Oton Blvd - Infante St,6000.0,1.1258,JM Basa St 2,Proper - 13,Proper - 14,1004.82,999.95,292.49
Proper - 17,Dela Rama St - Blumentritt,Proper - 5,Baluarte - Calumpang - Villa - Oton Blvd - Rizal St,4500.0,1.2106,Ledesma St (Rev),Proper - 11,Proper - 6,521.23,514.45,406.44
Proper - 17,Dela Rama St - Blumentritt,Proper - 5,Baluarte - Calumpang - Villa - Oton Blvd - Rizal St,4500.0,1.2106,Arroyo St,Proper - 12,Proper - 11,521.23,515.91,319.02
Proper - 17,Dela Rama St - Blumentritt,Proper - 5,Baluarte - Calumpang - Villa - Oton Blvd - Rizal St,4500.0,1.2106,JM Basa St 2,Proper - 13,Proper - 14,521.23,494.4,1609.6
Proper - 17,Dela Rama St - Blumentritt,Proper - 7,Gen Luna St - Bonifacio Dr,7500.0,1.168,Arroyo St,Proper - 12,Proper - 11,1269.7,1264.25,326.96
Proper - 17,Dela Rama St - Blumentritt,Proper - 7,Gen Luna St - Bonifacio Dr,7500.0,1.168,JM Basa St 2 (Rev),Proper - 14,Proper - 13,1269.7,1230.64,2343.81
Proper - 17,Dela Rama St - Blumentritt,Proper - 8,Gen Luna St - Ruperto Montinola St,9000.0,1.1297,Arroyo St,Proper - 12,Proper - 11,1798.04,1797.75,17.02
Proper - 17,Dela Rama St - Blumentritt,Proper - 8,Gen Luna St - Ruperto Montinola St,9000.0,1.1297,Muelle Loney St 3 (Rev),Proper - 19,Proper - 18,1798.04,1772.88,1509.32
Proper - 17,Dela Rama St - Blumentritt,Proper - 9,Gen Luna St - Muelle Loney St,9000.0,1.1281,Muelle Loney St 3 (Rev),Proper - 19,Proper - 18,1799.58,1766.35,1993.83
Proper - 17,Dela Rama St - Blumentritt,Proper - 10,Delgado St - Ruperto Montinola St,5500.0,1.1671,Arroyo St,Proper - 12,Proper - 11,479.11,465.43,820.74
Proper - 17,Dela Rama St - Blumentritt,mandurriao - 1,Mandurriao - Jaro Rd - Old Iloilo - Capiz Rd,5000.0,1.165,Gen Luna St 1 (Rev),Proper - 7,Proper - 1,872.6,856.78,949.23
Proper - 17,Dela Rama St - Blumentritt,mandurriao - 1,Mandurriao - Jaro Rd - Old Iloilo - Capiz Rd,5000.0,1.165,Gen Luna St 3 (Rev),Proper - 9,Proper - 8,872.6,872.28,19.13
Proper - 17,Dela Rama St - Blumentritt,mandurriao - 2,Mandurriao - Jaro Rd - Mandurriao - Sn Miguel Rd,3500.0,1.1228,Infante St 1 (Rev),Proper - 2,Proper - 1,646.05,641.87,250.72
Proper - 17,Dela Rama St - Blumentritt,mandurriao - 2,Mandurriao - Jaro Rd - Mandurriao - Sn Miguel Rd,3500.0,1.1228,JM Basa St 1 (Rev),Proper - 13,Proper - 11,646.05,634.02,721.48
Proper - 17,Dela Rama St - Blumentritt,mandurriao - 3,Mandurriao - Sn Miguel Rd - R Mapa St,3500.0,1.035,Infante St 1 (Rev),Proper - 2,Proper - 1,695.8,691.63,250.72
Proper - 17,Dela Rama St - Blumentritt,mandurriao - 3,Mandurriao - Sn Miguel Rd - R Mapa St,3500.0,1.035,JM Basa St 1 (Rev),Proper - 13,Proper - 11,695.8,683.78,721.48
Proper - 17,Dela Rama St - Blumentritt,mandurriao - 4,R Mapa St - Mandurriao - Jaro Rd,3000.0,1.0661,Infante St 1 (Rev),Proper - 2,Proper - 1,529.92,524.34,334.43
Proper - 17,Dela Rama St - Blumentritt,mandurriao - 5,Pakiad Rd,3000.0,1.0176,Infante St 1 (Rev),Proper - 2,Proper - 1,712.16,706.58,334.43
Proper - 17,Dela Rama St - Blumentritt,mandurriao - 6,R Mapa St - Donato Pison Ave,2500.0,1.1375,Rotunda,Molo - 7,Molo - 8,468.73,467.56,70.1
Proper - 17,Dela Rama St - Blumentritt,mandurriao - 6,R Mapa St - Donato Pison Ave,2500.0,1.1375,San Marcos St,Molo - 8,Molo - 3,468.73,467.56,70.1
Proper - 17,Dela Rama St - Blumentritt,mandurriao - 6,R Mapa St - Donato Pison Ave,2500.0,1.1375,Gen Luna - Molo Connect,Proper - 1,Molo - 7,468.73,467.56,70.1
Proper - 17,Dela Rama St - Blumentritt,mandurriao - 6,R Mapa St - Donato Pison Ave,2500.0,1.1375,Arroyo St,Proper - 12,Proper - 11,468.73,466.34,143.59
Proper - 17,Dela Rama St - Blumentritt,mandurriao - 7,Tabucan Mandurriao,2500.0,1.1194,Rotunda,Molo - 7,Molo - 8,531.25,530.07,71.0
Proper - 17,Dela Rama St - Blumentritt,mandurriao - 7,Tabucan Mandurriao,2500.0,1.1194,San Marcos St,Molo - 8,Molo - 3,531.25,530.07,71.0
Proper - 17,Dela Rama St - Blumentritt,mandurriao - 7,Tabucan Mandurriao,2500.0,1.1194,Gen Luna - Molo Connect,Proper - 1,Molo - 7,531.25,530.07,71.0
Proper - 17,Dela Rama St - Blumentritt,mandurriao - 7,Tabucan Mandurriao,2500.0,1.1194,Arroyo St,Proper - 12,Proper - 11,531.25,528.86,143.59
Proper - 17,Dela Rama St - Blumentritt,mandurriao - 9,Mandurriao-Sn Miguel Rd,3500.0,1.0227,Infante St 1 (Rev),Proper - 2,Proper - 1,1057.83,1052.54,317.91
Proper - 17,Dela Rama St - Blumentritt,mandurriao - 9,Mandurriao-Sn Miguel Rd,3500.0,1.0227,JM Basa St 1 (Rev),Proper - 13,Proper - 11,1057.83,1045.81,721.48
Proper - 17,Dela Rama St - Blumentritt,mandurriao - 10,Iloilo Circumferential Rd 1 - Mandurriao-Sn Miguel Rd,3500.0,1.022,Infante St 1 (Rev),Proper - 2,Proper - 1,1094.52,1089.22,317.91
Proper - 17,Dela Rama St - Blumentritt,mandurriao - 10,Iloilo Circumferential Rd 1 - Mandurriao-Sn Miguel Rd,3500.0,1.022,JM Basa St 1 (Rev),Proper - 13,Proper - 11,1094.52,1082.49,721.48
Proper - 17,Dela Rama St - Blumentritt,mandurriao - 11,Mandurriao-Sn Miguel Rd - Iloilo Circumferential Rd 1,3500.0,1.0221,Infante St 1 (Rev),Proper - 2,Proper - 1,1089.62,1084.32,317.91
Proper - 17,Dela Rama St - Blumentritt,mandurriao - 11,Mandurriao-Sn Miguel Rd - Iloilo Circumferential Rd 1,3500.0,1.0221,JM Basa St 1 (Rev),Proper - 13,Proper - 11,1089.62,1077.59,721.48
Proper - 17,Dela Rama St - Blumentritt,mandurriao - 12,Iloilo Circumferential Rd 1,3500.0,1.0229,Infante St 1 (Rev),Proper - 2,Proper - 1,1050.4,1045.1,317.91
Proper - 17,Dela Rama St - Blumentritt,mandurriao - 12,Iloilo Circumferential Rd 1,3500.0,1.0229,JM Basa St 1 (Rev),Proper - 13,Proper - 11,1050.4,1038.37,721.48
Proper - 17,Dela Rama St - Blumentritt,jaro - 1,E Lopez St - Luna St,4500.0,1.0893,Gen Luna St 3,Proper - 8,Proper - 9,732.37,728.5,232.61
Proper - 17,Dela Rama St - Blumentritt,jaro - 1,E Lopez St - Luna St,4500.0,1.0893,JM Basa St 1 (Rev),Proper - 13,Proper - 11,732.37,704.13,1694.38
Proper - 17,Dela Rama St - Blumentritt,jaro - 2,Commission Civil St - Burgos St,2000.0,1.0951,Huervana St - Rizal St,lapaz - 1,lapaz - 2,283.33,281.29,122.31
Proper - 17,Dela Rama St - Blumentritt,jaro - 4,Plaza Rizal St - E Lopez St,2500.0,1.0351,Ruperto Montinola St 1 (Rev),Proper - 10,Proper - 8,308.88,307.47,85.0
Proper - 17,Dela Rama St - Blumentritt,jaro - 5,Plaza Rizal St - Commission Civil St,5500.0,1.0585,Gen Luna St 1 (Rev),Proper - 7,Proper - 1,978.21,977.84,22.15
Proper - 17,Dela Rama St - Blumentritt,jaro - 5,Plaza Rizal St - Commission Civil St,5500.0,1.0585,Gen Luna St 3 (Rev),Proper - 9,Proper - 8,978.21,968.75,567.84
Proper - 17,Dela Rama St - Blumentritt,jaro - 5,Plaza Rizal St - Commission Civil St,5500.0,1.0585,Delgado St (Rev),Proper - 10,Proper - 2,978.21,970.97,434.22
Proper - 17,Dela Rama St - Blumentritt,jaro - 5,Plaza Rizal St - Commission Civil St,5500.0,1.0585,Ledesma St (Rev),Proper - 11,Proper - 6,978.21,975.44,166.43
Proper - 17,Dela Rama St - Blumentritt,jaro - 5,Plaza Rizal St - Commission Civil St,5500.0,1.0585,Arroyo St,Proper - 12,Proper - 11,978.21,967.78,625.78
Proper - 17,Dela Rama St - Blumentritt,jaro - 5,Plaza Rizal St - Commission Civil St,5500.0,1.0585,Rizal St - Luna St,lapaz - 2,lapaz - 3,978.21,974.66,212.95
Proper - 17,Dela Rama St - Blumentritt,jaro - 6,Plaza Rizal St - Iloilo-Capiz Rd/Lopez Jaena St,2500.0,1.0327,Ruperto Montinola St 1 (Rev),Proper - 10,Proper - 8,331.1,329.68,85.0
Proper - 17,Dela Rama St - Blumentritt,jaro - 7,Plaza Rizal St - El 98 St,2000.0,1.0122,Gen Luna St 1 (Rev),Proper - 7,Proper - 1,247.2,247.01,11.4
Proper - 17,Dela Rama St - Blumentritt,jaro - 8,Iloilo-Capiz Rd - Lopez Jaena St,2500.0,1.1534,Bonifacio Drive,Proper - 7,lapaz - 10,524.59,523.36,73.55
Proper - 17,Dela Rama St - Blumentritt,jaro - 8,Iloilo-Capiz Rd - Lopez Jaena St,2500.0,1.1534,Gen Luna St 2 (Rev),Proper - 8,Proper - 7,524.59,523.36,73.55
Proper - 17,Dela Rama St - Blumentritt,jaro - 8,Iloilo-Capiz Rd - Lopez Jaena St,2500.0,1.1534,Ruperto Montinola St 1 (Rev),Proper - 10,Proper - 8,524.59,520.69,234.17
Proper - 17,Dela Rama St - Blumentritt,jaro - 8,Iloilo-Capiz Rd - Lopez Jaena St,2500.0,1.1534,Luna St - Huervana St (Rev),lapaz - 1,lapaz - 3,524.59,524.56,1.99
Proper - 17,Dela Rama St - Blumentritt,jaro - 8,Iloilo-Capiz Rd - Lopez Jaena St,2500.0,1.1534,Luna St - Esplanade 5 (Rev),lapaz - 10,lapaz - 1,524.59,523.36,73.55
Proper - 17,Dela Rama St - Blumentritt,jaro - 9,Iloilo-Capiz Rd - Balabago Rd,3000.0,1.2219,Old Iloilo - Capiz Rd (Rev),Proper - 1,mandurriao - 1,699.9,698.78,67.27
Proper - 17,Dela Rama St - Blumentritt,jaro - 9,Iloilo-Capiz Rd - Balabago Rd,3000.0,1.2219,Infante St 1 (Rev),Proper - 2,Proper - 1,699.9,699.37,31.96
Proper - 17,Dela Rama St - Blumentritt,jaro - 9,Iloilo-Capiz Rd - Balabago Rd,3000.0,1.2219,Gen Luna St 3,Proper - 8,Proper - 9,699.9,695.91,239.35
Proper - 17,Dela Rama St - Blumentritt,jaro - 9,Iloilo-Capiz Rd - Balabago Rd,3000.0,1.2219,Gen Luna St 3 (Rev),Proper - 9,Proper - 8,699.9,694.0,354.08
Proper - 17,Dela Rama St - Blumentritt,jaro - 9,Iloilo-Capiz Rd - Balabago Rd,3000.0,1.2219,Quirino - Lopez Bridge,Proper - 9,lapuz - 2,699.9,695.91,239.35
Proper - 17,Dela Rama St - Blumentritt,jaro - 9,Iloilo-Capiz Rd - Balabago Rd,3000.0,1.2219,Delgado St (Rev),Proper - 10,Proper - 2,699.9,699.39,30.67
Proper - 17,Dela Rama St - Blumentritt,jaro - 9,Iloilo-Capiz Rd - Balabago Rd,3000.0,1.2219,El 98 St (Rev),mandurriao - 1,jaro - 7,699.9,698.78,67.27
Proper - 17,Dela Rama St - Blumentritt,jaro - 9,Iloilo-Capiz Rd - Balabago Rd,3000.0,1.2219,E Lopez St,jaro - 1,jaro - 4,699.9,687.34,753.85
Proper - 17,Dela Rama St - Blumentritt,jaro - 9,Iloilo-Capiz Rd - Balabago Rd,3000.0,1.2219,El 98 St - Plaza Rizal St - E Lopez St,jaro - 7,jaro - 4,699.9,698.78,67.27
Proper - 17,Dela Rama St - Blumentritt,jaro - 9,Iloilo-Capiz Rd - Balabago Rd,3000.0,1.2219,Luna St - Huervana St (Rev),lapaz - 1,lapaz - 3,699.9,697.76,128.58
Proper - 17,Dela Rama St - Blumentritt,jaro - 9,Iloilo-Capiz Rd - Balabago Rd,3000.0,1.2219,Huervana St - Rizal St,lapaz - 1,lapaz - 2,699.9,699.57,19.88
Proper - 17,Dela Rama St - Blumentritt,jaro - 9,Iloilo-Capiz Rd - Balabago Rd,3000.0,1.2219,Luna St,lapaz - 3,jaro - 1,699.9,687.34,753.85
Proper - 17,Dela Rama St - Blumentritt,jaro - 9,Iloilo-Capiz Rd - Balabago Rd,3000.0,1.2219,Rizal St - Huervana St (Rev),lapuz - 2,lapaz - 2,699.9,695.91,239.35
Proper - 17,Dela Rama St - Blumentritt,jaro - 10,Balabago Rd - Iloilo Circumferential Rd 1,3500.0,1.0995,Gen Luna St 3,Proper - 8,Proper - 9,767.4,766.76,38.59
Proper - 17,Dela Rama St - Blumentritt,jaro - 10,Balabago Rd - Iloilo Circumferential Rd 1,3500.0,1.0995,Gen Luna St 3 (Rev),Proper - 9,Proper - 8,767.4,761.9,330.12
Proper - 17,Dela Rama St - Blumentritt,jaro - 10,Balabago Rd - Iloilo Circumferential Rd 1,3500.0,1.0995,Huervana St - Rizal St,lapaz - 1,lapaz - 2,767.4,746.62,1246.53
Proper - 17,Dela Rama St - Blumentritt,jaro - 10,Balabago Rd - Iloilo Circumferential Rd 1,3500.0,1.0995,Rizal St - Luna St,lapaz - 2,lapaz - 3,767.4,766.76,38.59
Proper - 17,Dela Rama St - Blumentritt,jaro - 10,Balabago Rd - Iloilo Circumferential Rd 1,3500.0,1.0995,Huervana St - Burgos St,lapaz - 2,lapaz - 4,767.4,756.22,670.76
Proper - 17,Dela Rama St - Blumentritt,jaro - 10,Balabago Rd - Iloilo Circumferential Rd 1,3500.0,1.0995,Huervana St - Jereos St,lapaz - 4,lapaz - 5,767.4,756.22,670.76
Proper - 17,Dela Rama St - Blumentritt,jaro - 10,Balabago Rd - Iloilo Circumferential Rd 1,3500.0,1.0995,Lopez Jaena St,lapaz - 5,lapaz - 8,767.4,756.22,670.76
Proper - 17,Dela Rama St - Blumentritt,jaro - 10,Balabago Rd - Iloilo Circumferential Rd 1,3500.0,1.0995,Baldoza St,lapaz - 8,lapaz - 9,767.4,756.22,670.76
Proper - 17,Dela Rama St - Blumentritt,jaro - 11,Iloilo Circumferential Rd 1 - Monfort Blvd,3500.0,1.1067,Bonifacio Drive,Proper - 7,lapaz - 10,769.76,769.58,11.0
Proper - 17,Dela Rama St - Blumentritt,jaro - 11,Iloilo Circumferential Rd 1 - Monfort Blvd,3500.0,1.1067,Gen Luna St 2 (Rev),Proper - 8,Proper - 7,769.76,769.58,11.0
Proper - 17,Dela Rama St - Blumentritt,jaro - 11,Iloilo Circumferential Rd 1 - Monfort Blvd,3500.0,1.1067,Gen Luna St 3,Proper - 8,Proper - 9,769.76,754.28,928.65
Proper - 17,Dela Rama St - Blumentritt,jaro - 11,Iloilo Circumferential Rd 1 - Monfort Blvd,3500.0,1.1067,Gen Luna St 3 (Rev),Proper - 9,Proper - 8,769.76,765.38,263.1
Proper - 17,Dela Rama St - Blumentritt,jaro - 11,Iloilo Circumferential Rd 1 - Monfort Blvd,3500.0,1.1067,Huervana St - Rizal St,lapaz - 1,lapaz - 2,769.76,746.64,1387.4
Proper - 17,Dela Rama St - Blumentritt,jaro - 11,Iloilo Circumferential Rd 1 - Monfort Blvd,3500.0,1.1067,Huervana St - Burgos St,lapaz - 2,lapaz - 4,769.76,757.19,754.1
Proper - 17,Dela Rama St - Blumentritt,jaro - 11,Iloilo Circumferential Rd 1 - Monfort Blvd,3500.0,1.1067,Huervana St - Jereos St,lapaz - 4,lapaz - 5,769.76,757.19,754.1
Proper - 17,Dela Rama St - Blumentritt,jaro - 11,Iloilo Circumferential Rd 1 - Monfort Blvd,3500.0,1.1067,Lopez Jaena St,lapaz - 5,lapaz - 8,769.76,757.19,754.1
Proper - 17,Dela Rama St - Blumentritt,jaro - 11,Iloilo Circumferential Rd 1 - Monfort Blvd,3500.0,1.1067,Baldoza St,lapaz - 8,lapaz - 9,769.76,757.19,754.1
Proper - 17,Dela Rama St - Blumentritt,jaro - 11,Iloilo Circumferential Rd 1 - Monfort Blvd,3500.0,1.1067,Luna St - Esplanade 5 (Rev),lapaz - 10,lapaz - 1,769.76,769.58,11.0
Proper - 17,Dela Rama St - Blumentritt,jaro - 12,Buhang Flyover,2500.0,1.0672,Gen Luna St 3 (Rev),Proper - 9,Proper - 8,522.95,519.67,196.9
Proper - 17,Dela Rama St - Blumentritt,jaro - 12,Buhang Flyover,2500.0,1.0672,Huervana St - Rizal St,lapaz - 1,lapaz - 2,522.95,513.36,575.46
Proper - 17,Dela Rama St - Blumentritt,jaro - 12,Buhang Flyover,2500.0,1.0672,Huervana St - Burgos St,lapaz - 2,lapaz - 4,522.95,517.09,351.55
Proper - 17,Dela Rama St - Blumentritt,jaro - 12,Buhang Flyover,2500.0,1.0672,Huervana St - Jereos St,lapaz - 4,lapaz - 5,522.95,517.09,351.55
Proper - 17,Dela Rama St - Blumentritt,jaro - 12,Buhang Flyover,2500.0,1.0672,Lopez Jaena St,lapaz - 5,lapaz - 8,522.95,517.09,351.55
Proper - 17,Dela Rama St - Blumentritt,jaro - 12,Buhang Flyover,2500.0,1.0672,Baldoza St,lapaz - 8,lapaz - 9,522.95,517.09,351.55
Proper - 17,Dela Rama St - Blumentritt,jaro - 14,Iloilo-Capiz Rd - Iloilo Circumferential Rd 1,2000.0,1.0322,Huervana St - Rizal St,lapaz - 1,lapaz - 2,400.63,400.31,18.87
Proper - 17,Dela Rama St - Blumentritt,jaro - 16,Old Lopez Jaena St - Old Iloilo-Capiz Rd,4500.0,1.0713,Gen Luna St 1 (Rev),Proper - 7,Proper - 1,1024.88,1022.03,170.73
Proper - 17,Dela Rama St - Blumentritt,jaro - 16,Old Lopez Jaena St - Old Iloilo-Capiz Rd,4500.0,1.0713,Ruperto Montinola St 1 (Rev),Proper - 10,Proper - 8,1024.88,1024.37,30.57
Proper - 17,Dela Rama St - Blumentritt,jaro - 17,Iloilo-Capiz Rd - Old Iloilo-Capiz Rd,4500.0,1.0715,Gen Luna St 1 (Rev),Proper - 7,Proper - 1,1006.55,1003.7,170.73
Proper - 17,Dela Rama St - Blumentritt,jaro - 17,Iloilo-Capiz Rd - Old Iloilo-Capiz Rd,4500.0,1.0715,Ruperto Montinola St 1 (Rev),Proper - 10,Proper - 8,1006.55,1006.04,30.57
Proper - 17,Dela Rama St - Blumentritt,jaro - 18,Old Lopez Jaena St - Iloilo-Capiz Rd,4000.0,1.0832,Gen Luna St 1 (Rev),Proper - 7,Proper - 1,858.03,857.02,60.9
Proper - 17,Dela Rama St - Blumentritt,jaro - 19,Monfort Blvd,4500.0,1.0836,Gen Luna St 3,Proper - 8,Proper - 9,1117.41,1078.45,2337.49
Proper - 17,Dela Rama St - Blumentritt,jaro - 19,Monfort Blvd,4500.0,1.0836,Gen Luna St 3 (Rev),Proper - 9,Proper - 8,1117.41,1112.08,319.7
Proper - 17,Dela Rama St - Blumentritt,jaro - 19,Monfort Blvd,4500.0,1.0836,JM Basa St 1 (Rev),Proper - 13,Proper - 11,1117.41,1096.96,1227.04
Proper - 17,Dela Rama St - Blumentritt,jaro - 19,Monfort Blvd,4500.0,1.0836,Huervana St - Rizal St,lapaz - 1,lapaz - 2,1117.41,1095.61,1308.1
Proper - 17,Dela Rama St - Blumentritt,jaro - 24,Old Iloilo-Capiz Rd - Pavia,4500.0,1.0684,Gen Luna St 1 (Rev),Proper - 7,Proper - 1,1066.04,1063.19,170.73
Proper - 17,Dela Rama St - Blumentritt,jaro - 24,Old Iloilo-Capiz Rd - Pavia,4500.0,1.0684,Ruperto Montinola St 1 (Rev),Proper - 10,Proper - 8,1066.04,1065.53,30.57
Proper - 17,Dela Rama St - Blumentritt,lapaz - 1,Luna St - Huervana St,8500.0,1.1682,Gen Luna St 3,Proper - 8,Proper - 9,2111.29,2009.02,6136.06
Proper - 17,Dela Rama St - Blumentritt,lapaz - 1,Luna St - Huervana St,8500.0,1.1682,Gen Luna St 3 (Rev),Proper - 9,Proper - 8,2111.29,2106.66,277.71
Proper - 17,Dela Rama St - Blumentritt,lapaz - 1,Luna St - Huervana St,8500.0,1.1682,JM Basa St 2 (Rev),Proper - 14,Proper - 13,2111.29,2016.12,5710.06
Proper - 17,Dela Rama St - Blumentritt,lapaz - 1,Luna St - Huervana St,8500.0,1.1682,Muelle Loney St 3 (Rev),Proper - 19,Proper - 18,2111.29,2051.34,3597.03
Proper - 17,Dela Rama St - Blumentritt,lapaz - 2,Rizal St - Luna St,8500.0,1.2004,Gen Luna St 3,Proper - 8,Proper - 9,2061.45,1981.38,4804.32
Proper - 17,Dela Rama St - Blumentritt,lapaz - 2,Rizal St - Luna St,8500.0,1.2004,Gen Luna St 3 (Rev),Proper - 9,Proper - 8,2061.45,2052.35,546.14
Proper - 17,Dela Rama St - Blumentritt,lapaz - 2,Rizal St - Luna St,8500.0,1.2004,JM Basa St 2 (Rev),Proper - 14,Proper - 13,2061.45,1966.62,5690.02
Proper - 17,Dela Rama St - Blumentritt,lapaz - 2,Rizal St - Luna St,8500.0,1.2004,Muelle Loney St 3 (Rev),Proper - 19,Proper - 18,2061.45,2021.71,2384.37
Proper - 17,Dela Rama St - Blumentritt,lapaz - 3,Luna St - Luna St,8500.0,1.1839,Gen Luna St 3,Proper - 8,Proper - 9,2033.32,2012.15,1269.91
Proper - 17,Dela Rama St - Blumentritt,lapaz - 3,Luna St - Luna St,8500.0,1.1839,Gen Luna St 3 (Rev),Proper - 9,Proper - 8,2033.32,2022.45,652.34
Proper - 17,Dela Rama St - Blumentritt,lapaz - 3,Luna St - Luna St,8500.0,1.1839,JM Basa St 2 (Rev),Proper - 14,Proper - 13,2033.32,1942.66,5439.18
Proper - 17,Dela Rama St - Blumentritt,lapaz - 3,Luna St - Luna St,8500.0,1.1839,Muelle Loney St 3 (Rev),Proper - 19,Proper - 18,2033.32,1993.58,2384.37
Proper - 17,Dela Rama St - Blumentritt,lapaz - 3,Luna St - Luna St,8500.0,1.1839,Luna St - Huervana St (Rev),lapaz - 1,lapaz - 3,2033.32,2032.35,57.87
Proper - 17,Dela Rama St - Blumentritt,lapaz - 3,Luna St - Luna St,8500.0,1.1839,Huervana St - Rizal St,lapaz - 1,lapaz - 2,2033.32,2032.45,52.25
Proper - 17,Dela Rama St - Blumentritt,lapaz - 4,Huervana St - Burgos St,6500.0,1.2668,Gen Luna St 3 (Rev),Proper - 9,Proper - 8,1426.59,1421.38,313.05
Proper - 17,Dela Rama St - Blumentritt,lapaz - 4,Huervana St - Burgos St,6500.0,1.2668,Muelle Loney St 3 (Rev),Proper - 19,Proper - 18,1426.59,1425.42,70.7
Proper - 17,Dela Rama St - Blumentritt,lapaz - 5,Huervana St - Jereos St,5500.0,1.222,Gen Luna St 3,Proper - 8,Proper - 9,1028.02,985.94,2525.28
Proper - 17,Dela Rama St - Blumentritt,lapaz - 5,Huervana St - Jereos St,5500.0,1.222,Gen Luna St 3 (Rev),Proper - 9,Proper - 8,1028.02,1022.59,326.09
Proper - 17,Dela Rama St - Blumentritt,lapaz - 6,Jereos St - Huervana Ext,6500.0,1.1555,Gen Luna St 3 (Rev),Proper - 9,Proper - 8,1466.31,1446.57,1184.34
Proper - 17,Dela Rama St - Blumentritt,lapaz - 6,Jereos St - Huervana Ext,6500.0,1.1555,Arroyo St,Proper - 12,Proper - 11,1466.31,1464.77,92.24
Proper - 17,Dela Rama St - Blumentritt,lapaz - 7,Huervana Ext - Burgos St,5500.0,1.1719,Gen Luna St 3,Proper - 8,Proper - 9,1127.89,1053.81,4444.77
Proper - 17,Dela Rama St - Blumentritt,lapaz - 7,Huervana Ext - Burgos St,5500.0,1.1719,Gen Luna St 3 (Rev),Proper - 9,Proper - 8,1127.89,1122.46,326.09
Proper - 17,Dela Rama St - Blumentritt,lapaz - 7,Huervana Ext - Burgos St,5500.0,1.1719,JM Basa St 1 (Rev),Proper - 13,Proper - 11,1127.89,1056.14,4304.77
Proper - 17,Dela Rama St - Blumentritt,lapaz - 8,Lopez Jaena St - Baldoza St,4500.0,1.1038,Gen Luna St 3 (Rev),Proper - 9,Proper - 8,748.49,730.42,1084.08
Proper - 17,Dela Rama St - Blumentritt,lapaz - 9,Baldoza St - Monfort Blvd,8000.0,1.2054,Bonifacio Drive,Proper - 7,lapaz - 10,2591.81,2541.87,2996.49
Proper - 17,Dela Rama St - Blumentritt,lapaz - 9,Baldoza St - Monfort Blvd,8000.0,1.2054,Gen Luna St 3,Proper - 8,Proper - 9,2591.81,2474.87,7016.65
Proper - 17,Dela Rama St - Blumentritt,lapaz - 9,Baldoza St - Monfort Blvd,8000.0,1.2054,JM Basa St 2 (Rev),Proper - 14,Proper - 13,2591.81,2443.64,8890.34
Proper - 17,Dela Rama St - Blumentritt,lapaz - 9,Baldoza St - Monfort Blvd,8000.0,1.2054,Muelle Loney St 3 (Rev),Proper - 19,Proper - 18,2591.81,2558.72,1985.34
Proper - 17,Dela Rama St - Blumentritt,lapaz - 9,Baldoza St - Monfort Blvd,8000.0,1.2054,Huervana St - Rizal St,lapaz - 1,lapaz - 2,2591.81,2576.18,938.0
Proper - 17,Dela Rama St - Blumentritt,lapaz - 9,Baldoza St - Monfort Blvd,8000.0,1.2054,Luna St - Esplanade 5 (Rev),lapaz - 10,lapaz - 1,2591.81,2541.87,2996.49
Proper - 17,Dela Rama St - Blumentritt,lapaz - 10,Luna St - Taytay Forbes,8500.0,1.1042,Gen Luna St 3,Proper - 8,Proper - 9,2079.96,2000.24,4782.89
Proper - 17,Dela Rama St - Blumentritt,lapaz - 10,Luna St - Taytay Forbes,8500.0,1.1042,Gen Luna St 3 (Rev),Proper - 9,Proper - 8,2079.96,2061.26,1121.93
Proper - 17,Dela Rama St - Blumentritt,lapaz - 10,Luna St - Taytay Forbes,8500.0,1.1042,Arroyo St,Proper - 12,Proper - 11,2079.96,2078.37,95.62
Proper - 17,Dela Rama St - Blumentritt,lapaz - 10,Luna St - Taytay Forbes,8500.0,1.1042,JM Basa St 2 (Rev),Proper - 14,Proper - 13,2079.96,2068.01,717.04
Proper - 17,Dela Rama St - Blumentritt,lapuz - 7,Lapuz-Mansaya-Roboc Rd - Coastal Rd,8500.0,1.1265,Gen Luna St 3,Proper - 8,Proper - 9,3273.05,3256.33,1003.19
Proper - 17,Dela Rama St - Blumentritt,lapuz - 7,Lapuz-Mansaya-Roboc Rd - Coastal Rd,8500.0,1.1265,Gen Luna St 3 (Rev),Proper - 9,Proper - 8,3273.05,3272.41,38.84
Proper - 17,Dela Rama St - Blumentritt,lapuz - 7,Lapuz-Mansaya-Roboc Rd - Coastal Rd,8500.0,1.1265,JM Basa St 2 (Rev),Proper - 14,Proper - 13,3273.05,3218.37,3280.83
Proper - 17,Dela Rama St - Blumentritt,lapuz - 7,Lapuz-Mansaya-Roboc Rd - Coastal Rd,8500.0,1.1265,Muelle Loney St 3 (Rev),Proper - 19,Proper - 18,3273.05,3244.83,1693.38
Proper - 17,Dela Rama St - Blumentritt,lapuz - 7,Lapuz-Mansaya-Roboc Rd - Coastal Rd,8500.0,1.1265,Rizal St - Huervana St (Rev),lapuz - 2,lapaz - 2,3273.05,3247.24,1548.64
Proper - 18,Muelle Loney St - Blumentritt Left,Molo - 3,Locsin St - San Marcos St.,2500.0,1.0254,Arroyo St,Proper - 12,Proper - 11,292.57,289.51,183.8
Proper - 18,Muelle Loney St - Blumentritt Left,Molo - 4,Locsin St. - M.H Del Pilar St. 2,6500.0,1.143,M.H Del Pilar,Molo - 8,Molo - 9,1107.18,1106.35,49.74
Proper - 18,Muelle Loney St - Blumentritt Left,Molo - 4,Locsin St. - M.H Del Pilar St. 2,6500.0,1.143,M.H Del Pilar (Rev),Molo - 9,Molo - 4,1107.18,1106.35,49.74
Proper - 18,Muelle Loney St - Blumentritt Left,Molo - 4,Locsin St. - M.H Del Pilar St. 2,6500.0,1.143,Arroyo St,Proper - 12,Proper - 11,1107.18,1098.92,495.29
Proper - 18,Muelle Loney St - Blumentritt Left,Molo - 4,Locsin St. - M.H Del Pilar St. 2,6500.0,1.143,JM Basa St 2,Proper - 13,Proper - 14,1107.18,1092.27,894.72
Proper - 18,Muelle Loney St - Blumentritt Left,Molo - 4,Locsin St. - M.H Del Pilar St. 2,6500.0,1.143,Blumentritt 2,Proper - 17,Proper - 19,1107.18,1104.44,164.03
Proper - 18,Muelle Loney St - Blumentritt Left,Molo - 5,Locsin St. - Timawa St.,6500.0,1.1016,Arroyo St,Proper - 12,Proper - 11,1059.03,1051.67,441.7
Proper - 18,Muelle Loney St - Blumentritt Left,Molo - 6,Locsin St. - Baluarte - Calumpag - Villa - Oton Blvd,3000.0,1.0682,Ledesma St (Rev),Proper - 11,Proper - 6,349.25,347.64,96.88
Proper - 18,Muelle Loney St - Blumentritt Left,Molo - 7,San Marcos St. - MH del Pilar St. 1 (Rotunda),6500.0,1.0831,Arroyo St (Rev),Proper - 11,Proper - 12,1097.4,1077.52,1193.26
Proper - 18,Muelle Loney St - Blumentritt Left,Molo - 7,San Marcos St. - MH del Pilar St. 1 (Rotunda),6500.0,1.0831,Arroyo St,Proper - 12,Proper - 11,1097.4,1085.84,693.74
Proper - 18,Muelle Loney St - Blumentritt Left,Molo - 8,San Marcos St. - MH del Pilar St. 1 (Rotunda),6000.0,1.0681,Arroyo St (Rev),Proper - 11,Proper - 12,955.26,921.12,2048.09
Proper - 18,Muelle Loney St - Blumentritt Left,Molo - 8,San Marcos St. - MH del Pilar St. 1 (Rotunda),6000.0,1.0681,JM Basa St 1 (Rev),Proper - 13,Proper - 11,955.26,928.79,1587.87
Proper - 18,Muelle Loney St - Blumentritt Left,Proper - 1,Gen Luna St - Infante St,6500.0,1.1097,Arroyo St (Rev),Proper - 11,Proper - 12,944.18,930.59,815.64
Proper - 18,Muelle Loney St - Blumentritt Left,Proper - 1,Gen Luna St - Infante St,6500.0,1.1097,Arroyo St,Proper - 12,Proper - 11,944.18,932.62,693.74
Proper - 18,Muelle Loney St - Blumentritt Left,Proper - 3,Rizal St - Infante St,6000.0,1.1707,Arroyo St,Proper - 12,Proper - 11,763.57,755.66,474.87
Proper - 18,Muelle Loney St - Blumentritt Left,Proper - 3,Rizal St - Infante St,6000.0,1.1707,JM Basa St 2,Proper - 13,Proper - 14,763.57,758.27,318.47
Proper - 18,Muelle Loney St - Blumentritt Left,Proper - 3,Rizal St - Infante St,6000.0,1.1707,Blumentritt 2,Proper - 17,Proper - 19,763.57,759.21,261.56
Proper - 18,Muelle Loney St - Blumentritt Left,Proper - 4,Baluarte - Calumpang - Villa - Oton Blvd - Infante St,6000.0,1.1287,Infante St 1,Proper - 1,Proper - 2,1028.58,986.72,2511.71
Proper - 18,Muelle Loney St - Blumentritt Left,Proper - 4,Baluarte - Calumpang - Villa - Oton Blvd - Infante St,6000.0,1.1287,Infante St 2,Proper - 2,Proper - 3,1028.58,1007.89,1241.4
Proper - 18,Muelle Loney St - Blumentritt Left,Proper - 4,Baluarte - Calumpang - Villa - Oton Blvd - Infante St,6000.0,1.1287,Arroyo St,Proper - 12,Proper - 11,1028.58,1020.67,474.87
Proper - 18,Muelle Loney St - Blumentritt Left,Proper - 4,Baluarte - Calumpang - Villa - Oton Blvd - Infante St,6000.0,1.1287,JM Basa St 2,Proper - 13,Proper - 14,1028.58,1022.22,382.0
Proper - 18,Muelle Loney St - Blumentritt Left,Proper - 4,Baluarte - Calumpang - Villa - Oton Blvd - Infante St,6000.0,1.1287,Blumentritt 2,Proper - 17,Proper - 19,1028.58,1024.23,261.56
Proper - 18,Muelle Loney St - Blumentritt Left,Proper - 5,Baluarte - Calumpang - Villa - Oton Blvd - Rizal St,5000.0,1.1304,Ruperto Montinola St 1,Proper - 8,Proper - 10,581.32,577.19,247.74
Proper - 18,Muelle Loney St - Blumentritt Left,Proper - 5,Baluarte - Calumpang - Villa - Oton Blvd - Rizal St,5000.0,1.1304,Ruperto Montinola St 2,Proper - 10,Proper - 11,581.32,575.24,364.83
Proper - 18,Muelle Loney St - Blumentritt Left,Proper - 5,Baluarte - Calumpang - Villa - Oton Blvd - Rizal St,5000.0,1.1304,Ruperto Montinola St 2 (Rev),Proper - 11,Proper - 10,581.32,579.81,90.28
Proper - 18,Muelle Loney St - Blumentritt Left,Proper - 5,Baluarte - Calumpang - Villa - Oton Blvd - Rizal St,5000.0,1.1304,JM Basa St 1 (Rev),Proper - 13,Proper - 11,581.32,579.81,90.28
Proper - 18,Muelle Loney St - Blumentritt Left,Proper - 6,Ledesma St - Rizal St,6000.0,1.1143,JM Basa St 2,Proper - 13,Proper - 14,732.25,700.76,1889.61
Proper - 18,Muelle Loney St - Blumentritt Left,Proper - 7,Gen Luna St - Bonifacio Dr,7500.0,1.3555,Gen Luna St 3 (Rev),Proper - 9,Proper - 8,1273.96,1245.39,1714.4
Proper - 18,Muelle Loney St - Blumentritt Left,Proper - 7,Gen Luna St - Bonifacio Dr,7500.0,1.3555,Arroyo St,Proper - 12,Proper - 11,1273.96,1247.87,1565.16
Proper - 18,Muelle Loney St - Blumentritt Left,Proper - 8,Gen Luna St - Ruperto Montinola St,9500.0,1.1692,Blumentritt 2,Proper - 17,Proper - 19,1741.38,1740.14,74.73
Proper - 18,Muelle Loney St - Blumentritt Left,Proper - 9,Gen Luna St - Muelle Loney St,9500.0,1.189,Arroyo St,Proper - 12,Proper - 11,1772.54,1753.84,1122.31
Proper - 18,Muelle Loney St - Blumentritt Left,Proper - 9,Gen Luna St - Muelle Loney St,9500.0,1.189,JM Basa St 2 (Rev),Proper - 14,Proper - 13,1772.54,1766.36,370.88
Proper - 18,Muelle Loney St - Blumentritt Left,Proper - 9,Gen Luna St - Muelle Loney St,9500.0,1.189,Blumentritt 2,Proper - 17,Proper - 19,1772.54,1772.32,13.69
Proper - 18,Muelle Loney St - Blumentritt Left,Proper - 12,Arroyo St - Muelle Loney St,8000.0,1.3244,Blumentritt 2,Proper - 17,Proper - 19,983.53,982.11,85.03
Proper - 18,Muelle Loney St - Blumentritt Left,Proper - 15,General Hughes St - Duran St,2000.0,1.2047,Dela Rama St 1 (Rev),Proper - 17,Proper - 13,111.54,110.14,83.84
Proper - 18,Muelle Loney St - Blumentritt Left,Proper - 21,Fort San Pedro Dr - Muelle Loney St,6000.0,1.1324,Blumentritt 2 (Rev),Proper - 19,Proper - 17,495.84,473.43,1344.95
Proper - 18,Muelle Loney St - Blumentritt Left,Proper - 22,Fort San Pedro Dr - General Hughes St,4500.0,1.0652,Blumentritt 2 (Rev),Proper - 19,Proper - 17,294.88,281.5,803.0
Proper - 18,Muelle Loney St - Blumentritt Left,mandurriao - 1,Mandurriao - Jaro Rd - Old Iloilo - Capiz Rd,6500.0,1.1059,Gen Luna St 1 (Rev),Proper - 7,Proper - 1,1327.44,1297.71,1783.51
Proper - 18,Muelle Loney St - Blumentritt Left,mandurriao - 1,Mandurriao - Jaro Rd - Old Iloilo - Capiz Rd,6500.0,1.1059,Gen Luna St 2 (Rev),Proper - 8,Proper - 7,1327.44,1322.89,272.87
Proper - 18,Muelle Loney St - Blumentritt Left,mandurriao - 1,Mandurriao - Jaro Rd - Old Iloilo - Capiz Rd,6500.0,1.1059,Gen Luna St 3 (Rev),Proper - 9,Proper - 8,1327.44,1276.85,3035.37
Proper - 18,Muelle Loney St - Blumentritt Left,mandurriao - 1,Mandurriao - Jaro Rd - Old Iloilo - Capiz Rd,6500.0,1.1059,Quirino - Lopez Bridge,Proper - 9,lapuz - 2,1327.44,1326.83,36.3
Proper - 18,Muelle Loney St - Blumentritt Left,mandurriao - 1,Mandurriao - Jaro Rd - Old Iloilo - Capiz Rd,6500.0,1.1059,Delgado St (Rev),Proper - 10,Proper - 2,1327.44,1313.71,823.43
Proper - 18,Muelle Loney St - Blumentritt Left,mandurriao - 1,Mandurriao - Jaro Rd - Old Iloilo - Capiz Rd,6500.0,1.1059,Arroyo St (Rev),Proper - 11,Proper - 12,1327.44,1321.95,329.53
Proper - 18,Muelle Loney St - Blumentritt Left,mandurriao - 1,Mandurriao - Jaro Rd - Old Iloilo - Capiz Rd,6500.0,1.1059,Arroyo St,Proper - 12,Proper - 11,1327.44,1303.08,1461.61
Proper - 18,Muelle Loney St - Blumentritt Left,mandurriao - 1,Mandurriao - Jaro Rd - Old Iloilo - Capiz Rd,6500.0,1.1059,Blumentritt 2,Proper - 17,Proper - 19,1327.44,1320.69,405.03
Proper - 18,Muelle Loney St - Blumentritt Left,mandurriao - 1,Mandurriao - Jaro Rd - Old Iloilo - Capiz Rd,6500.0,1.1059,Luna St - Huervana St (Rev),lapaz - 1,lapaz - 3,1327.44,1324.68,165.59
Proper - 18,Muelle Loney St - Blumentritt Left,mandurriao - 1,Mandurriao - Jaro Rd - Old Iloilo - Capiz Rd,6500.0,1.1059,Rizal St - Luna St,lapaz - 2,lapaz - 3,1327.44,1326.83,36.3
Proper - 18,Muelle Loney St - Blumentritt Left,mandurriao - 1,Mandurriao - Jaro Rd - Old Iloilo - Capiz Rd,6500.0,1.1059,Rizal St - Huervana St (Rev),lapuz - 2,lapaz - 2,1327.44,1326.83,36.3
Proper - 18,Muelle Loney St - Blumentritt Left,mandurriao - 2,Mandurriao - Jaro Rd - Mandurriao - Sn Miguel Rd,3500.0,1.0586,Infante St 1 (Rev),Proper - 2,Proper - 1,630.14,629.04,65.79
Proper - 18,Muelle Loney St - Blumentritt Left,mandurriao - 2,Mandurriao - Jaro Rd - Mandurriao - Sn Miguel Rd,3500.0,1.0586,Ruperto Montinola St 1 (Rev),Proper - 10,Proper - 8,630.14,618.5,698.11
Proper - 18,Muelle Loney St - Blumentritt Left,mandurriao - 2,Mandurriao - Jaro Rd - Mandurriao - Sn Miguel Rd,3500.0,1.0586,JM Basa St 1 (Rev),Proper - 13,Proper - 11,630.14,629.1,62.22
Proper - 18,Muelle Loney St - Blumentritt Left,mandurriao - 3,Mandurriao - Sn Miguel Rd - R Mapa St,3500.0,1.054,Infante St 1 (Rev),Proper - 2,Proper - 1,679.89,678.8,65.79
Proper - 18,Muelle Loney St - Blumentritt Left,mandurriao - 3,Mandurriao - Sn Miguel Rd - R Mapa St,3500.0,1.054,Ruperto Montinola St 1 (Rev),Proper - 10,Proper - 8,679.89,668.26,698.11
Proper - 18,Muelle Loney St - Blumentritt Left,mandurriao - 3,Mandurriao - Sn Miguel Rd - R Mapa St,3500.0,1.054,JM Basa St 1 (Rev),Proper - 13,Proper - 11,679.89,678.86,62.22
Proper - 18,Muelle Loney St - Blumentritt Left,mandurriao - 4,R Mapa St - Mandurriao - Jaro Rd,3000.0,1.0432,Infante St 1 (Rev),Proper - 2,Proper - 1,525.5,522.76,164.32
Proper - 18,Muelle Loney St - Blumentritt Left,mandurriao - 4,R Mapa St - Mandurriao - Jaro Rd,3000.0,1.0432,Rizal St 1,Proper - 5,Proper - 3,525.5,520.72,287.03
Proper - 18,Muelle Loney St - Blumentritt Left,mandurriao - 4,R Mapa St - Mandurriao - Jaro Rd,3000.0,1.0432,Rizal St 2 (Rev),Proper - 6,Proper - 5,525.5,520.72,287.03
Proper - 18,Muelle Loney St - Blumentritt Left,mandurriao - 4,R Mapa St - Mandurriao - Jaro Rd,3000.0,1.0432,Ledesma St (Rev),Proper - 11,Proper - 6,525.5,520.72,287.03
Proper - 18,Muelle Loney St - Blumentritt Left,mandurriao - 4,R Mapa St - Mandurriao - Jaro Rd,3000.0,1.0432,Arroyo St,Proper - 12,Proper - 11,525.5,521.82,221.24
Proper - 18,Muelle Loney St - Blumentritt Left,mandurriao - 6,R Mapa St - Donato Pison Ave,2500.0,1.1376,Rotunda,Molo - 7,Molo - 8,466.68,458.96,463.34
Proper - 18,Muelle Loney St - Blumentritt Left,mandurriao - 6,R Mapa St - Donato Pison Ave,2500.0,1.1376,San Marcos St,Molo - 8,Molo - 3,466.68,460.97,342.81
Proper - 18,Muelle Loney St - Blumentritt Left,mandurriao - 6,R Mapa St - Donato Pison Ave,2500.0,1.1376,Gen Luna - Molo Connect,Proper - 1,Molo - 7,466.68,458.96,463.34
Proper - 18,Muelle Loney St - Blumentritt Left,mandurriao - 6,R Mapa St - Donato Pison Ave,2500.0,1.1376,Arroyo St,Proper - 12,Proper - 11,466.68,464.44,134.7
Proper - 18,Muelle Loney St - Blumentritt Left,mandurriao - 7,Tabucan Mandurriao,3000.0,1.0639,Rotunda,Molo - 7,Molo - 8,704.04,700.91,187.64
Proper - 18,Muelle Loney St - Blumentritt Left,mandurriao - 7,Tabucan Mandurriao,3000.0,1.0639,San Marcos St,Molo - 8,Molo - 3,704.04,697.79,375.15
Proper - 18,Muelle Loney St - Blumentritt Left,mandurriao - 7,Tabucan Mandurriao,3000.0,1.0639,Gen Luna - Molo Connect,Proper - 1,Molo - 7,704.04,700.91,187.64
Proper - 18,Muelle Loney St - Blumentritt Left,jaro - 1,E Lopez St - Luna St,4500.0,1.1209,Gen Luna St 3,Proper - 8,Proper - 9,686.51,683.23,196.93
Proper - 18,Muelle Loney St - Blumentritt Left,jaro - 1,E Lopez St - Luna St,4500.0,1.1209,Gen Luna St 3 (Rev),Proper - 9,Proper - 8,686.51,684.38,127.78
Proper - 18,Muelle Loney St - Blumentritt Left,jaro - 2,Commission Civil St - Burgos St,2500.0,1.0767,Gen Luna St 3 (Rev),Proper - 9,Proper - 8,362.16,360.16,119.54
Proper - 18,Muelle Loney St - Blumentritt Left,jaro - 2,Commission Civil St - Burgos St,2500.0,1.0767,Huervana St - Rizal St,lapaz - 1,lapaz - 2,362.16,356.01,368.53
Proper - 18,Muelle Loney St - Blumentritt Left,jaro - 7,Plaza Rizal St - El 98 St,6000.0,1.0495,Gen Luna St 1 (Rev),Proper - 7,Proper - 1,1125.6,1115.95,579.18
Proper - 18,Muelle Loney St - Blumentritt Left,jaro - 7,Plaza Rizal St - El 98 St,6000.0,1.0495,Delgado St (Rev),Proper - 10,Proper - 2,1125.6,1109.67,955.63
Proper - 18,Muelle Loney St - Blumentritt Left,jaro - 7,Plaza Rizal St - El 98 St,6000.0,1.0495,Arroyo St (Rev),Proper - 11,Proper - 12,1125.6,1103.3,1337.69
Proper - 18,Muelle Loney St - Blumentritt Left,jaro - 7,Plaza Rizal St - El 98 St,6000.0,1.0495,Luna St - Huervana St (Rev),lapaz - 1,lapaz - 3,1125.6,1125.49,6.46
Proper - 18,Muelle Loney St - Blumentritt Left,jaro - 9,Iloilo-Capiz Rd - Balabago Rd,3000.0,1.2413,Gen Luna St 3,Proper - 8,Proper - 9,697.69,697.11,34.7
Proper - 18,Muelle Loney St - Blumentritt Left,jaro - 9,Iloilo-Capiz Rd - Balabago Rd,3000.0,1.2413,Gen Luna St 3 (Rev),Proper - 9,Proper - 8,697.69,686.42,676.39
Proper - 18,Muelle Loney St - Blumentritt Left,jaro - 9,Iloilo-Capiz Rd - Balabago Rd,3000.0,1.2413,Quirino - Lopez Bridge,Proper - 9,lapuz - 2,697.69,697.11,34.7
Proper - 18,Muelle Loney St - Blumentritt Left,jaro - 9,Iloilo-Capiz Rd - Balabago Rd,3000.0,1.2413,Ruperto Montinola St 1 (Rev),Proper - 10,Proper - 8,697.69,696.39,78.08
Proper - 18,Muelle Loney St - Blumentritt Left,jaro - 9,Iloilo-Capiz Rd - Balabago Rd,3000.0,1.2413,Arroyo St,Proper - 12,Proper - 11,697.69,692.54,309.08
Proper - 18,Muelle Loney St - Blumentritt Left,jaro - 9,Iloilo-Capiz Rd - Balabago Rd,3000.0,1.2413,E Lopez St,jaro - 1,jaro - 4,697.69,685.14,752.94
Proper - 18,Muelle Loney St - Blumentritt Left,jaro - 9,Iloilo-Capiz Rd - Balabago Rd,3000.0,1.2413,Luna St - Huervana St (Rev),lapaz - 1,lapaz - 3,697.69,696.74,56.84
Proper - 18,Muelle Loney St - Blumentritt Left,jaro - 9,Iloilo-Capiz Rd - Balabago Rd,3000.0,1.2413,Luna St,lapaz - 3,jaro - 1,697.69,685.14,752.94
Proper - 18,Muelle Loney St - Blumentritt Left,jaro - 9,Iloilo-Capiz Rd - Balabago Rd,3000.0,1.2413,Rizal St - Huervana St (Rev),lapuz - 2,lapaz - 2,697.69,697.11,34.7
Proper - 18,Muelle Loney St - Blumentritt Left,jaro - 10,Balabago Rd - Iloilo Circumferential Rd 1,3500.0,1.1171,Gen Luna St 3,Proper - 8,Proper - 9,753.74,752.4,79.99
Proper - 18,Muelle Loney St - Blumentritt Left,jaro - 10,Balabago Rd - Iloilo Circumferential Rd 1,3500.0,1.1171,Gen Luna St 3 (Rev),Proper - 9,Proper - 8,753.74,748.91,289.82
Proper - 18,Muelle Loney St - Blumentritt Left,jaro - 10,Balabago Rd - Iloilo Circumferential Rd 1,3500.0,1.1171,Arroyo St,Proper - 12,Proper - 11,753.74,753.04,42.06
Proper - 18,Muelle Loney St - Blumentritt Left,jaro - 10,Balabago Rd - Iloilo Circumferential Rd 1,3500.0,1.1171,Huervana St - Rizal St,lapaz - 1,lapaz - 2,753.74,740.0,824.35
Proper - 18,Muelle Loney St - Blumentritt Left,jaro - 10,Balabago Rd - Iloilo Circumferential Rd 1,3500.0,1.1171,Huervana St - Burgos St,lapaz - 2,lapaz - 4,753.74,747.25,389.09
Proper - 18,Muelle Loney St - Blumentritt Left,jaro - 10,Balabago Rd - Iloilo Circumferential Rd 1,3500.0,1.1171,Huervana St - Jereos St,lapaz - 4,lapaz - 5,753.74,747.25,389.09
Proper - 18,Muelle Loney St - Blumentritt Left,jaro - 10,Balabago Rd - Iloilo Circumferential Rd 1,3500.0,1.1171,Lopez Jaena St,lapaz - 5,lapaz - 8,753.74,747.25,389.09
Proper - 18,Muelle Loney St - Blumentritt Left,jaro - 10,Balabago Rd - Iloilo Circumferential Rd 1,3500.0,1.1171,Baldoza St,lapaz - 8,lapaz - 9,753.74,747.25,389.09
Proper - 18,Muelle Loney St - Blumentritt Left,jaro - 11,Iloilo Circumferential Rd 1 - Monfort Blvd,3500.0,1.1245,Gen Luna St 3,Proper - 8,Proper - 9,754.68,746.35,499.8
Proper - 18,Muelle Loney St - Blumentritt Left,jaro - 11,Iloilo Circumferential Rd 1 - Monfort Blvd,3500.0,1.1245,Gen Luna St 3 (Rev),Proper - 9,Proper - 8,754.68,750.58,246.03
Proper - 18,Muelle Loney St - Blumentritt Left,jaro - 11,Iloilo Circumferential Rd 1 - Monfort Blvd,3500.0,1.1245,Huervana St - Rizal St,lapaz - 1,lapaz - 2,754.68,738.27,984.74
Proper - 18,Muelle Loney St - Blumentritt Left,jaro - 11,Iloilo Circumferential Rd 1 - Monfort Blvd,3500.0,1.1245,Huervana St - Burgos St,lapaz - 2,lapaz - 4,754.68,748.04,398.59
Proper - 18,Muelle Loney St - Blumentritt Left,jaro - 11,Iloilo Circumferential Rd 1 - Monfort Blvd,3500.0,1.1245,Huervana St - Jereos St,lapaz - 4,lapaz - 5,754.68,748.04,398.59
Proper - 18,Muelle Loney St - Blumentritt Left,jaro - 11,Iloilo Circumferential Rd 1 - Monfort Blvd,3500.0,1.1245,Lopez Jaena St,lapaz - 5,lapaz - 8,754.68,748.04,398.59
Proper - 18,Muelle Loney St - Blumentritt Left,jaro - 11,Iloilo Circumferential Rd 1 - Monfort Blvd,3500.0,1.1245,Baldoza St,lapaz - 8,lapaz - 9,754.68,748.04,398.59
Proper - 18,Muelle Loney St - Blumentritt Left,jaro - 12,Buhang Flyover,3000.0,1.0691,Gen Luna St 3,Proper - 8,Proper - 9,639.55,638.44,66.74
Proper - 18,Muelle Loney St - Blumentritt Left,jaro - 12,Buhang Flyover,3000.0,1.0691,Gen Luna St 3 (Rev),Proper - 9,Proper - 8,639.55,632.03,451.44
Proper - 18,Muelle Loney St - Blumentritt Left,jaro - 12,Buhang Flyover,3000.0,1.0691,Arroyo St,Proper - 12,Proper - 11,639.55,637.61,116.68
Proper - 18,Muelle Loney St - Blumentritt Left,jaro - 12,Buhang Flyover,3000.0,1.0691,Huervana St - Rizal St,lapaz - 1,lapaz - 2,639.55,627.14,744.81
Proper - 18,Muelle Loney St - Blumentritt Left,jaro - 12,Buhang Flyover,3000.0,1.0691,Rizal St - Luna St,lapaz - 2,lapaz - 3,639.55,638.44,66.74
Proper - 18,Muelle Loney St - Blumentritt Left,jaro - 12,Buhang Flyover,3000.0,1.0691,Huervana St - Burgos St,lapaz - 2,lapaz - 4,639.55,634.48,304.39
Proper - 18,Muelle Loney St - Blumentritt Left,jaro - 12,Buhang Flyover,3000.0,1.0691,Huervana St - Jereos St,lapaz - 4,lapaz - 5,639.55,634.48,304.39
Proper - 18,Muelle Loney St - Blumentritt Left,jaro - 12,Buhang Flyover,3000.0,1.0691,Lopez Jaena St,lapaz - 5,lapaz - 8,639.55,634.48,304.39
Proper - 18,Muelle Loney St - Blumentritt Left,jaro - 12,Buhang Flyover,3000.0,1.0691,Baldoza St,lapaz - 8,lapaz - 9,639.55,634.48,304.39
Proper - 18,Muelle Loney St - Blumentritt Left,jaro - 14,Iloilo-Capiz Rd - Iloilo Circumferential Rd 1,2500.0,1.035,Gen Luna St 3 (Rev),Proper - 9,Proper - 8,509.99,508.34,98.65
Proper - 18,Muelle Loney St - Blumentritt Left,jaro - 14,Iloilo-Capiz Rd - Iloilo Circumferential Rd 1,2500.0,1.035,Huervana St - Rizal St,lapaz - 1,lapaz - 2,509.99,504.14,350.82
Proper - 18,Muelle Loney St - Blumentritt Left,jaro - 16,Old Lopez Jaena St - Old Iloilo-Capiz Rd,5500.0,1.0474,Gen Luna St 1 (Rev),Proper - 7,Proper - 1,1326.79,1315.86,655.84
Proper - 18,Muelle Loney St - Blumentritt Left,jaro - 16,Old Lopez Jaena St - Old Iloilo-Capiz Rd,5500.0,1.0474,Gen Luna St 2 (Rev),Proper - 8,Proper - 7,1326.79,1325.04,104.74
Proper - 18,Muelle Loney St - Blumentritt Left,jaro - 16,Old Lopez Jaena St - Old Iloilo-Capiz Rd,5500.0,1.0474,Gen Luna St 3 (Rev),Proper - 9,Proper - 8,1326.79,1314.08,762.1
Proper - 18,Muelle Loney St - Blumentritt Left,jaro - 16,Old Lopez Jaena St - Old Iloilo-Capiz Rd,5500.0,1.0474,Delgado St (Rev),Proper - 10,Proper - 2,1326.79,1321.87,295.15
Proper - 18,Muelle Loney St - Blumentritt Left,jaro - 16,Old Lopez Jaena St - Old Iloilo-Capiz Rd,5500.0,1.0474,Ledesma St (Rev),Proper - 11,Proper - 6,1326.79,1325.27,90.94
Proper - 18,Muelle Loney St - Blumentritt Left,jaro - 16,Old Lopez Jaena St - Old Iloilo-Capiz Rd,5500.0,1.0474,Arroyo St (Rev),Proper - 11,Proper - 12,1326.79,1311.74,902.62
Proper - 18,Muelle Loney St - Blumentritt Left,jaro - 17,Iloilo-Capiz Rd - Old Iloilo-Capiz Rd,5500.0,1.0455,Gen Luna St 1 (Rev),Proper - 7,Proper - 1,1300.95,1291.91,542.11
Proper - 18,Muelle Loney St - Blumentritt Left,jaro - 17,Iloilo-Capiz Rd - Old Iloilo-Capiz Rd,5500.0,1.0455,Gen Luna St 3 (Rev),Proper - 9,Proper - 8,1300.95,1291.33,576.99
Proper - 18,Muelle Loney St - Blumentritt Left,jaro - 17,Iloilo-Capiz Rd - Old Iloilo-Capiz Rd,5500.0,1.0455,Delgado St (Rev),Proper - 10,Proper - 2,1300.95,1297.78,190.07
Proper - 18,Muelle Loney St - Blumentritt Left,jaro - 17,Iloilo-Capiz Rd - Old Iloilo-Capiz Rd,5500.0,1.0455,Arroyo St (Rev),Proper - 11,Proper - 12,1300.95,1288.0,777.01
Proper - 18,Muelle Loney St - Blumentritt Left,jaro - 19,Monfort Blvd,4500.0,1.0993,Gen Luna St 3,Proper - 8,Proper - 9,1056.76,1028.35,1704.73
Proper - 18,Muelle Loney St - Blumentritt Left,jaro - 19,Monfort Blvd,4500.0,1.0993,Gen Luna St 3 (Rev),Proper - 9,Proper - 8,1056.76,1053.42,200.44
Proper - 18,Muelle Loney St - Blumentritt Left,jaro - 19,Monfort Blvd,4500.0,1.0993,Huervana St - Rizal St,lapaz - 1,lapaz - 2,1056.76,1056.29,28.27
Proper - 18,Muelle Loney St - Blumentritt Left,jaro - 24,Old Iloilo-Capiz Rd - Pavia,5500.0,1.0452,Gen Luna St 1 (Rev),Proper - 7,Proper - 1,1385.83,1374.89,655.84
Proper - 18,Muelle Loney St - Blumentritt Left,jaro - 24,Old Iloilo-Capiz Rd - Pavia,5500.0,1.0452,Gen Luna St 2 (Rev),Proper - 8,Proper - 7,1385.83,1384.08,104.74
Proper - 18,Muelle Loney St - Blumentritt Left,jaro - 24,Old Iloilo-Capiz Rd - Pavia,5500.0,1.0452,Gen Luna St 3 (Rev),Proper - 9,Proper - 8,1385.83,1373.12,762.1
Proper - 18,Muelle Loney St - Blumentritt Left,jaro - 24,Old Iloilo-Capiz Rd - Pavia,5500.0,1.0452,Delgado St (Rev),Proper - 10,Proper - 2,1385.83,1380.91,295.15
Proper - 18,Muelle Loney St - Blumentritt Left,jaro - 24,Old Iloilo-Capiz Rd - Pavia,5500.0,1.0452,Ledesma St (Rev),Proper - 11,Proper - 6,1385.83,1384.31,90.94
Proper - 18,Muelle Loney St - Blumentritt Left,jaro - 24,Old Iloilo-Capiz Rd - Pavia,5500.0,1.0452,Arroyo St (Rev),Proper - 11,Proper - 12,1385.83,1370.78,902.62
Proper - 18,Muelle Loney St - Blumentritt Left,lapaz - 1,Luna St - Huervana St,8500.0,1.2139,Gen Luna St 3,Proper - 8,Proper - 9,1896.59,1823.3,4397.5
Proper - 18,Muelle Loney St - Blumentritt Left,lapaz - 1,Luna St - Huervana St,8500.0,1.2139,Arroyo St,Proper - 12,Proper - 11,1896.59,1878.53,1083.76
Proper - 18,Muelle Loney St - Blumentritt Left,lapaz - 2,Rizal St - Luna St,8500.0,1.2229,Gen Luna St 3,Proper - 8,Proper - 9,1848.47,1780.43,4082.13
Proper - 18,Muelle Loney St - Blumentritt Left,lapaz - 2,Rizal St - Luna St,8500.0,1.2229,Arroyo St,Proper - 12,Proper - 11,1848.47,1830.02,1107.1
Proper - 18,Muelle Loney St - Blumentritt Left,lapaz - 3,Luna St - Luna St,8500.0,1.247,Gen Luna St 3,Proper - 8,Proper - 9,1895.7,1826.31,4162.94
Proper - 18,Muelle Loney St - Blumentritt Left,lapaz - 3,Luna St - Luna St,8500.0,1.247,Gen Luna St 3 (Rev),Proper - 9,Proper - 8,1895.7,1893.83,111.96
Proper - 18,Muelle Loney St - Blumentritt Left,lapaz - 3,Luna St - Luna St,8500.0,1.247,Arroyo St,Proper - 12,Proper - 11,1895.7,1877.09,1116.31
Proper - 18,Muelle Loney St - Blumentritt Left,lapaz - 3,Luna St - Luna St,8500.0,1.247,Blumentritt 2,Proper - 17,Proper - 19,1895.7,1890.72,298.33
Proper - 18,Muelle Loney St - Blumentritt Left,lapaz - 4,Huervana St - Burgos St,7000.0,1.2509,Delgado St (Rev),Proper - 10,Proper - 2,1621.77,1617.89,232.38
Proper - 18,Muelle Loney St - Blumentritt Left,lapaz - 4,Huervana St - Burgos St,7000.0,1.2509,Blumentritt 2,Proper - 17,Proper - 19,1621.77,1619.85,115.23
Proper - 18,Muelle Loney St - Blumentritt Left,lapaz - 5,Huervana St - Jereos St,7000.0,1.2237,Arroyo St (Rev),Proper - 11,Proper - 12,1588.62,1585.51,186.64
Proper - 18,Muelle Loney St - Blumentritt Left,lapaz - 6,Jereos St - Huervana Ext,7500.0,1.1841,Arroyo St,Proper - 12,Proper - 11,1891.44,1891.34,5.78
Proper - 18,Muelle Loney St - Blumentritt Left,lapaz - 6,Jereos St - Huervana Ext,7500.0,1.1841,Blumentritt 2,Proper - 17,Proper - 19,1891.44,1887.93,210.65
Proper - 18,Muelle Loney St - Blumentritt Left,lapaz - 6,Jereos St - Huervana Ext,7500.0,1.1841,Rizal St - Huervana St (Rev),lapuz - 2,lapaz - 2,1891.44,1885.84,336.27
Proper - 18,Muelle Loney St - Blumentritt Left,lapaz - 7,Huervana Ext - Burgos St,6500.0,1.1728,JM Basa St 1 (Rev),Proper - 13,Proper - 11,1472.63,1452.32,1218.89
Proper - 18,Muelle Loney St - Blumentritt Left,lapaz - 8,Lopez Jaena St - Baldoza St,4500.0,1.1195,Gen Luna St 3,Proper - 8,Proper - 9,693.07,691.75,79.1
Proper - 18,Muelle Loney St - Blumentritt Left,lapaz - 8,Lopez Jaena St - Baldoza St,4500.0,1.1195,Gen Luna St 3 (Rev),Proper - 9,Proper - 8,693.07,688.38,281.41
Proper - 18,Muelle Loney St - Blumentritt Left,lapaz - 9,Baldoza St - Monfort Blvd,8000.0,1.2302,Gen Luna St 3,Proper - 8,Proper - 9,2472.74,2382.22,5431.25
Proper - 18,Muelle Loney St - Blumentritt Left,lapaz - 9,Baldoza St - Monfort Blvd,8000.0,1.2302,Gen Luna St 3 (Rev),Proper - 9,Proper - 8,2472.74,2464.85,473.69
Proper - 18,Muelle Loney St - Blumentritt Left,lapaz - 9,Baldoza St - Monfort Blvd,8000.0,1.2302,Arroyo St,Proper - 12,Proper - 11,2472.74,2458.32,865.55
Proper - 18,Muelle Loney St - Blumentritt Left,lapaz - 9,Baldoza St - Monfort Blvd,8000.0,1.2302,Blumentritt 2,Proper - 17,Proper - 19,2472.74,2472.65,5.84
Proper - 18,Muelle Loney St - Blumentritt Left,lapaz - 10,Luna St - Taytay Forbes,8500.0,1.1763,Gen Luna St 3,Proper - 8,Proper - 9,1871.16,1813.72,3445.98
Proper - 18,Muelle Loney St - Blumentritt Left,lapaz - 10,Luna St - Taytay Forbes,8500.0,1.1763,Arroyo St,Proper - 12,Proper - 11,1871.16,1855.02,968.41
Proper - 18,Muelle Loney St - Blumentritt Left,lapaz - 10,Luna St - Taytay Forbes,8500.0,1.1763,Blumentritt 2,Proper - 17,Proper - 19,1871.16,1868.3,171.38
Proper - 18,Muelle Loney St - Blumentritt Left,lapuz - 2,Rizal St - Quirino-Lopez Bridge,5500.0,1.0899,Gen Luna St 3,Proper - 8,Proper - 9,592.92,591.4,91.21
Proper - 18,Muelle Loney St - Blumentritt Left,lapuz - 4,Rizal St - New Iloilo Ferry Terminal Access Rd,5500.0,1.2681,Gen Luna St 3,Proper - 8,Proper - 9,1049.25,1032.7,993.05
Proper - 18,Muelle Loney St - Blumentritt Left,lapuz - 5,New Iloilo Ferry Terminal Access Rd,5500.0,1.2206,Gen Luna St 3,Proper - 8,Proper - 9,1227.23,1210.68,993.05
Proper - 18,Muelle Loney St - Blumentritt Left,lapuz - 7,Lapuz-Mansaya-Roboc Rd - Coastal Rd,8500.0,1.1561,Arroyo St,Proper - 12,Proper - 11,3054.56,3039.57,899.2
Proper - 19,Muelle Loney St - Blumentritt Right,villa - 1,Osmena St - Jocson St,2000.0,1.0259,Arroyo St,Proper - 12,Proper - 11,439.05,438.83,12.77
Proper - 19,Muelle Loney St - Blumentritt Right,villa - 2,Iloilo Circumrferential Rd 1 - Jocson St,2000.0,1.0226,Arroyo St,Proper - 12,Proper - 11,411.49,411.27,12.77
Proper - 19,Muelle Loney St - Blumentritt Right,villa - 3,Jocson St - Quezon St,2000.0,1.0248,Arroyo St,Proper - 12,Proper - 11,375.66,375.44,12.77
Proper - 19,Muelle Loney St - Blumentritt Right,villa - 4,Quezon St - Yulo Dr,2500.0,1.023,Blumentritt 1,Proper - 17,Proper - 18,574.48,572.89,95.22
Proper - 19,Muelle Loney St - Blumentritt Right,villa - 6,Osmena St - Pakiad St,3000.0,1.0105,Timawa St (Rev),Proper - 2,Molo - 5,966.61,965.16,87.01
Proper - 19,Muelle Loney St - Blumentritt Right,villa - 6,Osmena St - Pakiad St,3000.0,1.0105,Blumentritt 1,Proper - 17,Proper - 18,966.61,962.87,224.3
Proper - 19,Muelle Loney St - Blumentritt Right,Molo - 3,Locsin St - San Marcos St.,4500.0,1.0638,Timawa St (Rev),Proper - 2,Molo - 5,667.44,663.24,251.77
Proper - 19,Muelle Loney St - Blumentritt Right,Molo - 3,Locsin St - San Marcos St.,4500.0,1.0638,Ledesma St (Rev),Proper - 11,Proper - 6,667.44,659.27,490.28
Proper - 19,Muelle Loney St - Blumentritt Right,Molo - 3,Locsin St - San Marcos St.,4500.0,1.0638,Arroyo St,Proper - 12,Proper - 11,667.44,664.93,150.56
Proper - 19,Muelle Loney St - Blumentritt Right,Molo - 4,Locsin St. - M.H Del Pilar St. 2,4500.0,1.0626,Ledesma St (Rev),Proper - 11,Proper - 6,652.67,645.48,431.37
Proper - 19,Muelle Loney St - Blumentritt Right,Molo - 4,Locsin St. - M.H Del Pilar St. 2,4500.0,1.0626,Arroyo St,Proper - 12,Proper - 11,652.67,644.26,504.88
Proper - 19,Muelle Loney St - Blumentritt Right,Molo - 6,Locsin St. - Baluarte - Calumpag - Villa - Oton Blvd,3500.0,1.1184,JM Basa St 2,Proper - 13,Proper - 14,482.87,481.79,64.31
Proper - 19,Muelle Loney St - Blumentritt Right,Molo - 6,Locsin St. - Baluarte - Calumpag - Villa - Oton Blvd,3500.0,1.1184,Blumentritt 1,Proper - 17,Proper - 18,482.87,478.16,282.6
Proper - 19,Muelle Loney St - Blumentritt Right,Molo - 7,San Marcos St. - MH del Pilar St. 1 (Rotunda),5000.0,1.0656,Ledesma St (Rev),Proper - 11,Proper - 6,691.22,688.37,170.69
Proper - 19,Muelle Loney St - Blumentritt Right,Molo - 7,San Marcos St. - MH del Pilar St. 1 (Rotunda),5000.0,1.0656,Arroyo St,Proper - 12,Proper - 11,691.22,684.54,400.63
Proper - 19,Muelle Loney St - Blumentritt Right,Molo - 7,San Marcos St. - MH del Pilar St. 1 (Rotunda),5000.0,1.0656,Blumentritt 1,Proper - 17,Proper - 18,691.22,684.9,378.73
Proper - 19,Muelle Loney St - Blumentritt Right,Proper - 1,Gen Luna St - Infante St,4500.0,1.093,Ledesma St (Rev),Proper - 11,Proper - 6,534.2,531.37,169.64
Proper - 19,Muelle Loney St - Blumentritt Right,Proper - 1,Gen Luna St - Infante St,4500.0,1.093,Arroyo St,Proper - 12,Proper - 11,534.2,531.63,154.27
Proper - 19,Muelle Loney St - Blumentritt Right,Proper - 3,Rizal St - Infante St,4000.0,1.1016,JM Basa St 2,Proper - 13,Proper - 14,431.83,425.31,391.11
Proper - 19,Muelle Loney St - Blumentritt Right,Proper - 3,Rizal St - Infante St,4000.0,1.1016,Blumentritt 1,Proper - 17,Proper - 18,431.83,429.25,154.47
Proper - 19,Muelle Loney St - Blumentritt Right,Proper - 5,Baluarte - Calumpang - Villa - Oton Blvd - Rizal St,4500.0,1.1173,JM Basa St 2,Proper - 13,Proper - 14,506.19,495.02,669.86
Proper - 19,Muelle Loney St - Blumentritt Right,Proper - 5,Baluarte - Calumpang - Villa - Oton Blvd - Rizal St,4500.0,1.1173,Blumentritt 1,Proper - 17,Proper - 18,506.19,505.65,32.43
Proper - 19,Muelle Loney St - Blumentritt Right,Proper - 6,Ledesma St - Rizal St,4000.0,1.0731,JM Basa St 2,Proper - 13,Proper - 14,370.52,369.76,45.36
Proper - 19,Muelle Loney St - Blumentritt Right,Proper - 6,Ledesma St - Rizal St,4000.0,1.0731,Blumentritt 1,Proper - 17,Proper - 18,370.52,365.0,331.06
Proper - 19,Muelle Loney St - Blumentritt Right,Proper - 7,Gen Luna St - Bonifacio Dr,7500.0,1.1473,Gen Luna St 3 (Rev),Proper - 9,Proper - 8,1208.27,1193.05,913.69
Proper - 19,Muelle Loney St - Blumentritt Right,Proper - 7,Gen Luna St - Bonifacio Dr,7500.0,1.1473,Arroyo St,Proper - 12,Proper - 11,1208.27,1204.33,236.64
Proper - 19,Muelle Loney St - Blumentritt Right,Proper - 7,Gen Luna St - Bonifacio Dr,7500.0,1.1473,JM Basa St 2 (Rev),Proper - 14,Proper - 13,1208.27,1191.53,1004.96
Proper - 19,Muelle Loney St - Blumentritt Right,Proper - 7,Gen Luna St - Bonifacio Dr,7500.0,1.1473,Blumentritt 1,Proper - 17,Proper - 18,1208.27,1192.79,929.37
Proper - 19,Muelle Loney St - Blumentritt Right,Proper - 7,Gen Luna St - Bonifacio Dr,7500.0,1.1473,Blumentritt 1 (Rev),Proper - 18,Proper - 17,1208.27,1205.89,142.84
Proper - 19,Muelle Loney St - Blumentritt Right,Proper - 8,Gen Luna St - Ruperto Montinola St,5000.0,1.1196,Blumentritt 1,Proper - 17,Proper - 18,424.41,417.68,403.57
Proper - 19,Muelle Loney St - Blumentritt Right,Proper - 8,Gen Luna St - Ruperto Montinola St,5000.0,1.1196,Blumentritt 1 (Rev),Proper - 18,Proper - 17,424.41,396.7,1662.55
Proper - 19,Muelle Loney St - Blumentritt Right,Proper - 9,Gen Luna St - Muelle Loney St,5000.0,1.1305,Arroyo St,Proper - 12,Proper - 11,428.34,427.62,43.12
Proper - 19,Muelle Loney St - Blumentritt Right,Proper - 9,Gen Luna St - Muelle Loney St,5000.0,1.1305,Blumentritt 1,Proper - 17,Proper - 18,428.34,427.57,46.25
Proper - 19,Muelle Loney St - Blumentritt Right,Proper - 9,Gen Luna St - Muelle Loney St,5000.0,1.1305,Blumentritt 1 (Rev),Proper - 18,Proper - 17,428.34,401.58,1605.7
Proper - 19,Muelle Loney St - Blumentritt Right,Proper - 10,Delgado St - Ruperto Montinola St,4500.0,1.1847,Arroyo St,Proper - 12,Proper - 11,349.5,336.75,765.17
Proper - 19,Muelle Loney St - Blumentritt Right,Proper - 12,Arroyo St - Muelle Loney St,6500.0,1.152,Dela Rama St 1 (Rev),Proper - 17,Proper - 13,620.97,618.02,176.84
Proper - 19,Muelle Loney St - Blumentritt Right,Proper - 12,Arroyo St - Muelle Loney St,6500.0,1.152,Blumentritt 1 (Rev),Proper - 18,Proper - 17,620.97,606.02,897.0
Proper - 19,Muelle Loney St - Blumentritt Right,Proper - 22,Fort San Pedro Dr - General Hughes St,7000.0,1.1489,Blumentritt 1,Proper - 17,Proper - 18,648.26,648.12,8.59
Proper - 19,Muelle Loney St - Blumentritt Right,mandurriao - 1,Mandurriao - Jaro Rd - Old Iloilo - Capiz Rd,4500.0,1.1525,Gen Luna St 1 (Rev),Proper - 7,Proper - 1,765.24,747.03,1092.36
Proper - 19,Muelle Loney St - Blumentritt Right,mandurriao - 1,Mandurriao - Jaro Rd - Old Iloilo - Capiz Rd,4500.0,1.1525,Gen Luna St 3 (Rev),Proper - 9,Proper - 8,765.24,755.5,584.28
Proper - 19,Muelle Loney St - Blumentritt Right,mandurriao - 1,Mandurriao - Jaro Rd - Old Iloilo - Capiz Rd,4500.0,1.1525,Ledesma St (Rev),Proper - 11,Proper - 6,765.24,763.5,104.43
Proper - 19,Muelle Loney St - Blumentritt Right,mandurriao - 1,Mandurriao - Jaro Rd - Old Iloilo - Capiz Rd,4500.0,1.1525,Arroyo St,Proper - 12,Proper - 11,765.24,755.52,583.06
Proper - 19,Muelle Loney St - Blumentritt Right,mandurriao - 1,Mandurriao - Jaro Rd - Old Iloilo - Capiz Rd,4500.0,1.1525,Blumentritt 1,Proper - 17,Proper - 18,765.24,765.23,0.79
Proper - 19,Muelle Loney St - Blumentritt Right,mandurriao - 2,Mandurriao - Jaro Rd - Mandurriao - Sn Miguel Rd,3500.0,1.1276,Infante St 1 (Rev),Proper - 2,Proper - 1,686.2,684.44,105.67
Proper - 19,Muelle Loney St - Blumentritt Right,mandurriao - 2,Mandurriao - Jaro Rd - Mandurriao - Sn Miguel Rd,3500.0,1.1276,JM Basa St 1 (Rev),Proper - 13,Proper - 11,686.2,677.66,512.34
Proper - 19,Muelle Loney St - Blumentritt Right,mandurriao - 2,Mandurriao - Jaro Rd - Mandurriao - Sn Miguel Rd,3500.0,1.1276,Blumentritt 1,Proper - 17,Proper - 18,686.2,684.44,105.64
Proper - 19,Muelle Loney St - Blumentritt Right,mandurriao - 3,Mandurriao - Sn Miguel Rd - R Mapa St,3500.0,1.0248,Infante St 1 (Rev),Proper - 2,Proper - 1,736.36,734.2,129.83
Proper - 19,Muelle Loney St - Blumentritt Right,mandurriao - 3,Mandurriao - Sn Miguel Rd - R Mapa St,3500.0,1.0248,JM Basa St 1 (Rev),Proper - 13,Proper - 11,736.36,727.42,536.5
Proper - 19,Muelle Loney St - Blumentritt Right,mandurriao - 3,Mandurriao - Sn Miguel Rd - R Mapa St,3500.0,1.0248,Blumentritt 1,Proper - 17,Proper - 18,736.36,734.2,129.8
Proper - 19,Muelle Loney St - Blumentritt Right,mandurriao - 6,R Mapa St - Donato Pison Ave,2500.0,1.1487,Rotunda,Molo - 7,Molo - 8,505.23,504.29,56.13
Proper - 19,Muelle Loney St - Blumentritt Right,mandurriao - 6,R Mapa St - Donato Pison Ave,2500.0,1.1487,San Marcos St,Molo - 8,Molo - 3,505.23,504.29,56.13
Proper - 19,Muelle Loney St - Blumentritt Right,mandurriao - 6,R Mapa St - Donato Pison Ave,2500.0,1.1487,Gen Luna - Molo Connect,Proper - 1,Molo - 7,505.23,504.29,56.13
Proper - 19,Muelle Loney St - Blumentritt Right,mandurriao - 6,R Mapa St - Donato Pison Ave,2500.0,1.1487,Arroyo St,Proper - 12,Proper - 11,505.23,503.89,80.21
Proper - 19,Muelle Loney St - Blumentritt Right,mandurriao - 6,R Mapa St - Donato Pison Ave,2500.0,1.1487,Blumentritt 1,Proper - 17,Proper - 18,505.23,501.68,212.87
Proper - 19,Muelle Loney St - Blumentritt Right,mandurriao - 7,Tabucan Mandurriao,2500.0,1.1302,Rotunda,Molo - 7,Molo - 8,567.76,566.82,56.13
Proper - 19,Muelle Loney St - Blumentritt Right,mandurriao - 7,Tabucan Mandurriao,2500.0,1.1302,San Marcos St,Molo - 8,Molo - 3,567.76,566.82,56.13
Proper - 19,Muelle Loney St - Blumentritt Right,mandurriao - 7,Tabucan Mandurriao,2500.0,1.1302,Gen Luna - Molo Connect,Proper - 1,Molo - 7,567.76,566.82,56.13
Proper - 19,Muelle Loney St - Blumentritt Right,mandurriao - 7,Tabucan Mandurriao,2500.0,1.1302,Arroyo St,Proper - 12,Proper - 11,567.76,566.62,68.13
Proper - 19,Muelle Loney St - Blumentritt Right,mandurriao - 7,Tabucan Mandurriao,2500.0,1.1302,Blumentritt 1,Proper - 17,Proper - 18,567.76,564.21,212.87
Proper - 19,Muelle Loney St - Blumentritt Right,mandurriao - 9,Mandurriao-Sn Miguel Rd,3500.0,1.0164,Infante St 1 (Rev),Proper - 2,Proper - 1,1098.24,1096.23,120.5
Proper - 19,Muelle Loney St - Blumentritt Right,mandurriao - 9,Mandurriao-Sn Miguel Rd,3500.0,1.0164,JM Basa St 1 (Rev),Proper - 13,Proper - 11,1098.24,1089.45,527.17
Proper - 19,Muelle Loney St - Blumentritt Right,mandurriao - 9,Mandurriao-Sn Miguel Rd,3500.0,1.0164,Blumentritt 1,Proper - 17,Proper - 18,1098.24,1096.23,120.47
Proper - 19,Muelle Loney St - Blumentritt Right,mandurriao - 10,Iloilo Circumferential Rd 1 - Mandurriao-Sn Miguel Rd,3500.0,1.0158,Infante St 1 (Rev),Proper - 2,Proper - 1,1134.92,1132.91,120.5
Proper - 19,Muelle Loney St - Blumentritt Right,mandurriao - 10,Iloilo Circumferential Rd 1 - Mandurriao-Sn Miguel Rd,3500.0,1.0158,JM Basa St 1 (Rev),Proper - 13,Proper - 11,1134.92,1126.13,527.17
Proper - 19,Muelle Loney St - Blumentritt Right,mandurriao - 10,Iloilo Circumferential Rd 1 - Mandurriao-Sn Miguel Rd,3500.0,1.0158,Blumentritt 1,Proper - 17,Proper - 18,1134.92,1132.91,120.47
Proper - 19,Muelle Loney St - Blumentritt Right,mandurriao - 11,Mandurriao-Sn Miguel Rd - Iloilo Circumferential Rd 1,3500.0,1.0159,Infante St 1 (Rev),Proper - 2,Proper - 1,1130.02,1128.01,120.5
Proper - 19,Muelle Loney St - Blumentritt Right,mandurriao - 11,Mandurriao-Sn Miguel Rd - Iloilo Circumferential Rd 1,3500.0,1.0159,JM Basa St 1 (Rev),Proper - 13,Proper - 11,1130.02,1121.23,527.17
Proper - 19,Muelle Loney St - Blumentritt Right,mandurriao - 11,Mandurriao-Sn Miguel Rd - Iloilo Circumferential Rd 1,3500.0,1.0159,Blumentritt 1,Proper - 17,Proper - 18,1130.02,1128.01,120.47
Proper - 19,Muelle Loney St - Blumentritt Right,mandurriao - 12,Iloilo Circumferential Rd 1,3500.0,1.0165,Infante St 1 (Rev),Proper - 2,Proper - 1,1090.8,1088.79,120.5
Proper - 19,Muelle Loney St - Blumentritt Right,mandurriao - 12,Iloilo Circumferential Rd 1,3500.0,1.0165,JM Basa St 1 (Rev),Proper - 13,Proper - 11,1090.8,1082.01,527.17
Proper - 19,Muelle Loney St - Blumentritt Right,mandurriao - 12,Iloilo Circumferential Rd 1,3500.0,1.0165,Blumentritt 1,Proper - 17,Proper - 18,1090.8,1088.79,120.47
Proper - 19,Muelle Loney St - Blumentritt Right,jaro - 1,E Lopez St - Luna St,4500.0,1.1436,Blumentritt 1 (Rev),Proper - 18,Proper - 17,769.41,763.03,383.08
Proper - 19,Muelle Loney St - Blumentritt Right,jaro - 2,Commission Civil St - Burgos St,2500.0,1.056,Gen Luna St 3 (Rev),Proper - 9,Proper - 8,399.43,397.65,106.97
Proper - 19,Muelle Loney St - Blumentritt Right,jaro - 2,Commission Civil St - Burgos St,2500.0,1.056,Arroyo St,Proper - 12,Proper - 11,399.43,399.28,9.06
Proper - 19,Muelle Loney St - Blumentritt Right,jaro - 2,Commission Civil St - Burgos St,2500.0,1.056,Blumentritt 1,Proper - 17,Proper - 18,399.43,393.39,362.44
Proper - 19,Muelle Loney St - Blumentritt Right,jaro - 2,Commission Civil St - Burgos St,2500.0,1.056,Huervana St - Rizal St,lapaz - 1,lapaz - 2,399.43,390.68,525.38
Proper - 19,Muelle Loney St - Blumentritt Right,jaro - 4,Plaza Rizal St - E Lopez St,6500.0,1.0627,Gen Luna St 3 (Rev),Proper - 9,Proper - 8,1240.66,1224.65,960.97
Proper - 19,Muelle Loney St - Blumentritt Right,jaro - 4,Plaza Rizal St - E Lopez St,6500.0,1.0627,Delgado St (Rev),Proper - 10,Proper - 2,1240.66,1234.06,396.41
Proper - 19,Muelle Loney St - Blumentritt Right,jaro - 5,Plaza Rizal St - Commission Civil St,6000.0,1.0335,Gen Luna St 3 (Rev),Proper - 9,Proper - 8,1060.21,1052.57,458.71
Proper - 19,Muelle Loney St - Blumentritt Right,jaro - 5,Plaza Rizal St - Commission Civil St,6000.0,1.0335,Delgado St (Rev),Proper - 10,Proper - 2,1060.21,1056.59,217.54
Proper - 19,Muelle Loney St - Blumentritt Right,jaro - 5,Plaza Rizal St - Commission Civil St,6000.0,1.0335,Huervana St - Rizal St,lapaz - 1,lapaz - 2,1060.21,1054.76,327.13
Proper - 19,Muelle Loney St - Blumentritt Right,jaro - 6,Plaza Rizal St - Iloilo-Capiz Rd/Lopez Jaena St,2500.0,1.0275,Ruperto Montinola St 1 (Rev),Proper - 10,Proper - 8,367.54,365.07,148.23
Proper - 19,Muelle Loney St - Blumentritt Right,jaro - 6,Plaza Rizal St - Iloilo-Capiz Rd/Lopez Jaena St,2500.0,1.0275,Blumentritt 1,Proper - 17,Proper - 18,367.54,364.51,181.44
Proper - 19,Muelle Loney St - Blumentritt Right,jaro - 7,Plaza Rizal St - El 98 St,2000.0,1.0522,Gen Luna St 1 (Rev),Proper - 7,Proper - 1,276.23,276.04,11.4
Proper - 19,Muelle Loney St - Blumentritt Right,jaro - 8,Iloilo-Capiz Rd - Lopez Jaena St,2500.0,1.1444,Bonifacio Drive,Proper - 7,lapaz - 10,562.39,561.67,43.14
Proper - 19,Muelle Loney St - Blumentritt Right,jaro - 8,Iloilo-Capiz Rd - Lopez Jaena St,2500.0,1.1444,Gen Luna St 2 (Rev),Proper - 8,Proper - 7,562.39,561.67,43.14
Proper - 19,Muelle Loney St - Blumentritt Right,jaro - 8,Iloilo-Capiz Rd - Lopez Jaena St,2500.0,1.1444,Ruperto Montinola St 1 (Rev),Proper - 10,Proper - 8,562.39,561.44,57.14
Proper - 19,Muelle Loney St - Blumentritt Right,jaro - 8,Iloilo-Capiz Rd - Lopez Jaena St,2500.0,1.1444,Blumentritt 1,Proper - 17,Proper - 18,562.39,558.53,231.77
Proper - 19,Muelle Loney St - Blumentritt Right,jaro - 8,Iloilo-Capiz Rd - Lopez Jaena St,2500.0,1.1444,Luna St - Huervana St (Rev),lapaz - 1,lapaz - 3,562.39,561.68,42.52
Proper - 19,Muelle Loney St - Blumentritt Right,jaro - 8,Iloilo-Capiz Rd - Lopez Jaena St,2500.0,1.1444,Luna St - Esplanade 5 (Rev),lapaz - 10,lapaz - 1,562.39,561.67,43.14
Proper - 19,Muelle Loney St - Blumentritt Right,jaro - 9,Iloilo-Capiz Rd - Balabago Rd,3000.0,1.1849,Old Iloilo - Capiz Rd (Rev),Proper - 1,mandurriao - 1,738.77,738.75,1.17
Proper - 19,Muelle Loney St - Blumentritt Right,jaro - 9,Iloilo-Capiz Rd - Balabago Rd,3000.0,1.1849,Gen Luna St 3,Proper - 8,Proper - 9,738.77,737.63,68.47
Proper - 19,Muelle Loney St - Blumentritt Right,jaro - 9,Iloilo-Capiz Rd - Balabago Rd,3000.0,1.1849,Gen Luna St 3 (Rev),Proper - 9,Proper - 8,738.77,733.45,319.2
Proper - 19,Muelle Loney St - Blumentritt Right,jaro - 9,Iloilo-Capiz Rd - Balabago Rd,3000.0,1.1849,Blumentritt 1,Proper - 17,Proper - 18,738.77,729.35,565.07
Proper - 19,Muelle Loney St - Blumentritt Right,jaro - 9,Iloilo-Capiz Rd - Balabago Rd,3000.0,1.1849,El 98 St (Rev),mandurriao - 1,jaro - 7,738.77,738.75,1.17
Proper - 19,Muelle Loney St - Blumentritt Right,jaro - 9,Iloilo-Capiz Rd - Balabago Rd,3000.0,1.1849,E Lopez St,jaro - 1,jaro - 4,738.77,727.06,702.66
Proper - 19,Muelle Loney St - Blumentritt Right,jaro - 9,Iloilo-Capiz Rd - Balabago Rd,3000.0,1.1849,El 98 St - Plaza Rizal St - E Lopez St,jaro - 7,jaro - 4,738.77,738.75,1.17
Proper - 19,Muelle Loney St - Blumentritt Right,jaro - 9,Iloilo-Capiz Rd - Balabago Rd,3000.0,1.1849,Luna St,lapaz - 3,jaro - 1,738.77,727.06,702.66
Proper - 19,Muelle Loney St - Blumentritt Right,jaro - 10,Balabago Rd - Iloilo Circumferential Rd 1,3500.0,1.0486,Gen Luna St 3,Proper - 8,Proper - 9,806.58,806.33,15.39
Proper - 19,Muelle Loney St - Blumentritt Right,jaro - 10,Balabago Rd - Iloilo Circumferential Rd 1,3500.0,1.0486,Gen Luna St 3 (Rev),Proper - 9,Proper - 8,806.58,803.38,192.3
Proper - 19,Muelle Loney St - Blumentritt Right,jaro - 10,Balabago Rd - Iloilo Circumferential Rd 1,3500.0,1.0486,Blumentritt 1,Proper - 17,Proper - 18,806.58,802.68,234.16
Proper - 19,Muelle Loney St - Blumentritt Right,jaro - 10,Balabago Rd - Iloilo Circumferential Rd 1,3500.0,1.0486,Blumentritt 1 (Rev),Proper - 18,Proper - 17,806.58,804.89,101.47
Proper - 19,Muelle Loney St - Blumentritt Right,jaro - 10,Balabago Rd - Iloilo Circumferential Rd 1,3500.0,1.0486,Huervana St - Rizal St,lapaz - 1,lapaz - 2,806.58,790.04,992.56
Proper - 19,Muelle Loney St - Blumentritt Right,jaro - 10,Balabago Rd - Iloilo Circumferential Rd 1,3500.0,1.0486,Rizal St - Luna St,lapaz - 2,lapaz - 3,806.58,806.33,15.39
Proper - 19,Muelle Loney St - Blumentritt Right,jaro - 10,Balabago Rd - Iloilo Circumferential Rd 1,3500.0,1.0486,Huervana St - Burgos St,lapaz - 2,lapaz - 4,806.58,799.82,405.71
Proper - 19,Muelle Loney St - Blumentritt Right,jaro - 10,Balabago Rd - Iloilo Circumferential Rd 1,3500.0,1.0486,Huervana St - Jereos St,lapaz - 4,lapaz - 5,806.58,799.82,405.71
Proper - 19,Muelle Loney St - Blumentritt Right,jaro - 10,Balabago Rd - Iloilo Circumferential Rd 1,3500.0,1.0486,Lopez Jaena St,lapaz - 5,lapaz - 8,806.58,799.82,405.71
Proper - 19,Muelle Loney St - Blumentritt Right,jaro - 10,Balabago Rd - Iloilo Circumferential Rd 1,3500.0,1.0486,Baldoza St,lapaz - 8,lapaz - 9,806.58,799.82,405.71
Proper - 19,Muelle Loney St - Blumentritt Right,jaro - 11,Iloilo Circumferential Rd 1 - Monfort Blvd,3500.0,1.0519,Gen Luna St 3,Proper - 8,Proper - 9,806.91,804.03,173.16
Proper - 19,Muelle Loney St - Blumentritt Right,jaro - 11,Iloilo Circumferential Rd 1 - Monfort Blvd,3500.0,1.0519,Gen Luna St 3 (Rev),Proper - 9,Proper - 8,806.91,805.84,64.52
Proper - 19,Muelle Loney St - Blumentritt Right,jaro - 11,Iloilo Circumferential Rd 1 - Monfort Blvd,3500.0,1.0519,Blumentritt 1,Proper - 17,Proper - 18,806.91,804.63,136.86
Proper - 19,Muelle Loney St - Blumentritt Right,jaro - 11,Iloilo Circumferential Rd 1 - Monfort Blvd,3500.0,1.0519,Blumentritt 1 (Rev),Proper - 18,Proper - 17,806.91,806.2,42.95
Proper - 19,Muelle Loney St - Blumentritt Right,jaro - 11,Iloilo Circumferential Rd 1 - Monfort Blvd,3500.0,1.0519,Huervana St - Rizal St,lapaz - 1,lapaz - 2,806.91,793.5,804.51
Proper - 19,Muelle Loney St - Blumentritt Right,jaro - 11,Iloilo Circumferential Rd 1 - Monfort Blvd,3500.0,1.0519,Huervana St - Burgos St,lapaz - 2,lapaz - 4,806.91,802.39,271.2
Proper - 19,Muelle Loney St - Blumentritt Right,jaro - 11,Iloilo Circumferential Rd 1 - Monfort Blvd,3500.0,1.0519,Huervana St - Jereos St,lapaz - 4,lapaz - 5,806.91,802.39,271.2
Proper - 19,Muelle Loney St - Blumentritt Right,jaro - 11,Iloilo Circumferential Rd 1 - Monfort Blvd,3500.0,1.0519,Lopez Jaena St,lapaz - 5,lapaz - 8,806.91,802.39,271.2
Proper - 19,Muelle Loney St - Blumentritt Right,jaro - 11,Iloilo Circumferential Rd 1 - Monfort Blvd,3500.0,1.0519,Baldoza St,lapaz - 8,lapaz - 9,806.91,802.39,271.2
Proper - 19,Muelle Loney St - Blumentritt Right,jaro - 12,Buhang Flyover,2500.0,1.0575,Gen Luna St 3 (Rev),Proper - 9,Proper - 8,556.91,555.73,71.01
Proper - 19,Muelle Loney St - Blumentritt Right,jaro - 12,Buhang Flyover,2500.0,1.0575,Blumentritt 1,Proper - 17,Proper - 18,556.91,552.76,248.92
Proper - 19,Muelle Loney St - Blumentritt Right,jaro - 12,Buhang Flyover,2500.0,1.0575,Huervana St - Rizal St,lapaz - 1,lapaz - 2,556.91,548.93,478.98
Proper - 19,Muelle Loney St - Blumentritt Right,jaro - 12,Buhang Flyover,2500.0,1.0575,Huervana St - Burgos St,lapaz - 2,lapaz - 4,556.91,551.94,298.22
Proper - 19,Muelle Loney St - Blumentritt Right,jaro - 12,Buhang Flyover,2500.0,1.0575,Huervana St - Jereos St,lapaz - 4,lapaz - 5,556.91,551.94,298.22
Proper - 19,Muelle Loney St - Blumentritt Right,jaro - 12,Buhang Flyover,2500.0,1.0575,Lopez Jaena St,lapaz - 5,lapaz - 8,556.91,551.94,298.22
Proper - 19,Muelle Loney St - Blumentritt Right,jaro - 12,Buhang Flyover,2500.0,1.0575,Baldoza St,lapaz - 8,lapaz - 9,556.91,551.94,298.22
Proper - 19,Muelle Loney St - Blumentritt Right,jaro - 14,Iloilo-Capiz Rd - Iloilo Circumferential Rd 1,2500.0,1.0238,Gen Luna St 3 (Rev),Proper - 9,Proper - 8,548.03,546.09,116.25
Proper - 19,Muelle Loney St - Blumentritt Right,jaro - 14,Iloilo-Capiz Rd - Iloilo Circumferential Rd 1,2500.0,1.0238,Arroyo St,Proper - 12,Proper - 11,548.03,547.07,57.45
Proper - 19,Muelle Loney St - Blumentritt Right,jaro - 14,Iloilo-Capiz Rd - Iloilo Circumferential Rd 1,2500.0,1.0238,Blumentritt 1,Proper - 17,Proper - 18,548.03,541.99,362.58
Proper - 19,Muelle Loney St - Blumentritt Right,jaro - 14,Iloilo-Capiz Rd - Iloilo Circumferential Rd 1,2500.0,1.0238,Huervana St - Rizal St,lapaz - 1,lapaz - 2,548.03,539.64,503.44
Proper - 19,Muelle Loney St - Blumentritt Right,jaro - 14,Iloilo-Capiz Rd - Iloilo Circumferential Rd 1,2500.0,1.0238,Huervana St - Burgos St,lapaz - 2,lapaz - 4,548.03,547.9,7.83
Proper - 19,Muelle Loney St - Blumentritt Right,jaro - 14,Iloilo-Capiz Rd - Iloilo Circumferential Rd 1,2500.0,1.0238,Huervana St - Jereos St,lapaz - 4,lapaz - 5,548.03,547.9,7.83
Proper - 19,Muelle Loney St - Blumentritt Right,jaro - 14,Iloilo-Capiz Rd - Iloilo Circumferential Rd 1,2500.0,1.0238,Lopez Jaena St,lapaz - 5,lapaz - 8,548.03,547.9,7.83
Proper - 19,Muelle Loney St - Blumentritt Right,jaro - 14,Iloilo-Capiz Rd - Iloilo Circumferential Rd 1,2500.0,1.0238,Baldoza St,lapaz - 8,lapaz - 9,548.03,547.9,7.83
Proper - 19,Muelle Loney St - Blumentritt Right,jaro - 16,Old Lopez Jaena St - Old Iloilo-Capiz Rd,4000.0,1.0638,Blumentritt 1,Proper - 17,Proper - 18,883.14,882.21,55.74
Proper - 19,Muelle Loney St - Blumentritt Right,jaro - 17,Iloilo-Capiz Rd - Old Iloilo-Capiz Rd,4000.0,1.0645,Blumentritt 1,Proper - 17,Proper - 18,867.7,866.77,55.74
Proper - 19,Muelle Loney St - Blumentritt Right,jaro - 18,Old Lopez Jaena St - Iloilo-Capiz Rd,4000.0,1.0859,Gen Luna St 1 (Rev),Proper - 7,Proper - 1,894.09,892.04,123.58
Proper - 19,Muelle Loney St - Blumentritt Right,jaro - 18,Old Lopez Jaena St - Iloilo-Capiz Rd,4000.0,1.0859,Blumentritt 1,Proper - 17,Proper - 18,894.09,893.17,55.74
Proper - 19,Muelle Loney St - Blumentritt Right,jaro - 19,Monfort Blvd,4500.0,1.1579,Gen Luna St 3,Proper - 8,Proper - 9,1144.06,1107.74,2179.05
Proper - 19,Muelle Loney St - Blumentritt Right,jaro - 19,Monfort Blvd,4500.0,1.1579,Gen Luna St 3 (Rev),Proper - 9,Proper - 8,1144.06,1138.79,316.16
Proper - 19,Muelle Loney St - Blumentritt Right,jaro - 19,Monfort Blvd,4500.0,1.1579,Blumentritt 1 (Rev),Proper - 18,Proper - 17,1144.06,1130.03,841.72
Proper - 19,Muelle Loney St - Blumentritt Right,jaro - 20,Coastal Rd - Leganes,3500.0,1.0368,Gen Luna St 3,Proper - 8,Proper - 9,1120.65,1117.77,173.16
Proper - 19,Muelle Loney St - Blumentritt Right,jaro - 20,Coastal Rd - Leganes,3500.0,1.0368,Gen Luna St 3 (Rev),Proper - 9,Proper - 8,1120.65,1119.84,49.12
Proper - 19,Muelle Loney St - Blumentritt Right,jaro - 20,Coastal Rd - Leganes,3500.0,1.0368,Blumentritt 1,Proper - 17,Proper - 18,1120.65,1119.24,85.01
Proper - 19,Muelle Loney St - Blumentritt Right,jaro - 20,Coastal Rd - Leganes,3500.0,1.0368,Blumentritt 1 (Rev),Proper - 18,Proper - 17,1120.65,1119.94,42.95
Proper - 19,Muelle Loney St - Blumentritt Right,jaro - 20,Coastal Rd - Leganes,3500.0,1.0368,Huervana St - Rizal St,lapaz - 1,lapaz - 2,1120.65,1107.25,804.51
Proper - 19,Muelle Loney St - Blumentritt Right,jaro - 20,Coastal Rd - Leganes,3500.0,1.0368,Huervana St - Burgos St,lapaz - 2,lapaz - 4,1120.65,1116.13,271.2
Proper - 19,Muelle Loney St - Blumentritt Right,jaro - 20,Coastal Rd - Leganes,3500.0,1.0368,Huervana St - Jereos St,lapaz - 4,lapaz - 5,1120.65,1116.13,271.2
Proper - 19,Muelle Loney St - Blumentritt Right,jaro - 20,Coastal Rd - Leganes,3500.0,1.0368,Lopez Jaena St,lapaz - 5,lapaz - 8,1120.65,1116.13,271.2
Proper - 19,Muelle Loney St - Blumentritt Right,jaro - 20,Coastal Rd - Leganes,3500.0,1.0368,Baldoza St,lapaz - 8,lapaz - 9,1120.65,1116.13,271.2
Proper - 19,Muelle Loney St - Blumentritt Right,jaro - 24,Old Iloilo-Capiz Rd - Pavia,4000.0,1.0612,Blumentritt 1,Proper - 17,Proper - 18,917.79,916.86,55.74
Proper - 19,Muelle Loney St - Blumentritt Right,lapaz - 1,Luna St - Huervana St,8000.0,1.0684,Gen Luna St 3,Proper - 8,Proper - 9,1608.97,1546.46,3750.92
Proper - 19,Muelle Loney St - Blumentritt Right,lapaz - 1,Luna St - Huervana St,8000.0,1.0684,Gen Luna St 3 (Rev),Proper - 9,Proper - 8,1608.97,1592.06,1014.91
Proper - 19,Muelle Loney St - Blumentritt Right,lapaz - 1,Luna St - Huervana St,8000.0,1.0684,Blumentritt 1 (Rev),Proper - 18,Proper - 17,1608.97,1606.92,123.17
Proper - 19,Muelle Loney St - Blumentritt Right,lapaz - 2,Rizal St - Luna St,8000.0,1.0749,Gen Luna St 3,Proper - 8,Proper - 9,1571.18,1507.28,3833.87
Proper - 19,Muelle Loney St - Blumentritt Right,lapaz - 2,Rizal St - Luna St,8000.0,1.0749,Gen Luna St 3 (Rev),Proper - 9,Proper - 8,1571.18,1546.56,1477.4
Proper - 19,Muelle Loney St - Blumentritt Right,lapaz - 2,Rizal St - Luna St,8000.0,1.0749,Blumentritt 1 (Rev),Proper - 18,Proper - 17,1571.18,1561.67,570.47
Proper - 19,Muelle Loney St - Blumentritt Right,lapaz - 3,Luna St - Luna St,7500.0,1.0508,Gen Luna St 3,Proper - 8,Proper - 9,1326.7,1288.05,2319.23
Proper - 19,Muelle Loney St - Blumentritt Right,lapaz - 3,Luna St - Luna St,7500.0,1.0508,Gen Luna St 3 (Rev),Proper - 9,Proper - 8,1326.7,1309.78,1014.97
Proper - 19,Muelle Loney St - Blumentritt Right,lapaz - 3,Luna St - Luna St,7500.0,1.0508,Blumentritt 1 (Rev),Proper - 18,Proper - 17,1326.7,1320.57,367.5
Proper - 19,Muelle Loney St - Blumentritt Right,lapaz - 4,Huervana St - Burgos St,6500.0,1.2755,Gen Luna St 3,Proper - 8,Proper - 9,1395.06,1382.07,779.63
Proper - 19,Muelle Loney St - Blumentritt Right,lapaz - 4,Huervana St - Burgos St,6500.0,1.2755,Gen Luna St 3 (Rev),Proper - 9,Proper - 8,1395.06,1380.42,878.64
Proper - 19,Muelle Loney St - Blumentritt Right,lapaz - 4,Huervana St - Burgos St,6500.0,1.2755,Blumentritt 1,Proper - 17,Proper - 18,1395.06,1383.24,709.35
Proper - 19,Muelle Loney St - Blumentritt Right,lapaz - 4,Huervana St - Burgos St,6500.0,1.2755,Jereos St - Huervana Ext,lapaz - 5,lapaz - 6,1395.06,1390.08,299.02
Proper - 19,Muelle Loney St - Blumentritt Right,lapaz - 4,Huervana St - Burgos St,6500.0,1.2755,Huervana Ext,lapaz - 6,lapaz - 7,1395.06,1390.08,299.02
Proper - 19,Muelle Loney St - Blumentritt Right,lapaz - 4,Huervana St - Burgos St,6500.0,1.2755,Lopez Jaena St (Rev),lapaz - 8,lapaz - 5,1395.06,1390.08,299.02
Proper - 19,Muelle Loney St - Blumentritt Right,lapaz - 4,Huervana St - Burgos St,6500.0,1.2755,Baldoza St (Rev),lapaz - 9,lapaz - 8,1395.06,1390.08,299.02
Proper - 19,Muelle Loney St - Blumentritt Right,lapaz - 4,Huervana St - Burgos St,6500.0,1.2755,Rizal St - Huervana St (Rev),lapuz - 2,lapaz - 2,1395.06,1394.23,49.66
Proper - 19,Muelle Loney St - Blumentritt Right,lapaz - 4,Huervana St - Burgos St,6500.0,1.2755,Rizal St - Ferry Terminal Access Rd,lapuz - 2,lapuz - 4,1395.06,1390.08,299.02
Proper - 19,Muelle Loney St - Blumentritt Right,lapaz - 4,Huervana St - Burgos St,6500.0,1.2755,Rizal St - Iloilo Airport Direct Rd,lapuz - 4,lapuz - 6,1395.06,1390.08,299.02
Proper - 19,Muelle Loney St - Blumentritt Right,lapaz - 4,Huervana St - Burgos St,6500.0,1.2755,Lapuz Mansaya Loboc Rd,lapuz - 6,lapuz - 7,1395.06,1390.08,299.02
Proper - 19,Muelle Loney St - Blumentritt Right,lapaz - 4,Huervana St - Burgos St,6500.0,1.2755,Coastal Rd (Rev),lapuz - 7,lapaz - 9,1395.06,1390.08,299.02
Proper - 19,Muelle Loney St - Blumentritt Right,lapaz - 5,Huervana St - Jereos St,6500.0,1.2437,Gen Luna St 3,Proper - 8,Proper - 9,1377.8,1372.71,305.36
Proper - 19,Muelle Loney St - Blumentritt Right,lapaz - 5,Huervana St - Jereos St,6500.0,1.2437,Gen Luna St 3 (Rev),Proper - 9,Proper - 8,1377.8,1359.06,1124.49
Proper - 19,Muelle Loney St - Blumentritt Right,lapaz - 5,Huervana St - Jereos St,6500.0,1.2437,Blumentritt 1,Proper - 17,Proper - 18,1377.8,1371.84,357.49
Proper - 19,Muelle Loney St - Blumentritt Right,lapaz - 6,Jereos St - Huervana Ext,6500.0,1.1473,Gen Luna St 3,Proper - 8,Proper - 9,1433.52,1428.43,305.36
Proper - 19,Muelle Loney St - Blumentritt Right,lapaz - 6,Jereos St - Huervana Ext,6500.0,1.1473,Gen Luna St 3 (Rev),Proper - 9,Proper - 8,1433.52,1414.77,1124.49
Proper - 19,Muelle Loney St - Blumentritt Right,lapaz - 6,Jereos St - Huervana Ext,6500.0,1.1473,Blumentritt 1,Proper - 17,Proper - 18,1433.52,1427.56,357.49
Proper - 19,Muelle Loney St - Blumentritt Right,lapaz - 7,Huervana Ext - Burgos St,6000.0,1.1004,Gen Luna St 3 (Rev),Proper - 9,Proper - 8,1254.24,1253.01,74.0
Proper - 19,Muelle Loney St - Blumentritt Right,lapaz - 7,Huervana Ext - Burgos St,6000.0,1.1004,Blumentritt 1,Proper - 17,Proper - 18,1254.24,1246.06,491.12
Proper - 19,Muelle Loney St - Blumentritt Right,lapaz - 7,Huervana Ext - Burgos St,6000.0,1.1004,Blumentritt 1 (Rev),Proper - 18,Proper - 17,1254.24,1244.07,610.71
Proper - 19,Muelle Loney St - Blumentritt Right,lapaz - 7,Huervana Ext - Burgos St,6000.0,1.1004,E Lopez St,jaro - 1,jaro - 4,1254.24,1248.93,318.77
Proper - 19,Muelle Loney St - Blumentritt Right,lapaz - 7,Huervana Ext - Burgos St,6000.0,1.1004,Rizal St - Luna St,lapaz - 2,lapaz - 3,1254.24,1248.93,318.77
Proper - 19,Muelle Loney St - Blumentritt Right,lapaz - 7,Huervana Ext - Burgos St,6000.0,1.1004,Luna St,lapaz - 3,jaro - 1,1254.24,1248.93,318.77
Proper - 19,Muelle Loney St - Blumentritt Right,lapaz - 8,Lopez Jaena St - Baldoza St,4500.0,1.1238,Gen Luna St 3,Proper - 8,Proper - 9,782.39,781.4,59.27
Proper - 19,Muelle Loney St - Blumentritt Right,lapaz - 8,Lopez Jaena St - Baldoza St,4500.0,1.1238,Gen Luna St 3 (Rev),Proper - 9,Proper - 8,782.39,759.57,1369.06
Proper - 19,Muelle Loney St - Blumentritt Right,lapaz - 8,Lopez Jaena St - Baldoza St,4500.0,1.1238,Blumentritt 1,Proper - 17,Proper - 18,782.39,764.16,1093.54
Proper - 19,Muelle Loney St - Blumentritt Right,lapaz - 8,Lopez Jaena St - Baldoza St,4500.0,1.1238,Blumentritt 1 (Rev),Proper - 18,Proper - 17,782.39,770.0,743.32
Proper - 19,Muelle Loney St - Blumentritt Right,lapaz - 8,Lopez Jaena St - Baldoza St,4500.0,1.1238,Rizal St - Huervana St (Rev),lapuz - 2,lapaz - 2,782.39,780.21,130.89
Proper - 19,Muelle Loney St - Blumentritt Right,lapaz - 9,Baldoza St - Monfort Blvd,2500.0,1.0187,Gen Luna St 3 (Rev),Proper - 9,Proper - 8,340.91,339.63,76.55
Proper - 19,Muelle Loney St - Blumentritt Right,lapaz - 9,Baldoza St - Monfort Blvd,2500.0,1.0187,Blumentritt 1,Proper - 17,Proper - 18,340.91,337.16,224.69
Proper - 19,Muelle Loney St - Blumentritt Right,lapaz - 10,Luna St - Taytay Forbes,8500.0,1.0772,Gen Luna St 3,Proper - 8,Proper - 9,1932.49,1846.67,5149.21
Proper - 19,Muelle Loney St - Blumentritt Right,lapaz - 10,Luna St - Taytay Forbes,8500.0,1.0772,Gen Luna St 3 (Rev),Proper - 9,Proper - 8,1932.49,1830.57,6115.14
Proper - 19,Muelle Loney St - Blumentritt Right,lapaz - 10,Luna St - Taytay Forbes,8500.0,1.0772,JM Basa St 2 (Rev),Proper - 14,Proper - 13,1932.49,1919.31,790.9
Proper - 19,Muelle Loney St - Blumentritt Right,lapaz - 10,Luna St - Taytay Forbes,8500.0,1.0772,Blumentritt 1,Proper - 17,Proper - 18,1932.49,1913.28,1152.13
Proper - 19,Muelle Loney St - Blumentritt Right,lapaz - 10,Luna St - Taytay Forbes,8500.0,1.0772,Blumentritt 1 (Rev),Proper - 18,Proper - 17,1932.49,1920.7,706.92
Proper - 19,Muelle Loney St - Blumentritt Right,lapuz - 2,Rizal St - Quirino-Lopez Bridge,5000.0,1.1734,Arroyo St,Proper - 12,Proper - 11,553.39,552.68,43.12
Proper - 19,Muelle Loney St - Blumentritt Right,lapuz - 2,Rizal St - Quirino-Lopez Bridge,5000.0,1.1734,Blumentritt 1,Proper - 17,Proper - 18,553.39,552.62,46.25
Proper - 19,Muelle Loney St - Blumentritt Right,lapuz - 2,Rizal St - Quirino-Lopez Bridge,5000.0,1.1734,Blumentritt 1 (Rev),Proper - 18,Proper - 17,553.39,526.63,1605.7
Proper - 19,Muelle Loney St - Blumentritt Right,lapuz - 4,Rizal St - New Iloilo Ferry Terminal Access Rd,5500.0,1.2414,Arroyo St,Proper - 12,Proper - 11,1139.8,1135.3,269.88
Proper - 19,Muelle Loney St - Blumentritt Right,lapuz - 4,Rizal St - New Iloilo Ferry Terminal Access Rd,5500.0,1.2414,Blumentritt 1,Proper - 17,Proper - 18,1139.8,1130.52,556.92
Proper - 19,Muelle Loney St - Blumentritt Right,lapuz - 6,Rizal St - Lapuz-Mansaya-Roboc Rd,4000.0,1.0729,Blumentritt 1,Proper - 17,Proper - 18,674.95,667.97,418.52
Proper - 19,Muelle Loney St - Blumentritt Right,lapuz - 6,Rizal St - Lapuz-Mansaya-Roboc Rd,4000.0,1.0729,Blumentritt 1 (Rev),Proper - 18,Proper - 17,674.95,671.63,199.06
Proper - 19,Muelle Loney St - Blumentritt Right,lapuz - 7,Lapuz-Mansaya-Roboc Rd - Coastal Rd,2500.0,1.0452,Blumentritt 1,Proper - 17,Proper - 18,345.8,342.41,203.14
Proper - 20,De la Rama St,Molo - 6,Locsin St. - Baluarte - Calumpag - Villa - Oton Blvd,3000.0,1.0266,Infante St 2,Proper - 2,Proper - 3,468.02,466.59,85.53
Proper - 20,De la Rama St,mandurriao - 2,Mandurriao - Jaro Rd - Mandurriao - Sn Miguel Rd,3500.0,1.0271,Infante St 1 (Rev),Proper - 2,Proper - 1,889.61,884.32,317.91
Proper - 20,De la Rama St,mandurriao - 2,Mandurriao - Jaro Rd - Mandurriao - Sn Miguel Rd,3500.0,1.0271,JM Basa St 1 (Rev),Proper - 13,Proper - 11,889.61,877.59,721.48
Proper - 20,De la Rama St,mandurriao - 3,Mandurriao - Sn Miguel Rd - R Mapa St,3500.0,1.0257,Infante St 1 (Rev),Proper - 2,Proper - 1,939.37,934.07,317.91
Proper - 20,De la Rama St,mandurriao - 3,Mandurriao - Sn Miguel Rd - R Mapa St,3500.0,1.0257,JM Basa St 1 (Rev),Proper - 13,Proper - 11,939.37,927.35,721.48
Proper - 20,De la Rama St,mandurriao - 4,R Mapa St - Mandurriao - Jaro Rd,3000.0,1.0194,Infante St 1 (Rev),Proper - 2,Proper - 1,648.48,642.9,334.43
Proper - 20,De la Rama St,mandurriao - 6,R Mapa St - Donato Pison Ave,2500.0,1.1218,Rotunda,Molo - 7,Molo - 8,521.88,520.69,71.0
Proper - 20,De la Rama St,mandurriao - 6,R Mapa St - Donato Pison Ave,2500.0,1.1218,San Marcos St,Molo - 8,Molo - 3,521.88,520.69,71.0
Proper - 20,De la Rama St,mandurriao - 6,R Mapa St - Donato Pison Ave,2500.0,1.1218,Gen Luna - Molo Connect,Proper - 1,Molo - 7,521.88,520.69,71.0
Proper - 20,De la Rama St,mandurriao - 6,R Mapa St - Donato Pison Ave,2500.0,1.1218,Arroyo St,Proper - 12,Proper - 11,521.88,519.48,143.59
Proper - 20,De la Rama St,mandurriao - 7,Tabucan Mandurriao,3500.0,1.0375,Rotunda,Molo - 7,Molo - 8,1217.9,1216.59,78.95
Proper - 20,De la Rama St,mandurriao - 7,Tabucan Mandurriao,3500.0,1.0375,San Marcos St,Molo - 8,Molo - 3,1217.9,1216.59,78.95
Proper - 20,De la Rama St,mandurriao - 7,Tabucan Mandurriao,3500.0,1.0375,Gen Luna - Molo Connect,Proper - 1,Molo - 7,1217.9,1216.59,78.95
Proper - 20,De la Rama St,mandurriao - 7,Tabucan Mandurriao,3500.0,1.0375,Timawa St (Rev),Proper - 2,Molo - 5,1217.9,1216.59,78.64
Proper - 20,De la Rama St,jaro - 2,Commission Civil St - Burgos St,2500.0,1.0573,Gen Luna St 3 (Rev),Proper - 9,Proper - 8,416.71,413.29,205.25
Proper - 20,De la Rama St,jaro - 2,Commission Civil St - Burgos St,2500.0,1.0573,Huervana St - Rizal St,lapaz - 1,lapaz - 2,416.71,408.14,513.89
Proper - 20,De la Rama St,jaro - 7,Plaza Rizal St - El 98 St,2000.0,1.0112,Gen Luna St 1 (Rev),Proper - 7,Proper - 1,269.63,269.44,11.4
Proper - 20,De la Rama St,jaro - 8,Iloilo-Capiz Rd - Lopez Jaena St,3500.0,1.0455,Ruperto Montinola St 1 (Rev),Proper - 10,Proper - 8,1038.95,1034.21,284.0
Proper - 20,De la Rama St,jaro - 9,Iloilo-Capiz Rd - Balabago Rd,3500.0,1.1224,Gen Luna St 3,Proper - 8,Proper - 9,1078.13,1077.76,22.48
Proper - 20,De la Rama St,jaro - 9,Iloilo-Capiz Rd - Balabago Rd,3500.0,1.1224,Gen Luna St 3 (Rev),Proper - 9,Proper - 8,1078.13,1072.16,358.37
Proper - 20,De la Rama St,jaro - 9,Iloilo-Capiz Rd - Balabago Rd,3500.0,1.1224,Delgado St (Rev),Proper - 10,Proper - 2,1078.13,1075.07,183.43
Proper - 20,De la Rama St,jaro - 9,Iloilo-Capiz Rd - Balabago Rd,3500.0,1.1224,E Lopez St,jaro - 1,jaro - 4,1078.13,1065.32,768.66
Proper - 20,De la Rama St,jaro - 9,Iloilo-Capiz Rd - Balabago Rd,3500.0,1.1224,Luna St - Huervana St (Rev),lapaz - 1,lapaz - 3,1078.13,1074.72,204.55
Proper - 20,De la Rama St,jaro - 9,Iloilo-Capiz Rd - Balabago Rd,3500.0,1.1224,Huervana St - Rizal St,lapaz - 1,lapaz - 2,1078.13,1075.55,154.6
Proper - 20,De la Rama St,jaro - 9,Iloilo-Capiz Rd - Balabago Rd,3500.0,1.1224,Luna St,lapaz - 3,jaro - 1,1078.13,1065.32,768.66
Proper - 21,Fort San Pedro Dr - Muelle Loney St,Molo - 9,M.H Del Pilar St. 2,4000.0,1.0706,Infante St 2 (Rev),Proper - 3,Proper - 2,597.12,594.29,169.94
Proper - 21,Fort San Pedro Dr - Muelle Loney St,Molo - 10,M.H Del Pilar St. 2,4000.0,1.0704,Infante St 2 (Rev),Proper - 3,Proper - 2,599.33,596.49,169.94
Proper - 21,Fort San Pedro Dr - Muelle Loney St,Proper - 2,Delgado St - Infante St,6000.0,1.0181,Arroyo St,Proper - 12,Proper - 11,782.17,768.02,848.8
Proper - 21,Fort San Pedro Dr - Muelle Loney St,Proper - 4,Baluarte - Calumpang - Villa - Oton Blvd - Infante St,6000.0,1.1251,Infante St 2,Proper - 2,Proper - 3,1038.84,1037.07,106.09
Proper - 21,Fort San Pedro Dr - Muelle Loney St,Proper - 4,Baluarte - Calumpang - Villa - Oton Blvd - Infante St,6000.0,1.1251,Blumentritt 1,Proper - 17,Proper - 18,1038.84,1034.47,262.26
Proper - 21,Fort San Pedro Dr - Muelle Loney St,Proper - 5,Baluarte - Calumpang - Villa - Oton Blvd - Rizal St,4500.0,1.1266,Ledesma St (Rev),Proper - 11,Proper - 6,534.22,529.3,295.78
Proper - 21,Fort San Pedro Dr - Muelle Loney St,Proper - 6,Ledesma St - Rizal St,7000.0,1.0544,Blumentritt 1,Proper - 17,Proper - 18,1021.66,1015.04,397.57
Proper - 21,Fort San Pedro Dr - Muelle Loney St,Proper - 10,Delgado St - Ruperto Montinola St,1500.0,1.0281,Dela Rama St 1 (Rev),Proper - 17,Proper - 13,85.71,85.67,2.86
Proper - 21,Fort San Pedro Dr - Muelle Loney St,Proper - 11,Ledesma St - Ruperto Montinola St,1500.0,1.0299,Dela Rama St 1 (Rev),Proper - 17,Proper - 13,80.68,80.63,2.86
Proper - 21,Fort San Pedro Dr - Muelle Loney St,Proper - 12,Arroyo St - Muelle Loney St,2000.0,1.1177,Blumentritt 1,Proper - 17,Proper - 18,117.5,116.37,67.64
Proper - 21,Fort San Pedro Dr - Muelle Loney St,Proper - 18,Muelle Loney St - Blumentritt Left,6000.0,1.1324,Blumentritt 2,Proper - 17,Proper - 19,495.84,473.43,1344.95
Proper - 21,Fort San Pedro Dr - Muelle Loney St,mandurriao - 6,R Mapa St - Donato Pison Ave,2500.0,1.1122,Timawa St (Rev),Proper - 2,Molo - 5,514.93,513.1,110.29
Proper - 21,Fort San Pedro Dr - Muelle Loney St,mandurriao - 6,R Mapa St - Donato Pison Ave,2500.0,1.1122,Arroyo St,Proper - 12,Proper - 11,514.93,514.37,33.98
Proper - 21,Fort San Pedro Dr - Muelle Loney St,mandurriao - 7,Tabucan Mandurriao,2500.0,1.0988,Timawa St (Rev),Proper - 2,Molo - 5,577.46,575.61,111.18
Proper - 21,Fort San Pedro Dr - Muelle Loney St,mandurriao - 7,Tabucan Mandurriao,2500.0,1.0988,Arroyo St,Proper - 12,Proper - 11,577.46,576.89,33.98
Proper - 21,Fort San Pedro Dr - Muelle Loney St,jaro - 1,E Lopez St - Luna St,4500.0,1.1142,JM Basa St 2 (Rev),Proper - 14,Proper - 13,766.48,761.67,288.78
Proper - 21,Fort San Pedro Dr - Muelle Loney St,jaro - 2,Commission Civil St - Burgos St,2000.0,1.0871,Gen Luna St 3 (Rev),Proper - 9,Proper - 8,327.7,324.86,169.97
Proper - 21,Fort San Pedro Dr - Muelle Loney St,jaro - 2,Commission Civil St - Burgos St,2000.0,1.0871,Dela Rama St 1 (Rev),Proper - 17,Proper - 13,327.7,326.89,48.43
Proper - 21,Fort San Pedro Dr - Muelle Loney St,jaro - 2,Commission Civil St - Burgos St,2000.0,1.0871,Huervana St - Rizal St,lapaz - 1,lapaz - 2,327.7,325.79,114.5
Proper - 21,Fort San Pedro Dr - Muelle Loney St,jaro - 4,Plaza Rizal St - E Lopez St,2000.0,1.0322,Gen Luna St 3 (Rev),Proper - 9,Proper - 8,283.89,283.29,35.62
Proper - 21,Fort San Pedro Dr - Muelle Loney St,jaro - 5,Plaza Rizal St - Commission Civil St,2000.0,1.0315,Gen Luna St 3 (Rev),Proper - 9,Proper - 8,289.93,289.33,35.62
Proper - 21,Fort San Pedro Dr - Muelle Loney St,jaro - 6,Plaza Rizal St - Iloilo-Capiz Rd/Lopez Jaena St,2000.0,1.0302,Gen Luna St 3 (Rev),Proper - 9,Proper - 8,301.5,300.91,35.62
Proper - 21,Fort San Pedro Dr - Muelle Loney St,jaro - 8,Iloilo-Capiz Rd - Lopez Jaena St,2500.0,1.127,Gen Luna St 3 (Rev),Proper - 9,Proper - 8,575.39,574.48,54.81
Proper - 21,Fort San Pedro Dr - Muelle Loney St,jaro - 8,Iloilo-Capiz Rd - Lopez Jaena St,2500.0,1.127,Ruperto Montinola St 1 (Rev),Proper - 10,Proper - 8,575.39,573.45,116.9
Proper - 21,Fort San Pedro Dr - Muelle Loney St,jaro - 8,Iloilo-Capiz Rd - Lopez Jaena St,2500.0,1.127,Ruperto Montinola St 2 (Rev),Proper - 11,Proper - 10,575.39,573.45,116.9
Proper - 21,Fort San Pedro Dr - Muelle Loney St,jaro - 8,Iloilo-Capiz Rd - Lopez Jaena St,2500.0,1.127,Muelle Loney St 1 (Rev),Proper - 12,Proper - 9,575.39,574.38,60.83
Proper - 21,Fort San Pedro Dr - Muelle Loney St,jaro - 8,Iloilo-Capiz Rd - Lopez Jaena St,2500.0,1.127,JM Basa St 1 (Rev),Proper - 13,Proper - 11,575.39,573.45,116.9
Proper - 21,Fort San Pedro Dr - Muelle Loney St,jaro - 8,Iloilo-Capiz Rd - Lopez Jaena St,2500.0,1.127,JM Basa St 2 (Rev),Proper - 14,Proper - 13,575.39,572.7,161.73
Proper - 21,Fort San Pedro Dr - Muelle Loney St,jaro - 8,Iloilo-Capiz Rd - Lopez Jaena St,2500.0,1.127,Dela Rama St 1 (Rev),Proper - 17,Proper - 13,575.39,574.77,37.72
Proper - 21,Fort San Pedro Dr - Muelle Loney St,jaro - 8,Iloilo-Capiz Rd - Lopez Jaena St,2500.0,1.127,Blumentritt 1,Proper - 17,Proper - 18,575.39,575.05,20.41
Proper - 21,Fort San Pedro Dr - Muelle Loney St,jaro - 8,Iloilo-Capiz Rd - Lopez Jaena St,2500.0,1.127,Muelle Loney St 2 (Rev),Proper - 18,Proper - 12,575.39,575.05,20.41
Proper - 21,Fort San Pedro Dr - Muelle Loney St,jaro - 8,Iloilo-Capiz Rd - Lopez Jaena St,2500.0,1.127,Luna St - Huervana St (Rev),lapaz - 1,lapaz - 3,575.39,573.24,129.3
Proper - 21,Fort San Pedro Dr - Muelle Loney St,jaro - 9,Iloilo-Capiz Rd - Balabago Rd,3000.0,1.1815,Gen Luna St 3 (Rev),Proper - 9,Proper - 8,757.05,750.37,400.95
Proper - 21,Fort San Pedro Dr - Muelle Loney St,jaro - 9,Iloilo-Capiz Rd - Balabago Rd,3000.0,1.1815,E Lopez St,jaro - 1,jaro - 4,757.05,740.93,967.48
Proper - 21,Fort San Pedro Dr - Muelle Loney St,jaro - 9,Iloilo-Capiz Rd - Balabago Rd,3000.0,1.1815,Luna St - Huervana St (Rev),lapaz - 1,lapaz - 3,757.05,755.28,105.99
Proper - 21,Fort San Pedro Dr - Muelle Loney St,jaro - 9,Iloilo-Capiz Rd - Balabago Rd,3000.0,1.1815,Luna St,lapaz - 3,jaro - 1,757.05,740.93,967.48
Proper - 21,Fort San Pedro Dr - Muelle Loney St,jaro - 10,Balabago Rd - Iloilo Circumferential Rd 1,3500.0,1.0593,Gen Luna St 3 (Rev),Proper - 9,Proper - 8,830.14,826.72,205.19
Proper - 21,Fort San Pedro Dr - Muelle Loney St,jaro - 10,Balabago Rd - Iloilo Circumferential Rd 1,3500.0,1.0593,Dela Rama St 1 (Rev),Proper - 17,Proper - 13,830.14,829.37,46.29
Proper - 21,Fort San Pedro Dr - Muelle Loney St,jaro - 10,Balabago Rd - Iloilo Circumferential Rd 1,3500.0,1.0593,Huervana St - Rizal St,lapaz - 1,lapaz - 2,830.14,815.07,904.31
Proper - 21,Fort San Pedro Dr - Muelle Loney St,jaro - 10,Balabago Rd - Iloilo Circumferential Rd 1,3500.0,1.0593,Huervana St - Burgos St,lapaz - 2,lapaz - 4,830.14,824.28,351.61
Proper - 21,Fort San Pedro Dr - Muelle Loney St,jaro - 10,Balabago Rd - Iloilo Circumferential Rd 1,3500.0,1.0593,Huervana St - Jereos St,lapaz - 4,lapaz - 5,830.14,824.28,351.61
Proper - 21,Fort San Pedro Dr - Muelle Loney St,jaro - 10,Balabago Rd - Iloilo Circumferential Rd 1,3500.0,1.0593,Lopez Jaena St,lapaz - 5,lapaz - 8,830.14,824.28,351.61
Proper - 21,Fort San Pedro Dr - Muelle Loney St,jaro - 10,Balabago Rd - Iloilo Circumferential Rd 1,3500.0,1.0593,Baldoza St,lapaz - 8,lapaz - 9,830.14,824.28,351.61
Proper - 21,Fort San Pedro Dr - Muelle Loney St,jaro - 11,Iloilo Circumferential Rd 1 - Monfort Blvd,3500.0,1.1234,Bonifacio Drive,Proper - 7,lapaz - 10,833.33,832.9,25.74
Proper - 21,Fort San Pedro Dr - Muelle Loney St,jaro - 11,Iloilo Circumferential Rd 1 - Monfort Blvd,3500.0,1.1234,Gen Luna St 2 (Rev),Proper - 8,Proper - 7,833.33,832.9,25.74
Proper - 21,Fort San Pedro Dr - Muelle Loney St,jaro - 11,Iloilo Circumferential Rd 1 - Monfort Blvd,3500.0,1.1234,Gen Luna St 3,Proper - 8,Proper - 9,833.33,818.52,888.18
Proper - 21,Fort San Pedro Dr - Muelle Loney St,jaro - 11,Iloilo Circumferential Rd 1 - Monfort Blvd,3500.0,1.1234,Gen Luna St 3 (Rev),Proper - 9,Proper - 8,833.33,816.52,1008.67
Proper - 21,Fort San Pedro Dr - Muelle Loney St,jaro - 11,Iloilo Circumferential Rd 1 - Monfort Blvd,3500.0,1.1234,Dela Rama St 1 (Rev),Proper - 17,Proper - 13,833.33,832.61,43.15
Proper - 21,Fort San Pedro Dr - Muelle Loney St,jaro - 11,Iloilo Circumferential Rd 1 - Monfort Blvd,3500.0,1.1234,Blumentritt 1,Proper - 17,Proper - 18,833.33,824.6,523.4
Proper - 21,Fort San Pedro Dr - Muelle Loney St,jaro - 11,Iloilo Circumferential Rd 1 - Monfort Blvd,3500.0,1.1234,Huervana St - Rizal St,lapaz - 1,lapaz - 2,833.33,813.7,1177.74
Proper - 21,Fort San Pedro Dr - Muelle Loney St,jaro - 11,Iloilo Circumferential Rd 1 - Monfort Blvd,3500.0,1.1234,Huervana St - Burgos St,lapaz - 2,lapaz - 4,833.33,825.34,479.48
Proper - 21,Fort San Pedro Dr - Muelle Loney St,jaro - 11,Iloilo Circumferential Rd 1 - Monfort Blvd,3500.0,1.1234,Huervana St - Jereos St,lapaz - 4,lapaz - 5,833.33,825.34,479.48
Proper - 21,Fort San Pedro Dr - Muelle Loney St,jaro - 11,Iloilo Circumferential Rd 1 - Monfort Blvd,3500.0,1.1234,Lopez Jaena St,lapaz - 5,lapaz - 8,833.33,825.34,479.48
Proper - 21,Fort San Pedro Dr - Muelle Loney St,jaro - 11,Iloilo Circumferential Rd 1 - Monfort Blvd,3500.0,1.1234,Baldoza St,lapaz - 8,lapaz - 9,833.33,825.34,479.48
Proper - 21,Fort San Pedro Dr - Muelle Loney St,jaro - 11,Iloilo Circumferential Rd 1 - Monfort Blvd,3500.0,1.1234,Luna St - Esplanade 5 (Rev),lapaz - 10,lapaz - 1,833.33,832.9,25.74
Proper - 21,Fort San Pedro Dr - Muelle Loney St,jaro - 11,Iloilo Circumferential Rd 1 - Monfort Blvd,3500.0,1.1234,Rizal St - Ferry Terminal Access Rd,lapuz - 2,lapuz - 4,833.33,832.92,24.21
Proper - 21,Fort San Pedro Dr - Muelle Loney St,jaro - 11,Iloilo Circumferential Rd 1 - Monfort Blvd,3500.0,1.1234,Rizal St - Iloilo Airport Direct Rd,lapuz - 4,lapuz - 6,833.33,832.92,24.21
Proper - 21,Fort San Pedro Dr - Muelle Loney St,jaro - 11,Iloilo Circumferential Rd 1 - Monfort Blvd,3500.0,1.1234,Lapuz Mansaya Loboc Rd,lapuz - 6,lapuz - 7,833.33,832.92,24.21
Proper - 21,Fort San Pedro Dr - Muelle Loney St,jaro - 11,Iloilo Circumferential Rd 1 - Monfort Blvd,3500.0,1.1234,Coastal Rd (Rev),lapuz - 7,lapaz - 9,833.33,832.92,24.21
Proper - 21,Fort San Pedro Dr - Muelle Loney St,jaro - 12,Buhang Flyover,2500.0,1.0563,Gen Luna St 3 (Rev),Proper - 9,Proper - 8,577.14,568.92,492.93
Proper - 21,Fort San Pedro Dr - Muelle Loney St,jaro - 12,Buhang Flyover,2500.0,1.0563,Dela Rama St 1 (Rev),Proper - 17,Proper - 13,577.14,577.04,5.86
Proper - 21,Fort San Pedro Dr - Muelle Loney St,jaro - 12,Buhang Flyover,2500.0,1.0563,Huervana St - Rizal St,lapaz - 1,lapaz - 2,577.14,567.76,562.66
Proper - 21,Fort San Pedro Dr - Muelle Loney St,jaro - 12,Buhang Flyover,2500.0,1.0563,Huervana St - Burgos St,lapaz - 2,lapaz - 4,577.14,572.72,265.23
Proper - 21,Fort San Pedro Dr - Muelle Loney St,jaro - 12,Buhang Flyover,2500.0,1.0563,Huervana St - Jereos St,lapaz - 4,lapaz - 5,577.14,572.72,265.23
Proper - 21,Fort San Pedro Dr - Muelle Loney St,jaro - 12,Buhang Flyover,2500.0,1.0563,Lopez Jaena St,lapaz - 5,lapaz - 8,577.14,572.72,265.23
Proper - 21,Fort San Pedro Dr - Muelle Loney St,jaro - 12,Buhang Flyover,2500.0,1.0563,Baldoza St,lapaz - 8,lapaz - 9,577.14,572.72,265.23
Proper - 21,Fort San Pedro Dr - Muelle Loney St,jaro - 13,Buhang Flyover,2000.0,1.0121,Gen Luna St 3 (Rev),Proper - 9,Proper - 8,448.29,446.13,129.22
Proper - 21,Fort San Pedro Dr - Muelle Loney St,jaro - 14,Iloilo-Capiz Rd - Iloilo Circumferential Rd 1,2000.0,1.0324,Gen Luna St 3 (Rev),Proper - 9,Proper - 8,444.93,442.32,156.47
Proper - 21,Fort San Pedro Dr - Muelle Loney St,jaro - 14,Iloilo-Capiz Rd - Iloilo Circumferential Rd 1,2000.0,1.0324,Huervana St - Rizal St,lapaz - 1,lapaz - 2,444.93,444.58,21.24
Proper - 21,Fort San Pedro Dr - Muelle Loney St,jaro - 16,Old Lopez Jaena St - Old Iloilo-Capiz Rd,5000.0,1.0517,Dela Rama St 1,Proper - 13,Proper - 17,1224.37,1222.65,102.85
Proper - 21,Fort San Pedro Dr - Muelle Loney St,jaro - 17,Iloilo-Capiz Rd - Old Iloilo-Capiz Rd,5000.0,1.0524,Gen Luna St 1 (Rev),Proper - 7,Proper - 1,1204.49,1203.39,66.26
Proper - 21,Fort San Pedro Dr - Muelle Loney St,jaro - 17,Iloilo-Capiz Rd - Old Iloilo-Capiz Rd,5000.0,1.0524,Dela Rama St 1,Proper - 13,Proper - 17,1204.49,1200.78,223.05
Proper - 21,Fort San Pedro Dr - Muelle Loney St,jaro - 19,Monfort Blvd,4500.0,1.1661,Gen Luna St 3,Proper - 8,Proper - 9,1157.6,1118.17,2366.13
Proper - 21,Fort San Pedro Dr - Muelle Loney St,jaro - 19,Monfort Blvd,4500.0,1.1661,Gen Luna St 3 (Rev),Proper - 9,Proper - 8,1157.6,1126.32,1876.98
Proper - 21,Fort San Pedro Dr - Muelle Loney St,jaro - 19,Monfort Blvd,4500.0,1.1661,Blumentritt 1,Proper - 17,Proper - 18,1157.6,1125.62,1918.92
Proper - 21,Fort San Pedro Dr - Muelle Loney St,jaro - 19,Monfort Blvd,4500.0,1.1661,Huervana St - Rizal St,lapaz - 1,lapaz - 2,1157.6,1146.89,642.98
Proper - 21,Fort San Pedro Dr - Muelle Loney St,jaro - 20,Coastal Rd - Leganes,3500.0,1.0465,Bonifacio Drive,Proper - 7,lapaz - 10,1147.07,1145.14,115.93
Proper - 21,Fort San Pedro Dr - Muelle Loney St,jaro - 20,Coastal Rd - Leganes,3500.0,1.0465,Gen Luna St 2 (Rev),Proper - 8,Proper - 7,1147.07,1145.14,115.93
Proper - 21,Fort San Pedro Dr - Muelle Loney St,jaro - 20,Coastal Rd - Leganes,3500.0,1.0465,Gen Luna St 3,Proper - 8,Proper - 9,1147.07,1132.27,888.18
Proper - 21,Fort San Pedro Dr - Muelle Loney St,jaro - 20,Coastal Rd - Leganes,3500.0,1.0465,Gen Luna St 3 (Rev),Proper - 9,Proper - 8,1147.07,1130.26,1008.67
Proper - 21,Fort San Pedro Dr - Muelle Loney St,jaro - 20,Coastal Rd - Leganes,3500.0,1.0465,Ruperto Montinola St 1 (Rev),Proper - 10,Proper - 8,1147.07,1147.05,1.05
Proper - 21,Fort San Pedro Dr - Muelle Loney St,jaro - 20,Coastal Rd - Leganes,3500.0,1.0465,Ruperto Montinola St 2 (Rev),Proper - 11,Proper - 10,1147.07,1147.05,1.05
Proper - 21,Fort San Pedro Dr - Muelle Loney St,jaro - 20,Coastal Rd - Leganes,3500.0,1.0465,JM Basa St 2 (Rev),Proper - 14,Proper - 13,1147.07,1144.69,142.63
Proper - 21,Fort San Pedro Dr - Muelle Loney St,jaro - 20,Coastal Rd - Leganes,3500.0,1.0465,Dela Rama St 1 (Rev),Proper - 17,Proper - 13,1147.07,1146.35,43.15
Proper - 21,Fort San Pedro Dr - Muelle Loney St,jaro - 20,Coastal Rd - Leganes,3500.0,1.0465,Blumentritt 1,Proper - 17,Proper - 18,1147.07,1138.02,543.04
Proper - 21,Fort San Pedro Dr - Muelle Loney St,jaro - 20,Coastal Rd - Leganes,3500.0,1.0465,Huervana St - Rizal St,lapaz - 1,lapaz - 2,1147.07,1127.35,1182.87
Proper - 21,Fort San Pedro Dr - Muelle Loney St,jaro - 20,Coastal Rd - Leganes,3500.0,1.0465,Huervana St - Burgos St,lapaz - 2,lapaz - 4,1147.07,1137.92,549.04
Proper - 21,Fort San Pedro Dr - Muelle Loney St,jaro - 20,Coastal Rd - Leganes,3500.0,1.0465,Huervana St - Jereos St,lapaz - 4,lapaz - 5,1147.07,1137.92,549.04
Proper - 21,Fort San Pedro Dr - Muelle Loney St,jaro - 20,Coastal Rd - Leganes,3500.0,1.0465,Lopez Jaena St,lapaz - 5,lapaz - 8,1147.07,1137.92,549.04
Proper - 21,Fort San Pedro Dr - Muelle Loney St,jaro - 20,Coastal Rd - Leganes,3500.0,1.0465,Baldoza St,lapaz - 8,lapaz - 9,1147.07,1137.92,549.04
Proper - 21,Fort San Pedro Dr - Muelle Loney St,jaro - 20,Coastal Rd - Leganes,3500.0,1.0465,Luna St - Esplanade 5 (Rev),lapaz - 10,lapaz - 1,1147.07,1145.14,115.93
Proper - 21,Fort San Pedro Dr - Muelle Loney St,jaro - 20,Coastal Rd - Leganes,3500.0,1.0465,Rizal St - Ferry Terminal Access Rd,lapuz - 2,lapuz - 4,1147.07,1146.66,24.21
Proper - 21,Fort San Pedro Dr - Muelle Loney St,jaro - 20,Coastal Rd - Leganes,3500.0,1.0465,Rizal St - Iloilo Airport Direct Rd,lapuz - 4,lapuz - 6,1147.07,1146.66,24.21
Proper - 21,Fort San Pedro Dr - Muelle Loney St,jaro - 20,Coastal Rd - Leganes,3500.0,1.0465,Lapuz Mansaya Loboc Rd,lapuz - 6,lapuz - 7,1147.07,1146.66,24.21
Proper - 21,Fort San Pedro Dr - Muelle Loney St,jaro - 20,Coastal Rd - Leganes,3500.0,1.0465,Coastal Rd (Rev),lapuz - 7,lapaz - 9,1147.07,1146.66,24.21
Proper - 21,Fort San Pedro Dr - Muelle Loney St,jaro - 21,Iloilo R4 Rd - Leganes,2500.0,1.0191,Gen Luna St 3 (Rev),Proper - 9,Proper - 8,737.54,732.39,308.69
Proper - 21,Fort San Pedro Dr - Muelle Loney St,jaro - 21,Iloilo R4 Rd - Leganes,2500.0,1.0191,Huervana St - Rizal St,lapaz - 1,lapaz - 2,737.54,730.7,410.28
Proper - 21,Fort San Pedro Dr - Muelle Loney St,jaro - 24,Old Iloilo-Capiz Rd - Pavia,5500.0,1.0162,Gen Luna St 1 (Rev),Proper - 7,Proper - 1,1436.54,1433.47,184.69
Proper - 21,Fort San Pedro Dr - Muelle Loney St,jaro - 24,Old Iloilo-Capiz Rd - Pavia,5500.0,1.0162,Delgado St (Rev),Proper - 10,Proper - 2,1436.54,1434.92,97.22
Proper - 21,Fort San Pedro Dr - Muelle Loney St,lapaz - 1,Luna St - Huervana St,3500.0,1.0318,Gen Luna St 3,Proper - 8,Proper - 9,365.65,365.46,11.24
Proper - 21,Fort San Pedro Dr - Muelle Loney St,lapaz - 1,Luna St - Huervana St,3500.0,1.0318,Gen Luna St 3 (Rev),Proper - 9,Proper - 8,365.65,354.28,682.13
Proper - 21,Fort San Pedro Dr - Muelle Loney St,lapaz - 1,Luna St - Huervana St,3500.0,1.0318,Dela Rama St 1 (Rev),Proper - 17,Proper - 13,365.65,365.03,37.43
Proper - 21,Fort San Pedro Dr - Muelle Loney St,lapaz - 2,Rizal St - Luna St,8000.0,1.0523,Gen Luna St 3,Proper - 8,Proper - 9,1776.26,1637.27,8339.4
Proper - 21,Fort San Pedro Dr - Muelle Loney St,lapaz - 2,Rizal St - Luna St,8000.0,1.0523,Blumentritt 1 (Rev),Proper - 18,Proper - 17,1776.26,1772.36,234.57
Proper - 21,Fort San Pedro Dr - Muelle Loney St,lapaz - 3,Luna St - Luna St,8000.0,1.0699,Gen Luna St 3,Proper - 8,Proper - 9,1813.08,1661.65,9085.82
Proper - 21,Fort San Pedro Dr - Muelle Loney St,lapaz - 3,Luna St - Luna St,8000.0,1.0699,Arroyo St (Rev),Proper - 11,Proper - 12,1813.08,1801.99,665.0
Proper - 21,Fort San Pedro Dr - Muelle Loney St,lapaz - 3,Luna St - Luna St,8000.0,1.0699,JM Basa St 2 (Rev),Proper - 14,Proper - 13,1813.08,1801.36,703.04
Proper - 21,Fort San Pedro Dr - Muelle Loney St,lapaz - 3,Luna St - Luna St,8000.0,1.0699,Blumentritt 1,Proper - 17,Proper - 18,1813.08,1809.84,194.07
Proper - 21,Fort San Pedro Dr - Muelle Loney St,lapaz - 3,Luna St - Luna St,8000.0,1.0699,Blumentritt 1 (Rev),Proper - 18,Proper - 17,1813.08,1811.03,122.93
Proper - 21,Fort San Pedro Dr - Muelle Loney St,lapaz - 3,Luna St - Luna St,8000.0,1.0699,Huervana St - Rizal St,lapaz - 1,lapaz - 2,1813.08,1803.74,559.91
Proper - 21,Fort San Pedro Dr - Muelle Loney St,lapaz - 4,Huervana St - Burgos St,6500.0,1.0888,Gen Luna St 3,Proper - 8,Proper - 9,1414.48,1408.9,335.05
Proper - 21,Fort San Pedro Dr - Muelle Loney St,lapaz - 4,Huervana St - Burgos St,6500.0,1.0888,Gen Luna St 3 (Rev),Proper - 9,Proper - 8,1414.48,1400.92,813.75
Proper - 21,Fort San Pedro Dr - Muelle Loney St,lapaz - 4,Huervana St - Burgos St,6500.0,1.0888,JM Basa St 2 (Rev),Proper - 14,Proper - 13,1414.48,1397.77,1002.98
Proper - 21,Fort San Pedro Dr - Muelle Loney St,lapaz - 4,Huervana St - Burgos St,6500.0,1.0888,Blumentritt 1,Proper - 17,Proper - 18,1414.48,1375.59,2333.53
Proper - 21,Fort San Pedro Dr - Muelle Loney St,lapaz - 4,Huervana St - Burgos St,6500.0,1.0888,Jereos St - Huervana Ext,lapaz - 5,lapaz - 6,1414.48,1409.57,295.0
Proper - 21,Fort San Pedro Dr - Muelle Loney St,lapaz - 4,Huervana St - Burgos St,6500.0,1.0888,Huervana Ext,lapaz - 6,lapaz - 7,1414.48,1409.57,295.0
Proper - 21,Fort San Pedro Dr - Muelle Loney St,lapaz - 4,Huervana St - Burgos St,6500.0,1.0888,Lopez Jaena St (Rev),lapaz - 8,lapaz - 5,1414.48,1409.57,295.0
Proper - 21,Fort San Pedro Dr - Muelle Loney St,lapaz - 4,Huervana St - Burgos St,6500.0,1.0888,Baldoza St (Rev),lapaz - 9,lapaz - 8,1414.48,1409.57,295.0
Proper - 21,Fort San Pedro Dr - Muelle Loney St,lapaz - 4,Huervana St - Burgos St,6500.0,1.0888,Rizal St - Ferry Terminal Access Rd,lapuz - 2,lapuz - 4,1414.48,1409.57,295.0
Proper - 21,Fort San Pedro Dr - Muelle Loney St,lapaz - 4,Huervana St - Burgos St,6500.0,1.0888,Rizal St - Iloilo Airport Direct Rd,lapuz - 4,lapuz - 6,1414.48,1409.57,295.0
Proper - 21,Fort San Pedro Dr - Muelle Loney St,lapaz - 4,Huervana St - Burgos St,6500.0,1.0888,Lapuz Mansaya Loboc Rd,lapuz - 6,lapuz - 7,1414.48,1409.57,295.0
Proper - 21,Fort San Pedro Dr - Muelle Loney St,lapaz - 4,Huervana St - Burgos St,6500.0,1.0888,Coastal Rd (Rev),lapuz - 7,lapaz - 9,1414.48,1409.57,295.0
Proper - 21,Fort San Pedro Dr - Muelle Loney St,lapaz - 5,Huervana St - Jereos St,6500.0,1.0233,Gen Luna St 3,Proper - 8,Proper - 9,1451.34,1426.91,1465.74
Proper - 21,Fort San Pedro Dr - Muelle Loney St,lapaz - 5,Huervana St - Jereos St,6500.0,1.0233,Blumentritt 1,Proper - 17,Proper - 18,1451.34,1403.82,2851.02
Proper - 21,Fort San Pedro Dr - Muelle Loney St,lapaz - 5,Huervana St - Jereos St,6500.0,1.0233,Rizal St - Huervana St (Rev),lapuz - 2,lapaz - 2,1451.34,1444.07,436.35
Proper - 21,Fort San Pedro Dr - Muelle Loney St,lapaz - 7,Huervana Ext - Burgos St,5500.0,1.0983,Gen Luna St 3,Proper - 8,Proper - 9,1116.52,1071.25,2715.86
Proper - 21,Fort San Pedro Dr - Muelle Loney St,lapaz - 7,Huervana Ext - Burgos St,5500.0,1.0983,Gen Luna St 3 (Rev),Proper - 9,Proper - 8,1116.52,1060.19,3380.02
Proper - 21,Fort San Pedro Dr - Muelle Loney St,lapaz - 7,Huervana Ext - Burgos St,5500.0,1.0983,JM Basa St 1 (Rev),Proper - 13,Proper - 11,1116.52,1115.59,55.92
Proper - 21,Fort San Pedro Dr - Muelle Loney St,lapaz - 7,Huervana Ext - Burgos St,5500.0,1.0983,JM Basa St 2 (Rev),Proper - 14,Proper - 13,1116.52,1108.81,462.75
Proper - 21,Fort San Pedro Dr - Muelle Loney St,lapaz - 7,Huervana Ext - Burgos St,5500.0,1.0983,Blumentritt 1,Proper - 17,Proper - 18,1116.52,1059.17,3441.07
Proper - 21,Fort San Pedro Dr - Muelle Loney St,lapaz - 8,Lopez Jaena St - Baldoza St,4000.0,1.0279,Gen Luna St 3,Proper - 8,Proper - 9,654.54,649.55,299.46
Proper - 21,Fort San Pedro Dr - Muelle Loney St,lapaz - 8,Lopez Jaena St - Baldoza St,4000.0,1.0279,Gen Luna St 3 (Rev),Proper - 9,Proper - 8,654.54,644.97,574.2
Proper - 21,Fort San Pedro Dr - Muelle Loney St,lapaz - 9,Baldoza St - Monfort Blvd,7500.0,1.076,Gen Luna St 3,Proper - 8,Proper - 9,2200.31,2083.18,7027.36
Proper - 21,Fort San Pedro Dr - Muelle Loney St,lapaz - 9,Baldoza St - Monfort Blvd,7500.0,1.076,Blumentritt 1 (Rev),Proper - 18,Proper - 17,2200.31,2196.32,239.13
Proper - 21,Fort San Pedro Dr - Muelle Loney St,lapaz - 10,Luna St - Taytay Forbes,4000.0,1.0408,Gen Luna St 3 (Rev),Proper - 9,Proper - 8,448.95,431.51,1046.25
Proper - 21,Fort San Pedro Dr - Muelle Loney St,lapaz - 10,Luna St - Taytay Forbes,4000.0,1.0408,Blumentritt 1,Proper - 17,Proper - 18,448.95,443.48,328.15
Proper - 21,Fort San Pedro Dr - Muelle Loney St,lapaz - 10,Luna St - Taytay Forbes,4000.0,1.0408,Blumentritt 2 (Rev),Proper - 19,Proper - 17,448.95,445.69,195.59
Proper - 22,Fort San Pedro Dr - General Hughes St,Molo - 3,Locsin St - San Marcos St.,4000.0,1.0985,Locsin St (Rev),Molo - 6,Molo - 5,607.35,606.06,77.27
Proper - 22,Fort San Pedro Dr - General Hughes St,Molo - 3,Locsin St - San Marcos St.,4000.0,1.0985,Timawa St (Rev),Proper - 2,Molo - 5,607.35,605.58,105.93
Proper - 22,Fort San Pedro Dr - General Hughes St,Molo - 3,Locsin St - San Marcos St.,4000.0,1.0985,Infante St 2 (Rev),Proper - 3,Proper - 2,607.35,606.89,27.13
Proper - 22,Fort San Pedro Dr - General Hughes St,Molo - 3,Locsin St - San Marcos St.,4000.0,1.0985,Infante St 3,Proper - 3,Proper - 4,607.35,606.06,77.27
Proper - 22,Fort San Pedro Dr - General Hughes St,Molo - 3,Locsin St - San Marcos St.,4000.0,1.0985,Molo Blvd 2 (Rev),Proper - 4,Molo - 6,607.35,606.06,77.27
Proper - 22,Fort San Pedro Dr - General Hughes St,Molo - 3,Locsin St - San Marcos St.,4000.0,1.0985,Ruperto Montinola St 2 (Rev),Proper - 11,Proper - 10,607.35,604.15,191.44
Proper - 22,Fort San Pedro Dr - General Hughes St,Molo - 4,Locsin St. - M.H Del Pilar St. 2,5500.0,1.0421,Ruperto Montinola St 1 (Rev),Proper - 10,Proper - 8,873.38,871.28,126.05
Proper - 22,Fort San Pedro Dr - General Hughes St,Molo - 4,Locsin St. - M.H Del Pilar St. 2,5500.0,1.0421,Arroyo St,Proper - 12,Proper - 11,873.38,869.94,206.47
Proper - 22,Fort San Pedro Dr - General Hughes St,Molo - 5,Locsin St. - Timawa St.,5500.0,1.0704,Infante St 2,Proper - 2,Proper - 3,885.91,882.63,196.94
Proper - 22,Fort San Pedro Dr - General Hughes St,Molo - 5,Locsin St. - Timawa St.,5500.0,1.0704,Infante St 2 (Rev),Proper - 3,Proper - 2,885.91,881.0,295.05
Proper - 22,Fort San Pedro Dr - General Hughes St,Molo - 5,Locsin St. - Timawa St.,5500.0,1.0704,Arroyo St,Proper - 12,Proper - 11,885.91,880.59,319.61
Proper - 22,Fort San Pedro Dr - General Hughes St,Molo - 7,San Marcos St. - MH del Pilar St. 1 (Rotunda),6500.0,1.0752,Infante St 2 (Rev),Proper - 3,Proper - 2,1119.87,1099.54,1219.43
Proper - 22,Fort San Pedro Dr - General Hughes St,Molo - 7,San Marcos St. - MH del Pilar St. 1 (Rotunda),6500.0,1.0752,Ruperto Montinola St 1 (Rev),Proper - 10,Proper - 8,1119.87,1118.21,99.36
Proper - 22,Fort San Pedro Dr - General Hughes St,Molo - 7,San Marcos St. - MH del Pilar St. 1 (Rotunda),6500.0,1.0752,Dela Rama St 1 (Rev),Proper - 17,Proper - 13,1119.87,1118.47,83.85
Proper - 22,Fort San Pedro Dr - General Hughes St,Molo - 7,San Marcos St. - MH del Pilar St. 1 (Rotunda),6500.0,1.0752,Blumentritt 1,Proper - 17,Proper - 18,1119.87,1115.71,249.35
Proper - 22,Fort San Pedro Dr - General Hughes St,Molo - 8,San Marcos St. - MH del Pilar St. 1 (Rotunda),4000.0,1.0439,Ruperto Montinola St 1 (Rev),Proper - 10,Proper - 8,546.88,541.85,301.66
Proper - 22,Fort San Pedro Dr - General Hughes St,Molo - 8,San Marcos St. - MH del Pilar St. 1 (Rotunda),4000.0,1.0439,Ruperto Montinola St 2 (Rev),Proper - 11,Proper - 10,546.88,545.84,62.38
Proper - 22,Fort San Pedro Dr - General Hughes St,Molo - 9,M.H Del Pilar St. 2,4000.0,1.0794,Infante St 1 (Rev),Proper - 2,Proper - 1,625.76,606.34,1164.88
Proper - 22,Fort San Pedro Dr - General Hughes St,Molo - 9,M.H Del Pilar St. 2,4000.0,1.0794,Infante St 2 (Rev),Proper - 3,Proper - 2,625.76,588.27,2249.3
Proper - 22,Fort San Pedro Dr - General Hughes St,Molo - 9,M.H Del Pilar St. 2,4000.0,1.0794,Ruperto Montinola St 1 (Rev),Proper - 10,Proper - 8,625.76,613.44,739.11
Proper - 22,Fort San Pedro Dr - General Hughes St,Molo - 10,M.H Del Pilar St. 2,4000.0,1.0791,Infante St 1 (Rev),Proper - 2,Proper - 1,627.96,608.55,1164.88
Proper - 22,Fort San Pedro Dr - General Hughes St,Molo - 10,M.H Del Pilar St. 2,4000.0,1.0791,Infante St 2 (Rev),Proper - 3,Proper - 2,627.96,590.47,2249.3
Proper - 22,Fort San Pedro Dr - General Hughes St,Molo - 10,M.H Del Pilar St. 2,4000.0,1.0791,Ruperto Montinola St 1 (Rev),Proper - 10,Proper - 8,627.96,615.64,739.11
Proper - 22,Fort San Pedro Dr - General Hughes St,Proper - 1,Gen Luna St - Infante St,4000.0,1.1341,Ruperto Montinola St 1 (Rev),Proper - 10,Proper - 8,482.02,476.99,301.66
Proper - 22,Fort San Pedro Dr - General Hughes St,Proper - 1,Gen Luna St - Infante St,4000.0,1.1341,Ruperto Montinola St 2 (Rev),Proper - 11,Proper - 10,482.02,480.98,62.38
Proper - 22,Fort San Pedro Dr - General Hughes St,Proper - 18,Muelle Loney St - Blumentritt Left,4500.0,1.0652,Blumentritt 2,Proper - 17,Proper - 19,294.88,281.5,803.0
Proper - 22,Fort San Pedro Dr - General Hughes St,Proper - 19,Muelle Loney St - Blumentritt Right,7000.0,1.1489,Blumentritt 1 (Rev),Proper - 18,Proper - 17,648.26,648.12,8.59
Proper - 22,Fort San Pedro Dr - General Hughes St,mandurriao - 1,Mandurriao - Jaro Rd - Old Iloilo - Capiz Rd,4000.0,1.1147,Ruperto Montinola St 1 (Rev),Proper - 10,Proper - 8,675.45,670.54,294.2
Proper - 22,Fort San Pedro Dr - General Hughes St,mandurriao - 1,Mandurriao - Jaro Rd - Old Iloilo - Capiz Rd,4000.0,1.1147,Ruperto Montinola St 2 (Rev),Proper - 11,Proper - 10,675.45,674.1,80.61
Proper - 22,Fort San Pedro Dr - General Hughes St,mandurriao - 2,Mandurriao - Jaro Rd - Mandurriao - Sn Miguel Rd,4000.0,1.0972,Timawa St (Rev),Proper - 2,Molo - 5,842.47,841.58,53.65
Proper - 22,Fort San Pedro Dr - General Hughes St,mandurriao - 2,Mandurriao - Jaro Rd - Mandurriao - Sn Miguel Rd,4000.0,1.0972,Infante St 1 (Rev),Proper - 2,Proper - 1,842.47,817.03,1526.5
Proper - 22,Fort San Pedro Dr - General Hughes St,mandurriao - 2,Mandurriao - Jaro Rd - Mandurriao - Sn Miguel Rd,4000.0,1.0972,Infante St 2 (Rev),Proper - 3,Proper - 2,842.47,795.49,2819.12
Proper - 22,Fort San Pedro Dr - General Hughes St,mandurriao - 2,Mandurriao - Jaro Rd - Mandurriao - Sn Miguel Rd,4000.0,1.0972,Ruperto Montinola St 1 (Rev),Proper - 10,Proper - 8,842.47,823.16,1158.8
Proper - 22,Fort San Pedro Dr - General Hughes St,mandurriao - 2,Mandurriao - Jaro Rd - Mandurriao - Sn Miguel Rd,4000.0,1.0972,Ruperto Montinola St 2 (Rev),Proper - 11,Proper - 10,842.47,842.05,25.25
Proper - 22,Fort San Pedro Dr - General Hughes St,mandurriao - 3,Mandurriao - Sn Miguel Rd - R Mapa St,4000.0,1.0884,Timawa St (Rev),Proper - 2,Molo - 5,919.01,918.12,53.65
Proper - 22,Fort San Pedro Dr - General Hughes St,mandurriao - 3,Mandurriao - Sn Miguel Rd - R Mapa St,4000.0,1.0884,Infante St 1 (Rev),Proper - 2,Proper - 1,919.01,893.57,1526.5
Proper - 22,Fort San Pedro Dr - General Hughes St,mandurriao - 3,Mandurriao - Sn Miguel Rd - R Mapa St,4000.0,1.0884,Infante St 2 (Rev),Proper - 3,Proper - 2,919.01,871.15,2871.39
Proper - 22,Fort San Pedro Dr - General Hughes St,mandurriao - 3,Mandurriao - Sn Miguel Rd - R Mapa St,4000.0,1.0884,Ruperto Montinola St 1 (Rev),Proper - 10,Proper - 8,919.01,898.93,1204.83
Proper - 22,Fort San Pedro Dr - General Hughes St,mandurriao - 3,Mandurriao - Sn Miguel Rd - R Mapa St,4000.0,1.0884,Ruperto Montinola St 2 (Rev),Proper - 11,Proper - 10,919.01,918.59,25.25
Proper - 22,Fort San Pedro Dr - General Hughes St,mandurriao - 4,R Mapa St - Mandurriao - Jaro Rd,3500.0,1.0366,Timawa St (Rev),Proper - 2,Molo - 5,683.48,683.31,10.27
Proper - 22,Fort San Pedro Dr - General Hughes St,mandurriao - 4,R Mapa St - Mandurriao - Jaro Rd,3500.0,1.0366,Infante St 2 (Rev),Proper - 3,Proper - 2,683.48,676.7,407.16
Proper - 22,Fort San Pedro Dr - General Hughes St,mandurriao - 6,R Mapa St - Donato Pison Ave,2500.0,1.1438,Rotunda,Molo - 7,Molo - 8,483.9,483.81,5.24
Proper - 22,Fort San Pedro Dr - General Hughes St,mandurriao - 6,R Mapa St - Donato Pison Ave,2500.0,1.1438,San Marcos St,Molo - 8,Molo - 3,483.9,483.81,5.24
Proper - 22,Fort San Pedro Dr - General Hughes St,mandurriao - 6,R Mapa St - Donato Pison Ave,2500.0,1.1438,Gen Luna - Molo Connect,Proper - 1,Molo - 7,483.9,483.81,5.24
Proper - 22,Fort San Pedro Dr - General Hughes St,mandurriao - 6,R Mapa St - Donato Pison Ave,2500.0,1.1438,Timawa St (Rev),Proper - 2,Molo - 5,483.9,482.0,113.88
Proper - 22,Fort San Pedro Dr - General Hughes St,mandurriao - 7,Tabucan Mandurriao,3500.0,1.0214,Rotunda,Molo - 7,Molo - 8,1021.77,1021.46,18.77
Proper - 22,Fort San Pedro Dr - General Hughes St,mandurriao - 7,Tabucan Mandurriao,3500.0,1.0214,San Marcos St,Molo - 8,Molo - 3,1021.77,1021.46,18.77
Proper - 22,Fort San Pedro Dr - General Hughes St,mandurriao - 7,Tabucan Mandurriao,3500.0,1.0214,Gen Luna - Molo Connect,Proper - 1,Molo - 7,1021.77,1021.46,18.77
Proper - 22,Fort San Pedro Dr - General Hughes St,jaro - 1,E Lopez St - Luna St,4000.0,1.0956,Ruperto Montinola St 1 (Rev),Proper - 10,Proper - 8,645.28,633.97,678.97
Proper - 22,Fort San Pedro Dr - General Hughes St,jaro - 1,E Lopez St - Luna St,4000.0,1.0956,Ruperto Montinola St 2 (Rev),Proper - 11,Proper - 10,645.28,633.97,678.97
Proper - 22,Fort San Pedro Dr - General Hughes St,jaro - 1,E Lopez St - Luna St,4000.0,1.0956,Arroyo St (Rev),Proper - 11,Proper - 12,645.28,643.23,123.25
Proper - 22,Fort San Pedro Dr - General Hughes St,jaro - 1,E Lopez St - Luna St,4000.0,1.0956,JM Basa St 1 (Rev),Proper - 13,Proper - 11,645.28,625.22,1203.58
Proper - 22,Fort San Pedro Dr - General Hughes St,jaro - 1,E Lopez St - Luna St,4000.0,1.0956,JM Basa St 2 (Rev),Proper - 14,Proper - 13,645.28,619.0,1577.06
Proper - 22,Fort San Pedro Dr - General Hughes St,jaro - 7,Plaza Rizal St - El 98 St,4000.0,1.0349,Ruperto Montinola St 1 (Rev),Proper - 10,Proper - 8,649.36,640.59,525.75
Proper - 22,Fort San Pedro Dr - General Hughes St,jaro - 7,Plaza Rizal St - El 98 St,4000.0,1.0349,Delgado St (Rev),Proper - 10,Proper - 2,649.36,647.21,128.54
Proper - 22,Fort San Pedro Dr - General Hughes St,jaro - 7,Plaza Rizal St - El 98 St,4000.0,1.0349,Ruperto Montinola St 2 (Rev),Proper - 11,Proper - 10,649.36,646.84,151.08
Proper - 22,Fort San Pedro Dr - General Hughes St,jaro - 8,Iloilo-Capiz Rd - Lopez Jaena St,2500.0,1.1391,Luna St - Huervana St (Rev),lapaz - 1,lapaz - 3,541.21,541.08,7.48
Proper - 22,Fort San Pedro Dr - General Hughes St,jaro - 9,Iloilo-Capiz Rd - Balabago Rd,3000.0,1.2018,Quirino - Lopez Bridge,Proper - 9,lapuz - 2,737.5,733.12,262.84
Proper - 22,Fort San Pedro Dr - General Hughes St,jaro - 9,Iloilo-Capiz Rd - Balabago Rd,3000.0,1.2018,Arroyo St (Rev),Proper - 11,Proper - 12,737.5,736.51,59.44
Proper - 22,Fort San Pedro Dr - General Hughes St,jaro - 9,Iloilo-Capiz Rd - Balabago Rd,3000.0,1.2018,Muelle Loney St 1 (Rev),Proper - 12,Proper - 9,737.5,736.76,44.82
Proper - 22,Fort San Pedro Dr - General Hughes St,jaro - 9,Iloilo-Capiz Rd - Balabago Rd,3000.0,1.2018,E Lopez St,jaro - 1,jaro - 4,737.5,722.85,879.34
Proper - 22,Fort San Pedro Dr - General Hughes St,jaro - 9,Iloilo-Capiz Rd - Balabago Rd,3000.0,1.2018,Luna St - Huervana St (Rev),lapaz - 1,lapaz - 3,737.5,734.29,192.65
Proper - 22,Fort San Pedro Dr - General Hughes St,jaro - 9,Iloilo-Capiz Rd - Balabago Rd,3000.0,1.2018,Luna St,lapaz - 3,jaro - 1,737.5,722.85,879.34
Proper - 22,Fort San Pedro Dr - General Hughes St,jaro - 9,Iloilo-Capiz Rd - Balabago Rd,3000.0,1.2018,Rizal St - Huervana St (Rev),lapuz - 2,lapaz - 2,737.5,733.12,262.84
Proper - 22,Fort San Pedro Dr - General Hughes St,jaro - 10,Balabago Rd - Iloilo Circumferential Rd 1,3500.0,1.1144,Ruperto Montinola St 1 (Rev),Proper - 10,Proper - 8,820.2,803.07,1027.73
Proper - 22,Fort San Pedro Dr - General Hughes St,jaro - 10,Balabago Rd - Iloilo Circumferential Rd 1,3500.0,1.1144,Ruperto Montinola St 2 (Rev),Proper - 11,Proper - 10,820.2,803.07,1027.73
Proper - 22,Fort San Pedro Dr - General Hughes St,jaro - 10,Balabago Rd - Iloilo Circumferential Rd 1,3500.0,1.1144,Arroyo St (Rev),Proper - 11,Proper - 12,820.2,817.56,158.26
Proper - 22,Fort San Pedro Dr - General Hughes St,jaro - 10,Balabago Rd - Iloilo Circumferential Rd 1,3500.0,1.1144,JM Basa St 1 (Rev),Proper - 13,Proper - 11,820.2,795.06,1508.24
Proper - 22,Fort San Pedro Dr - General Hughes St,jaro - 10,Balabago Rd - Iloilo Circumferential Rd 1,3500.0,1.1144,JM Basa St 2 (Rev),Proper - 14,Proper - 13,820.2,791.71,1709.24
Proper - 22,Fort San Pedro Dr - General Hughes St,jaro - 10,Balabago Rd - Iloilo Circumferential Rd 1,3500.0,1.1144,Rizal St - Huervana St (Rev),lapuz - 2,lapaz - 2,820.2,819.55,39.12
Proper - 22,Fort San Pedro Dr - General Hughes St,jaro - 11,Iloilo Circumferential Rd 1 - Monfort Blvd,3500.0,1.1127,Ruperto Montinola St 1 (Rev),Proper - 10,Proper - 8,815.08,801.88,791.78
Proper - 22,Fort San Pedro Dr - General Hughes St,jaro - 11,Iloilo Circumferential Rd 1 - Monfort Blvd,3500.0,1.1127,Ruperto Montinola St 2 (Rev),Proper - 11,Proper - 10,815.08,801.88,791.78
Proper - 22,Fort San Pedro Dr - General Hughes St,jaro - 11,Iloilo Circumferential Rd 1 - Monfort Blvd,3500.0,1.1127,Arroyo St (Rev),Proper - 11,Proper - 12,815.08,811.63,206.84
Proper - 22,Fort San Pedro Dr - General Hughes St,jaro - 11,Iloilo Circumferential Rd 1 - Monfort Blvd,3500.0,1.1127,JM Basa St 1 (Rev),Proper - 13,Proper - 11,815.08,794.56,1231.21
Proper - 22,Fort San Pedro Dr - General Hughes St,jaro - 11,Iloilo Circumferential Rd 1 - Monfort Blvd,3500.0,1.1127,JM Basa St 2 (Rev),Proper - 14,Proper - 13,815.08,791.5,1414.7
Proper - 22,Fort San Pedro Dr - General Hughes St,jaro - 12,Buhang Flyover,3000.0,1.0561,JM Basa St 1 (Rev),Proper - 13,Proper - 11,686.05,682.16,233.22
Proper - 22,Fort San Pedro Dr - General Hughes St,jaro - 12,Buhang Flyover,3000.0,1.0561,JM Basa St 2 (Rev),Proper - 14,Proper - 13,686.05,683.15,174.01
Proper - 22,Fort San Pedro Dr - General Hughes St,jaro - 12,Buhang Flyover,3000.0,1.0561,Huervana St - Rizal St,lapaz - 1,lapaz - 2,686.05,684.95,65.7
Proper - 22,Fort San Pedro Dr - General Hughes St,jaro - 13,Buhang Flyover,2500.0,1.0245,E Lopez St,jaro - 1,jaro - 4,562.72,562.67,2.93
Proper - 22,Fort San Pedro Dr - General Hughes St,jaro - 13,Buhang Flyover,2500.0,1.0245,Iloilo-Capiz Rd - Buhang Flyover (Rev),jaro - 12,jaro - 14,562.72,556.15,394.18
Proper - 22,Fort San Pedro Dr - General Hughes St,jaro - 13,Buhang Flyover,2500.0,1.0245,Iloilo-Capiz Rd - Buhang Flyover,jaro - 14,jaro - 12,562.72,561.21,90.38
Proper - 22,Fort San Pedro Dr - General Hughes St,jaro - 13,Buhang Flyover,2500.0,1.0245,Luna St - Huervana St (Rev),lapaz - 1,lapaz - 3,562.72,562.67,2.93
Proper - 22,Fort San Pedro Dr - General Hughes St,jaro - 13,Buhang Flyover,2500.0,1.0245,Huervana St - Rizal St,lapaz - 1,lapaz - 2,562.72,562.55,10.22
Proper - 22,Fort San Pedro Dr - General Hughes St,jaro - 13,Buhang Flyover,2500.0,1.0245,Luna St,lapaz - 3,jaro - 1,562.72,562.67,2.93
Proper - 22,Fort San Pedro Dr - General Hughes St,jaro - 15,Iloilo Circumferential Rd 1 - Iloilo Radial By-Pass Rd 4,2500.0,1.0211,E Lopez St,jaro - 1,jaro - 4,611.0,610.94,3.6
Proper - 22,Fort San Pedro Dr - General Hughes St,jaro - 15,Iloilo Circumferential Rd 1 - Iloilo Radial By-Pass Rd 4,2500.0,1.0211,Iloilo-Capiz Rd - Buhang Flyover (Rev),jaro - 12,jaro - 14,611.0,605.26,344.03
Proper - 22,Fort San Pedro Dr - General Hughes St,jaro - 15,Iloilo Circumferential Rd 1 - Iloilo Radial By-Pass Rd 4,2500.0,1.0211,Iloilo-Capiz Rd - Buhang Flyover,jaro - 14,jaro - 12,611.0,610.33,40.24
Proper - 22,Fort San Pedro Dr - General Hughes St,jaro - 15,Iloilo Circumferential Rd 1 - Iloilo Radial By-Pass Rd 4,2500.0,1.0211,Luna St - Huervana St (Rev),lapaz - 1,lapaz - 3,611.0,610.94,3.6
Proper - 22,Fort San Pedro Dr - General Hughes St,jaro - 15,Iloilo Circumferential Rd 1 - Iloilo Radial By-Pass Rd 4,2500.0,1.0211,Luna St,lapaz - 3,jaro - 1,611.0,610.94,3.6
Proper - 22,Fort San Pedro Dr - General Hughes St,jaro - 16,Old Lopez Jaena St - Old Iloilo-Capiz Rd,4000.0,1.0417,Ruperto Montinola St 1 (Rev),Proper - 10,Proper - 8,919.08,912.46,396.79
Proper - 22,Fort San Pedro Dr - General Hughes St,jaro - 16,Old Lopez Jaena St - Old Iloilo-Capiz Rd,4000.0,1.0417,Ruperto Montinola St 2 (Rev),Proper - 11,Proper - 10,919.08,915.49,215.05
Proper - 22,Fort San Pedro Dr - General Hughes St,jaro - 17,Iloilo-Capiz Rd - Old Iloilo-Capiz Rd,4000.0,1.0422,Ruperto Montinola St 1 (Rev),Proper - 10,Proper - 8,903.64,897.03,396.79
Proper - 22,Fort San Pedro Dr - General Hughes St,jaro - 17,Iloilo-Capiz Rd - Old Iloilo-Capiz Rd,4000.0,1.0422,Ruperto Montinola St 2 (Rev),Proper - 11,Proper - 10,903.64,900.06,215.05
Proper - 22,Fort San Pedro Dr - General Hughes St,jaro - 18,Old Lopez Jaena St - Iloilo-Capiz Rd,4000.0,1.065,Ruperto Montinola St 1 (Rev),Proper - 10,Proper - 8,930.03,923.42,396.79
Proper - 22,Fort San Pedro Dr - General Hughes St,jaro - 18,Old Lopez Jaena St - Iloilo-Capiz Rd,4000.0,1.065,Ruperto Montinola St 2 (Rev),Proper - 11,Proper - 10,930.03,926.45,215.05
Proper - 22,Fort San Pedro Dr - General Hughes St,jaro - 19,Monfort Blvd,4500.0,1.0851,Gen Luna St 3,Proper - 8,Proper - 9,1132.89,1132.58,19.1
Proper - 22,Fort San Pedro Dr - General Hughes St,jaro - 19,Monfort Blvd,4500.0,1.0851,Ruperto Montinola St 1 (Rev),Proper - 10,Proper - 8,1132.89,1123.35,572.78
Proper - 22,Fort San Pedro Dr - General Hughes St,jaro - 19,Monfort Blvd,4500.0,1.0851,Ruperto Montinola St 2 (Rev),Proper - 11,Proper - 10,1132.89,1123.7,551.63
Proper - 22,Fort San Pedro Dr - General Hughes St,jaro - 19,Monfort Blvd,4500.0,1.0851,JM Basa St 1 (Rev),Proper - 13,Proper - 11,1132.89,1108.78,1447.11
Proper - 22,Fort San Pedro Dr - General Hughes St,jaro - 19,Monfort Blvd,4500.0,1.0851,JM Basa St 2 (Rev),Proper - 14,Proper - 13,1132.89,1102.16,1844.19
Proper - 22,Fort San Pedro Dr - General Hughes St,jaro - 24,Old Iloilo-Capiz Rd - Pavia,4000.0,1.0401,Ruperto Montinola St 1 (Rev),Proper - 10,Proper - 8,953.72,947.11,396.79
Proper - 22,Fort San Pedro Dr - General Hughes St,jaro - 24,Old Iloilo-Capiz Rd - Pavia,4000.0,1.0401,Ruperto Montinola St 2 (Rev),Proper - 11,Proper - 10,953.72,950.14,215.05
Proper - 22,Fort San Pedro Dr - General Hughes St,lapaz - 5,Huervana St - Jereos St,5500.0,1.0747,Arroyo St (Rev),Proper - 11,Proper - 12,1070.3,1068.35,116.7
Proper - 22,Fort San Pedro Dr - General Hughes St,lapaz - 6,Jereos St - Huervana Ext,5500.0,1.072,Arroyo St (Rev),Proper - 11,Proper - 12,1107.87,1105.92,116.7
Proper - 22,Fort San Pedro Dr - General Hughes St,lapuz - 4,Rizal St - New Iloilo Ferry Terminal Access Rd,5500.0,1.2267,Gen Luna St 3,Proper - 8,Proper - 9,1181.57,1146.28,2117.17
Proper - 22,Fort San Pedro Dr - General Hughes St,lapuz - 4,Rizal St - New Iloilo Ferry Terminal Access Rd,5500.0,1.2267,Arroyo St (Rev),Proper - 11,Proper - 12,1181.57,1180.1,88.2
Proper - 22,Fort San Pedro Dr - General Hughes St,lapuz - 5,New Iloilo Ferry Terminal Access Rd,5500.0,1.1913,Gen Luna St 3,Proper - 8,Proper - 9,1359.55,1324.27,2117.17
Proper - 22,Fort San Pedro Dr - General Hughes St,lapuz - 5,New Iloilo Ferry Terminal Access Rd,5500.0,1.1913,Arroyo St (Rev),Proper - 11,Proper - 12,1359.55,1358.08,88.2
Proper - 22,Fort San Pedro Dr - General Hughes St,lapuz - 6,Rizal St - Lapuz-Mansaya-Roboc Rd,4000.0,1.2396,Gen Luna St 3,Proper - 8,Proper - 9,707.99,685.9,1325.48
Proper - 22,Fort San Pedro Dr - General Hughes St,lapuz - 7,Lapuz-Mansaya-Roboc Rd - Coastal Rd,3000.0,1.1013,Gen Luna St 3,Proper - 8,Proper - 9,460.8,445.22,934.77
mandurriao - 1,Mandurriao - Jaro Rd - Old Iloilo - Capiz Rd,Molo - 5,Locsin St. - Timawa St.,8000.0,1.306,M.H Del Pilar,Molo - 8,Molo - 9,1420.18,1404.45,944.24
mandurriao - 1,Mandurriao - Jaro Rd - Old Iloilo - Capiz Rd,Molo - 5,Locsin St. - Timawa St.,8000.0,1.306,M.H Del Pilar (Rev),Molo - 9,Molo - 4,1420.18,1404.45,944.24
mandurriao - 1,Mandurriao - Jaro Rd - Old Iloilo - Capiz Rd,Molo - 5,Locsin St. - Timawa St.,8000.0,1.306,Infante St 2,Proper - 2,Proper - 3,1420.18,1419.29,53.74
mandurriao - 1,Mandurriao - Jaro Rd - Old Iloilo - Capiz Rd,Molo - 6,Locsin St. - Baluarte - Calumpag - Villa - Oton Blvd,7500.0,1.2021,M.H Del Pilar,Molo - 8,Molo - 9,1421.87,1420.33,92.42
mandurriao - 1,Mandurriao - Jaro Rd - Old Iloilo - Capiz Rd,Molo - 6,Locsin St. - Baluarte - Calumpag - Villa - Oton Blvd,7500.0,1.2021,M.H Del Pilar (Rev),Molo - 9,Molo - 4,1421.87,1420.33,92.42
mandurriao - 1,Mandurriao - Jaro Rd - Old Iloilo - Capiz Rd,Proper - 10,Delgado St - Ruperto Montinola St,4000.0,1.1916,Gen Luna St 1,Proper - 1,Proper - 7,405.29,401.4,233.63
mandurriao - 1,Mandurriao - Jaro Rd - Old Iloilo - Capiz Rd,Proper - 11,Ledesma St - Ruperto Montinola St,4000.0,1.1933,Gen Luna St 1,Proper - 1,Proper - 7,433.2,418.84,861.66
mandurriao - 1,Mandurriao - Jaro Rd - Old Iloilo - Capiz Rd,Proper - 11,Ledesma St - Ruperto Montinola St,4000.0,1.1933,Delgado St,Proper - 2,Proper - 10,433.2,425.66,452.6
mandurriao - 1,Mandurriao - Jaro Rd - Old Iloilo - Capiz Rd,Proper - 12,Arroyo St - Muelle Loney St,4000.0,1.1546,Gen Luna St 1,Proper - 1,Proper - 7,434.17,433.9,16.07
mandurriao - 1,Mandurriao - Jaro Rd - Old Iloilo - Capiz Rd,Proper - 13,JM Basa St - De la Rama St,4000.0,1.0123,Gen Luna St 1,Proper - 1,Proper - 7,512.44,497.9,871.87
mandurriao - 1,Mandurriao - Jaro Rd - Old Iloilo - Capiz Rd,Proper - 13,JM Basa St - De la Rama St,4000.0,1.0123,Delgado St,Proper - 2,Proper - 10,512.44,497.03,924.59
mandurriao - 1,Mandurriao - Jaro Rd - Old Iloilo - Capiz Rd,Proper - 15,General Hughes St - Duran St,4000.0,1.0299,Gen Luna St 1,Proper - 1,Proper - 7,601.39,596.64,285.32
mandurriao - 1,Mandurriao - Jaro Rd - Old Iloilo - Capiz Rd,Proper - 15,General Hughes St - Duran St,4000.0,1.0299,Delgado St,Proper - 2,Proper - 10,601.39,596.23,309.7
mandurriao - 1,Mandurriao - Jaro Rd - Old Iloilo - Capiz Rd,Proper - 17,Dela Rama St - Blumentritt,5000.0,1.1306,Gen Luna St 1,Proper - 1,Proper - 7,835.99,830.57,325.49
mandurriao - 1,Mandurriao - Jaro Rd - Old Iloilo - Capiz Rd,Proper - 18,Muelle Loney St - Blumentritt Left,6500.0,1.09,Gen Luna St 1,Proper - 1,Proper - 7,1304.75,1285.47,1156.59
mandurriao - 1,Mandurriao - Jaro Rd - Old Iloilo - Capiz Rd,Proper - 18,Muelle Loney St - Blumentritt Left,6500.0,1.09,Delgado St,Proper - 2,Proper - 10,1304.75,1287.95,1007.98
mandurriao - 1,Mandurriao - Jaro Rd - Old Iloilo - Capiz Rd,Proper - 18,Muelle Loney St - Blumentritt Left,6500.0,1.09,Gen Luna St 3,Proper - 8,Proper - 9,1304.75,1288.64,966.79
mandurriao - 1,Mandurriao - Jaro Rd - Old Iloilo - Capiz Rd,Proper - 18,Muelle Loney St - Blumentritt Left,6500.0,1.09,Arroyo St (Rev),Proper - 11,Proper - 12,1304.75,1303.37,82.83
mandurriao - 1,Mandurriao - Jaro Rd - Old Iloilo - Capiz Rd,Proper - 19,Muelle Loney St - Blumentritt Right,4500.0,1.1302,Gen Luna St 1,Proper - 1,Proper - 7,741.54,721.81,1183.74
mandurriao - 1,Mandurriao - Jaro Rd - Old Iloilo - Capiz Rd,Proper - 20,De la Rama St,4000.0,1.0238,Gen Luna St 1,Proper - 1,Proper - 7,1059.62,1047.29,739.43
mandurriao - 1,Mandurriao - Jaro Rd - Old Iloilo - Capiz Rd,Proper - 20,De la Rama St,4000.0,1.0238,Delgado St,Proper - 2,Proper - 10,1059.62,1052.95,400.11
mandurriao - 1,Mandurriao - Jaro Rd - Old Iloilo - Capiz Rd,Proper - 20,De la Rama St,4000.0,1.0238,Arroyo St (Rev),Proper - 11,Proper - 12,1059.62,1056.35,195.75
mandurriao - 1,Mandurriao - Jaro Rd - Old Iloilo - Capiz Rd,Proper - 22,Fort San Pedro Dr - General Hughes St,4000.0,1.1199,Gen Luna St 1,Proper - 1,Proper - 7,669.06,667.23,109.71
mandurriao - 1,Mandurriao - Jaro Rd - Old Iloilo - Capiz Rd,jaro - 12,Buhang Flyover,2500.0,1.196,Iloilo-Capiz Rd - Buhang Flyover,jaro - 14,jaro - 12,453.68,452.75,55.56
mandurriao - 1,Mandurriao - Jaro Rd - Old Iloilo - Capiz Rd,jaro - 19,Monfort Blvd,2500.0,1.0257,Burgos St (Rev),jaro - 2,lapaz - 7,363.87,362.89,58.28
mandurriao - 1,Mandurriao - Jaro Rd - Old Iloilo - Capiz Rd,jaro - 19,Monfort Blvd,2500.0,1.0257,Commission Civil St (Rev),jaro - 5,jaro - 2,363.87,362.89,58.28
mandurriao - 1,Mandurriao - Jaro Rd - Old Iloilo - Capiz Rd,jaro - 19,Monfort Blvd,2500.0,1.0257,Burgos St - Huervana St,lapaz - 7,lapaz - 4,363.87,362.89,58.28
mandurriao - 1,Mandurriao - Jaro Rd - Old Iloilo - Capiz Rd,jaro - 22,Iloilo Radial By-Pass Rd 4 - Leganes,3500.0,1.0756,Iloilo-Capiz Rd - Buhang Flyover,jaro - 14,jaro - 12,1151.0,1149.26,104.79
mandurriao - 1,Mandurriao - Jaro Rd - Old Iloilo - Capiz Rd,jaro - 23,Iloilo Circumferential Rd 1 - Pavia,3500.0,1.0756,Iloilo-Capiz Rd - Buhang Flyover,jaro - 14,jaro - 12,1151.0,1149.26,104.79
mandurriao - 1,Mandurriao - Jaro Rd - Old Iloilo - Capiz Rd,lapaz - 5,Huervana St - Jereos St,9500.0,1.0945,Rizal St - Huervana St (Rev),lapuz - 2,lapaz - 2,2356.93,2353.7,193.84
mandurriao - 1,Mandurriao - Jaro Rd - Old Iloilo - Capiz Rd,lapaz - 8,Lopez Jaena St - Baldoza St,5000.0,1.1708,Bonifacio Drive,Proper - 7,lapaz - 10,832.76,804.36,1703.66
mandurriao - 1,Mandurriao - Jaro Rd - Old Iloilo - Capiz Rd,lapaz - 8,Lopez Jaena St - Baldoza St,5000.0,1.1708,Luna St - Esplanade 5 (Rev),lapaz - 10,lapaz - 1,832.76,804.36,1703.66
mandurriao - 1,Mandurriao - Jaro Rd - Old Iloilo - Capiz Rd,lapuz - 4,Rizal St - New Iloilo Ferry Terminal Access Rd,5000.0,1.0341,Huervana St - Rizal St,lapaz - 1,lapaz - 2,865.79,863.08,162.68
mandurriao - 1,Mandurriao - Jaro Rd - Old Iloilo - Capiz Rd,lapuz - 4,Rizal St - New Iloilo Ferry Terminal Access Rd,5000.0,1.0341,Rizal St - Huervana St,lapaz - 2,lapuz - 2,865.79,858.54,435.09
mandurriao - 1,Mandurriao - Jaro Rd - Old Iloilo - Capiz Rd,lapuz - 5,New Iloilo Ferry Terminal Access Rd,5000.0,1.0294,Huervana St - Rizal St,lapaz - 1,lapaz - 2,1000.08,997.37,162.68
mandurriao - 1,Mandurriao - Jaro Rd - Old Iloilo - Capiz Rd,lapuz - 5,New Iloilo Ferry Terminal Access Rd,5000.0,1.0294,Rizal St - Huervana St,lapaz - 2,lapuz - 2,1000.08,992.83,435.09
mandurriao - 2,Mandurriao - Jaro Rd - Mandurriao - Sn Miguel Rd,Proper - 6,Ledesma St - Rizal St,4500.0,1.1066,Infante St 1,Proper - 1,Proper - 2,715.73,694.75,1259.28
mandurriao - 2,Mandurriao - Jaro Rd - Mandurriao - Sn Miguel Rd,Proper - 6,Ledesma St - Rizal St,4500.0,1.1066,Infante St 2,Proper - 2,Proper - 3,715.73,690.7,1502.01
mandurriao - 2,Mandurriao - Jaro Rd - Mandurriao - Sn Miguel Rd,Proper - 6,Ledesma St - Rizal St,4500.0,1.1066,Infante St 3,Proper - 3,Proper - 4,715.73,690.7,1502.01
mandurriao - 2,Mandurriao - Jaro Rd - Mandurriao - Sn Miguel Rd,Proper - 7,Gen Luna St - Bonifacio Dr,4000.0,1.2129,Old Iloilo - Capiz Rd,mandurriao - 1,Proper - 1,643.57,623.11,1227.56
mandurriao - 2,Mandurriao - Jaro Rd - Mandurriao - Sn Miguel Rd,Proper - 9,Gen Luna St - Muelle Loney St,4000.0,1.1846,Old Iloilo - Capiz Rd,mandurriao - 1,Proper - 1,643.1,637.52,334.62
mandurriao - 2,Mandurriao - Jaro Rd - Mandurriao - Sn Miguel Rd,Proper - 10,Delgado St - Ruperto Montinola St,4000.0,1.1429,Infante St 1,Proper - 1,Proper - 2,629.02,614.63,863.88
mandurriao - 2,Mandurriao - Jaro Rd - Mandurriao - Sn Miguel Rd,Proper - 17,Dela Rama St - Blumentritt,4000.0,1.1387,JM Basa St 1,Proper - 11,Proper - 13,800.96,795.14,349.07
mandurriao - 2,Mandurriao - Jaro Rd - Mandurriao - Sn Miguel Rd,Proper - 19,Muelle Loney St - Blumentritt Right,4000.0,1.1338,JM Basa St 1,Proper - 11,Proper - 13,838.61,835.36,194.63
mandurriao - 2,Mandurriao - Jaro Rd - Mandurriao - Sn Miguel Rd,Proper - 19,Muelle Loney St - Blumentritt Right,4000.0,1.1338,Blumentritt 1 (Rev),Proper - 18,Proper - 17,838.61,835.77,170.11
mandurriao - 2,Mandurriao - Jaro Rd - Mandurriao - Sn Miguel Rd,Proper - 21,Fort San Pedro Dr - Muelle Loney St,4000.0,1.0997,Infante St 2,Proper - 2,Proper - 3,835.46,832.46,179.74
mandurriao - 2,Mandurriao - Jaro Rd - Mandurriao - Sn Miguel Rd,Proper - 21,Fort San Pedro Dr - Muelle Loney St,4000.0,1.0997,Infante St 3,Proper - 3,Proper - 4,835.46,832.46,179.74
mandurriao - 2,Mandurriao - Jaro Rd - Mandurriao - Sn Miguel Rd,Proper - 21,Fort San Pedro Dr - Muelle Loney St,4000.0,1.0997,Gen Luna St 3,Proper - 8,Proper - 9,835.46,833.92,92.16
mandurriao - 2,Mandurriao - Jaro Rd - Mandurriao - Sn Miguel Rd,Proper - 21,Fort San Pedro Dr - Muelle Loney St,4000.0,1.0997,Ruperto Montinola St 1,Proper - 8,Proper - 10,835.46,833.6,111.15
mandurriao - 2,Mandurriao - Jaro Rd - Mandurriao - Sn Miguel Rd,Proper - 21,Fort San Pedro Dr - Muelle Loney St,4000.0,1.0997,Muelle Loney St 1,Proper - 9,Proper - 12,835.46,833.92,92.16
mandurriao - 2,Mandurriao - Jaro Rd - Mandurriao - Sn Miguel Rd,Proper - 21,Fort San Pedro Dr - Muelle Loney St,4000.0,1.0997,Arroyo St (Rev),Proper - 11,Proper - 12,835.46,833.44,120.92
mandurriao - 2,Mandurriao - Jaro Rd - Mandurriao - Sn Miguel Rd,jaro - 12,Buhang Flyover,3000.0,1.049,Iloilo-Capiz Rd - Buhang Flyover,jaro - 14,jaro - 12,681.43,679.34,125.37
mandurriao - 2,Mandurriao - Jaro Rd - Mandurriao - Sn Miguel Rd,jaro - 13,Buhang Flyover,3000.0,1.0806,Iloilo-Capiz Rd - Buhang Flyover,jaro - 14,jaro - 12,713.73,713.04,41.33
mandurriao - 2,Mandurriao - Jaro Rd - Mandurriao - Sn Miguel Rd,jaro - 15,Iloilo Circumferential Rd 1 - Iloilo Radial By-Pass Rd 4,3000.0,1.0721,Iloilo-Capiz Rd - Buhang Flyover,jaro - 14,jaro - 12,784.83,784.33,29.55
mandurriao - 2,Mandurriao - Jaro Rd - Mandurriao - Sn Miguel Rd,lapaz - 1,Luna St - Huervana St,4500.0,1.0937,Old Iloilo - Capiz Rd,mandurriao - 1,Proper - 1,769.75,755.94,829.11
mandurriao - 2,Mandurriao - Jaro Rd - Mandurriao - Sn Miguel Rd,lapaz - 2,Rizal St - Luna St,4500.0,1.0918,Old Iloilo - Capiz Rd,mandurriao - 1,Proper - 1,784.16,761.57,1355.7
mandurriao - 2,Mandurriao - Jaro Rd - Mandurriao - Sn Miguel Rd,lapaz - 3,Luna St - Luna St,4500.0,1.1167,Old Iloilo - Capiz Rd,mandurriao - 1,Proper - 1,775.52,767.17,501.23
mandurriao - 2,Mandurriao - Jaro Rd - Mandurriao - Sn Miguel Rd,lapaz - 4,Huervana St - Burgos St,4500.0,1.1364,Old Iloilo - Capiz Rd,mandurriao - 1,Proper - 1,820.19,820.03,9.59
mandurriao - 2,Mandurriao - Jaro Rd - Mandurriao - Sn Miguel Rd,lapaz - 5,Huervana St - Jereos St,4500.0,1.1314,Old Iloilo - Capiz Rd,mandurriao - 1,Proper - 1,847.69,847.53,9.59
mandurriao - 2,Mandurriao - Jaro Rd - Mandurriao - Sn Miguel Rd,lapaz - 6,Jereos St - Huervana Ext,4500.0,1.127,Old Iloilo - Capiz Rd,mandurriao - 1,Proper - 1,873.88,872.73,69.19
mandurriao - 2,Mandurriao - Jaro Rd - Mandurriao - Sn Miguel Rd,lapaz - 8,Lopez Jaena St - Baldoza St,4500.0,1.1805,Old Iloilo - Capiz Rd,mandurriao - 1,Proper - 1,1051.64,1050.49,69.19
mandurriao - 2,Mandurriao - Jaro Rd - Mandurriao - Sn Miguel Rd,lapaz - 9,Baldoza St - Monfort Blvd,4500.0,1.1167,Bonifacio Drive,Proper - 7,lapaz - 10,1056.96,1048.98,479.14
mandurriao - 2,Mandurriao - Jaro Rd - Mandurriao - Sn Miguel Rd,lapaz - 9,Baldoza St - Monfort Blvd,4500.0,1.1167,Luna St - Esplanade 5 (Rev),lapaz - 10,lapaz - 1,1056.96,1048.98,479.14
mandurriao - 2,Mandurriao - Jaro Rd - Mandurriao - Sn Miguel Rd,lapaz - 10,Luna St - Taytay Forbes,4500.0,1.1643,Old Iloilo - Capiz Rd,mandurriao - 1,Proper - 1,777.31,750.17,1628.12
mandurriao - 2,Mandurriao - Jaro Rd - Mandurriao - Sn Miguel Rd,lapuz - 2,Rizal St - Quirino-Lopez Bridge,4000.0,1.0919,Old Iloilo - Capiz Rd,mandurriao - 1,Proper - 1,673.23,644.59,1717.98
mandurriao - 2,Mandurriao - Jaro Rd - Mandurriao - Sn Miguel Rd,lapuz - 4,Rizal St - New Iloilo Ferry Terminal Access Rd,5000.0,1.0768,Old Iloilo - Capiz Rd,mandurriao - 1,Proper - 1,1257.27,1192.08,3911.65
mandurriao - 2,Mandurriao - Jaro Rd - Mandurriao - Sn Miguel Rd,lapuz - 4,Rizal St - New Iloilo Ferry Terminal Access Rd,5000.0,1.0768,Luna St (Rev),jaro - 1,lapaz - 3,1257.27,1225.63,1898.68
mandurriao - 2,Mandurriao - Jaro Rd - Mandurriao - Sn Miguel Rd,lapuz - 4,Rizal St - New Iloilo Ferry Terminal Access Rd,5000.0,1.0768,E Lopez St (Rev),jaro - 4,jaro - 1,1257.27,1225.63,1898.68
mandurriao - 2,Mandurriao - Jaro Rd - Mandurriao - Sn Miguel Rd,lapuz - 4,Rizal St - New Iloilo Ferry Terminal Access Rd,5000.0,1.0768,Huervana St - Rizal St,lapaz - 1,lapaz - 2,1257.27,1225.63,1898.68
mandurriao - 2,Mandurriao - Jaro Rd - Mandurriao - Sn Miguel Rd,lapuz - 4,Rizal St - New Iloilo Ferry Terminal Access Rd,5000.0,1.0768,Rizal St - Huervana St,lapaz - 2,lapuz - 2,1257.27,1226.97,1818.16
mandurriao - 2,Mandurriao - Jaro Rd - Mandurriao - Sn Miguel Rd,lapuz - 4,Rizal St - New Iloilo Ferry Terminal Access Rd,5000.0,1.0768,Luna St - Huervana St,lapaz - 3,lapaz - 1,1257.27,1225.63,1898.68
mandurriao - 2,Mandurriao - Jaro Rd - Mandurriao - Sn Miguel Rd,lapuz - 5,New Iloilo Ferry Terminal Access Rd,5000.0,1.0689,Old Iloilo - Capiz Rd,mandurriao - 1,Proper - 1,1391.56,1326.37,3911.65
mandurriao - 2,Mandurriao - Jaro Rd - Mandurriao - Sn Miguel Rd,lapuz - 5,New Iloilo Ferry Terminal Access Rd,5000.0,1.0689,Luna St (Rev),jaro - 1,lapaz - 3,1391.56,1359.92,1898.68
mandurriao - 2,Mandurriao - Jaro Rd - Mandurriao - Sn Miguel Rd,lapuz - 5,New Iloilo Ferry Terminal Access Rd,5000.0,1.0689,E Lopez St (Rev),jaro - 4,jaro - 1,1391.56,1359.92,1898.68
mandurriao - 2,Mandurriao - Jaro Rd - Mandurriao - Sn Miguel Rd,lapuz - 5,New Iloilo Ferry Terminal Access Rd,5000.0,1.0689,Huervana St - Rizal St,lapaz - 1,lapaz - 2,1391.56,1359.92,1898.68
mandurriao - 2,Mandurriao - Jaro Rd - Mandurriao - Sn Miguel Rd,lapuz - 5,New Iloilo Ferry Terminal Access Rd,5000.0,1.0689,Rizal St - Huervana St,lapaz - 2,lapuz - 2,1391.56,1359.49,1924.4
mandurriao - 2,Mandurriao - Jaro Rd - Mandurriao - Sn Miguel Rd,lapuz - 5,New Iloilo Ferry Terminal Access Rd,5000.0,1.0689,Luna St - Huervana St,lapaz - 3,lapaz - 1,1391.56,1359.92,1898.68
mandurriao - 2,Mandurriao - Jaro Rd - Mandurriao - Sn Miguel Rd,lapuz - 6,Rizal St - Lapuz-Mansaya-Roboc Rd,4000.0,1.1074,Infante St 1,Proper - 1,Proper - 2,909.63,909.21,25.14
mandurriao - 2,Mandurriao - Jaro Rd - Mandurriao - Sn Miguel Rd,lapuz - 6,Rizal St - Lapuz-Mansaya-Roboc Rd,4000.0,1.1074,Delgado St,Proper - 2,Proper - 10,909.63,909.21,25.14
mandurriao - 2,Mandurriao - Jaro Rd - Mandurriao - Sn Miguel Rd,lapuz - 6,Rizal St - Lapuz-Mansaya-Roboc Rd,4000.0,1.1074,Ruperto Montinola St 1 (Rev),Proper - 10,Proper - 8,909.63,909.21,25.14
mandurriao - 2,Mandurriao - Jaro Rd - Mandurriao - Sn Miguel Rd,lapuz - 6,Rizal St - Lapuz-Mansaya-Roboc Rd,4000.0,1.1074,Old Iloilo - Capiz Rd,mandurriao - 1,Proper - 1,909.63,849.31,3619.0
mandurriao - 2,Mandurriao - Jaro Rd - Mandurriao - Sn Miguel Rd,lapuz - 7,Lapuz-Mansaya-Roboc Rd - Coastal Rd,4500.0,1.1169,Old Iloilo - Capiz Rd,mandurriao - 1,Proper - 1,1056.72,1015.72,2460.12
mandurriao - 3,Mandurriao - Sn Miguel Rd - R Mapa St,Proper - 6,Ledesma St - Rizal St,5000.0,1.0812,Infante St 1,Proper - 1,Proper - 2,912.95,894.92,1081.61
mandurriao - 3,Mandurriao - Sn Miguel Rd - R Mapa St,Proper - 6,Ledesma St - Rizal St,5000.0,1.0812,Infante St 2,Proper - 2,Proper - 3,912.95,877.12,2149.45
mandurriao - 3,Mandurriao - Sn Miguel Rd - R Mapa St,Proper - 6,Ledesma St - Rizal St,5000.0,1.0812,Infante St 3,Proper - 3,Proper - 4,912.95,877.12,2149.45
mandurriao - 3,Mandurriao - Sn Miguel Rd - R Mapa St,Proper - 7,Gen Luna St - Bonifacio Dr,3500.0,1.1814,Old Iloilo - Capiz Rd,mandurriao - 1,Proper - 1,542.25,519.62,1358.03
mandurriao - 3,Mandurriao - Sn Miguel Rd - R Mapa St,Proper - 8,Gen Luna St - Ruperto Montinola St,3500.0,1.1674,Old Iloilo - Capiz Rd,mandurriao - 1,Proper - 1,540.2,535.92,257.25
mandurriao - 3,Mandurriao - Sn Miguel Rd - R Mapa St,Proper - 9,Gen Luna St - Muelle Loney St,3500.0,1.1651,Old Iloilo - Capiz Rd,mandurriao - 1,Proper - 1,546.77,542.48,257.25
mandurriao - 3,Mandurriao - Sn Miguel Rd - R Mapa St,Proper - 10,Delgado St - Ruperto Montinola St,3500.0,1.1033,Infante St 1,Proper - 1,Proper - 2,523.53,513.57,597.71
mandurriao - 3,Mandurriao - Sn Miguel Rd - R Mapa St,Proper - 13,JM Basa St - De la Rama St,3000.0,1.1034,Gen Luna St 1,Proper - 1,Proper - 7,487.28,486.67,36.86
mandurriao - 3,Mandurriao - Sn Miguel Rd - R Mapa St,Proper - 13,JM Basa St - De la Rama St,3000.0,1.1034,Delgado St,Proper - 2,Proper - 10,487.28,484.93,140.74
mandurriao - 3,Mandurriao - Sn Miguel Rd - R Mapa St,Proper - 13,JM Basa St - De la Rama St,3000.0,1.1034,Gen Luna St 2,Proper - 7,Proper - 8,487.28,486.67,36.86
mandurriao - 3,Mandurriao - Sn Miguel Rd - R Mapa St,Proper - 13,JM Basa St - De la Rama St,3000.0,1.1034,Ruperto Montinola St 1,Proper - 8,Proper - 10,487.28,486.21,64.29
mandurriao - 3,Mandurriao - Sn Miguel Rd - R Mapa St,Proper - 17,Dela Rama St - Blumentritt,3500.0,1.0865,JM Basa St 1,Proper - 11,Proper - 13,656.32,651.1,313.05
mandurriao - 3,Mandurriao - Sn Miguel Rd - R Mapa St,Proper - 19,Muelle Loney St - Blumentritt Right,3500.0,1.0951,JM Basa St 1,Proper - 11,Proper - 13,697.01,694.4,156.33
mandurriao - 3,Mandurriao - Sn Miguel Rd - R Mapa St,Proper - 19,Muelle Loney St - Blumentritt Right,3500.0,1.0951,Blumentritt 1 (Rev),Proper - 18,Proper - 17,697.01,692.68,259.43
mandurriao - 3,Mandurriao - Sn Miguel Rd - R Mapa St,Proper - 21,Fort San Pedro Dr - Muelle Loney St,3500.0,1.0545,Infante St 2,Proper - 2,Proper - 3,697.07,696.84,13.53
mandurriao - 3,Mandurriao - Sn Miguel Rd - R Mapa St,Proper - 21,Fort San Pedro Dr - Muelle Loney St,3500.0,1.0545,Infante St 3,Proper - 3,Proper - 4,697.07,696.84,13.53
mandurriao - 3,Mandurriao - Sn Miguel Rd - R Mapa St,Proper - 21,Fort San Pedro Dr - Muelle Loney St,3500.0,1.0545,Gen Luna St 3,Proper - 8,Proper - 9,697.07,696.24,49.87
mandurriao - 3,Mandurriao - Sn Miguel Rd - R Mapa St,Proper - 21,Fort San Pedro Dr - Muelle Loney St,3500.0,1.0545,Muelle Loney St 1,Proper - 9,Proper - 12,697.07,696.24,49.87
mandurriao - 3,Mandurriao - Sn Miguel Rd - R Mapa St,Proper - 22,Fort San Pedro Dr - General Hughes St,3500.0,1.0377,Infante St 2,Proper - 2,Proper - 3,689.55,688.37,70.65
mandurriao - 3,Mandurriao - Sn Miguel Rd - R Mapa St,Proper - 22,Fort San Pedro Dr - General Hughes St,3500.0,1.0377,Infante St 3,Proper - 3,Proper - 4,689.55,688.37,70.65
mandurriao - 3,Mandurriao - Sn Miguel Rd - R Mapa St,jaro - 12,Buhang Flyover,3000.0,1.092,Iloilo-Capiz Rd - Buhang Flyover,jaro - 14,jaro - 12,727.9,725.81,125.37
mandurriao - 3,Mandurriao - Sn Miguel Rd - R Mapa St,jaro - 13,Buhang Flyover,3000.0,1.1195,Iloilo-Capiz Rd - Buhang Flyover,jaro - 14,jaro - 12,759.83,759.36,28.49
mandurriao - 3,Mandurriao - Sn Miguel Rd - R Mapa St,jaro - 15,Iloilo Circumferential Rd 1 - Iloilo Radial By-Pass Rd 4,3000.0,1.1079,Iloilo-Capiz Rd - Buhang Flyover,jaro - 14,jaro - 12,831.29,830.64,39.28
mandurriao - 3,Mandurriao - Sn Miguel Rd - R Mapa St,jaro - 22,Iloilo Radial By-Pass Rd 4 - Leganes,3500.0,1.0726,Iloilo-Capiz Rd - Buhang Flyover,jaro - 14,jaro - 12,1400.59,1399.05,92.51
mandurriao - 3,Mandurriao - Sn Miguel Rd - R Mapa St,jaro - 23,Iloilo Circumferential Rd 1 - Pavia,3500.0,1.0726,Iloilo-Capiz Rd - Buhang Flyover,jaro - 14,jaro - 12,1400.59,1399.05,92.51
mandurriao - 3,Mandurriao - Sn Miguel Rd - R Mapa St,lapaz - 1,Luna St - Huervana St,4000.0,1.075,Old Iloilo - Capiz Rd,mandurriao - 1,Proper - 1,649.45,646.58,172.21
mandurriao - 3,Mandurriao - Sn Miguel Rd - R Mapa St,lapaz - 2,Rizal St - Luna St,4000.0,1.0735,Old Iloilo - Capiz Rd,mandurriao - 1,Proper - 1,661.58,650.3,676.62
mandurriao - 3,Mandurriao - Sn Miguel Rd - R Mapa St,lapaz - 3,Luna St - Luna St,4000.0,1.0971,Old Iloilo - Capiz Rd,mandurriao - 1,Proper - 1,655.34,655.06,16.92
mandurriao - 3,Mandurriao - Sn Miguel Rd - R Mapa St,lapaz - 4,Huervana St - Burgos St,4000.0,1.1044,Old Iloilo - Capiz Rd,mandurriao - 1,Proper - 1,694.61,692.78,109.65
mandurriao - 3,Mandurriao - Sn Miguel Rd - R Mapa St,lapaz - 5,Huervana St - Jereos St,4000.0,1.1007,Old Iloilo - Capiz Rd,mandurriao - 1,Proper - 1,717.76,715.93,109.65
mandurriao - 3,Mandurriao - Sn Miguel Rd - R Mapa St,lapaz - 6,Jereos St - Huervana Ext,4000.0,1.0974,Old Iloilo - Capiz Rd,mandurriao - 1,Proper - 1,739.81,737.98,109.65
mandurriao - 3,Mandurriao - Sn Miguel Rd - R Mapa St,lapaz - 8,Lopez Jaena St - Baldoza St,4500.0,1.1178,Old Iloilo - Capiz Rd,mandurriao - 1,Proper - 1,1045.87,1040.17,342.06
mandurriao - 3,Mandurriao - Sn Miguel Rd - R Mapa St,lapaz - 9,Baldoza St - Monfort Blvd,4000.0,1.1186,Bonifacio Drive,Proper - 7,lapaz - 10,913.61,905.54,484.2
mandurriao - 3,Mandurriao - Sn Miguel Rd - R Mapa St,lapaz - 9,Baldoza St - Monfort Blvd,4000.0,1.1186,Luna St - Esplanade 5 (Rev),lapaz - 10,lapaz - 1,913.61,905.54,484.2
mandurriao - 3,Mandurriao - Sn Miguel Rd - R Mapa St,lapuz - 2,Rizal St - Quirino-Lopez Bridge,3500.0,1.1491,Infante St 1,Proper - 1,Proper - 2,578.71,577.59,67.47
mandurriao - 3,Mandurriao - Sn Miguel Rd - R Mapa St,lapuz - 2,Rizal St - Quirino-Lopez Bridge,3500.0,1.1491,Old Iloilo - Capiz Rd,mandurriao - 1,Proper - 1,578.71,549.24,1768.03
mandurriao - 3,Mandurriao - Sn Miguel Rd - R Mapa St,lapuz - 4,Rizal St - New Iloilo Ferry Terminal Access Rd,5000.0,1.0453,Old Iloilo - Capiz Rd,mandurriao - 1,Proper - 1,1270.05,1235.61,2066.42
mandurriao - 3,Mandurriao - Sn Miguel Rd - R Mapa St,lapuz - 4,Rizal St - New Iloilo Ferry Terminal Access Rd,5000.0,1.0453,Luna St (Rev),jaro - 1,lapaz - 3,1270.05,1242.54,1650.81
mandurriao - 3,Mandurriao - Sn Miguel Rd - R Mapa St,lapuz - 4,Rizal St - New Iloilo Ferry Terminal Access Rd,5000.0,1.0453,E Lopez St (Rev),jaro - 4,jaro - 1,1270.05,1242.54,1650.81
mandurriao - 3,Mandurriao - Sn Miguel Rd - R Mapa St,lapuz - 4,Rizal St - New Iloilo Ferry Terminal Access Rd,5000.0,1.0453,Huervana St - Rizal St,lapaz - 1,lapaz - 2,1270.05,1242.54,1650.81
mandurriao - 3,Mandurriao - Sn Miguel Rd - R Mapa St,lapuz - 4,Rizal St - New Iloilo Ferry Terminal Access Rd,5000.0,1.0453,Rizal St - Huervana St,lapaz - 2,lapuz - 2,1270.05,1242.07,1679.35
mandurriao - 3,Mandurriao - Sn Miguel Rd - R Mapa St,lapuz - 4,Rizal St - New Iloilo Ferry Terminal Access Rd,5000.0,1.0453,Luna St - Huervana St,lapaz - 3,lapaz - 1,1270.05,1242.54,1650.81
mandurriao - 3,Mandurriao - Sn Miguel Rd - R Mapa St,lapuz - 5,New Iloilo Ferry Terminal Access Rd,5000.0,1.0408,Old Iloilo - Capiz Rd,mandurriao - 1,Proper - 1,1404.34,1369.9,2066.42
mandurriao - 3,Mandurriao - Sn Miguel Rd - R Mapa St,lapuz - 5,New Iloilo Ferry Terminal Access Rd,5000.0,1.0408,Luna St (Rev),jaro - 1,lapaz - 3,1404.34,1376.83,1650.81
mandurriao - 3,Mandurriao - Sn Miguel Rd - R Mapa St,lapuz - 5,New Iloilo Ferry Terminal Access Rd,5000.0,1.0408,E Lopez St (Rev),jaro - 4,jaro - 1,1404.34,1376.83,1650.81
mandurriao - 3,Mandurriao - Sn Miguel Rd - R Mapa St,lapuz - 5,New Iloilo Ferry Terminal Access Rd,5000.0,1.0408,Huervana St - Rizal St,lapaz - 1,lapaz - 2,1404.34,1376.83,1650.81
mandurriao - 3,Mandurriao - Sn Miguel Rd - R Mapa St,lapuz - 5,New Iloilo Ferry Terminal Access Rd,5000.0,1.0408,Rizal St - Huervana St,lapaz - 2,lapuz - 2,1404.34,1375.65,1721.63
mandurriao - 3,Mandurriao - Sn Miguel Rd - R Mapa St,lapuz - 5,New Iloilo Ferry Terminal Access Rd,5000.0,1.0408,Luna St - Huervana St,lapaz - 3,lapaz - 1,1404.34,1376.83,1650.81
mandurriao - 3,Mandurriao - Sn Miguel Rd - R Mapa St,lapuz - 6,Rizal St - Lapuz-Mansaya-Roboc Rd,4000.0,1.0645,Infante St 1,Proper - 1,Proper - 2,907.6,905.04,153.39
mandurriao - 3,Mandurriao - Sn Miguel Rd - R Mapa St,lapuz - 6,Rizal St - Lapuz-Mansaya-Roboc Rd,4000.0,1.0645,Old Iloilo - Capiz Rd,mandurriao - 1,Proper - 1,907.6,859.12,2908.85
mandurriao - 3,Mandurriao - Sn Miguel Rd - R Mapa St,lapuz - 7,Lapuz-Mansaya-Roboc Rd - Coastal Rd,4000.0,1.0755,Old Iloilo - Capiz Rd,mandurriao - 1,Proper - 1,895.63,870.51,1506.74
mandurriao - 4,R Mapa St - Mandurriao - Jaro Rd,Proper - 6,Ledesma St - Rizal St,5000.0,1.0868,Infante St 1,Proper - 1,Proper - 2,858.25,840.23,1081.61
mandurriao - 4,R Mapa St - Mandurriao - Jaro Rd,Proper - 6,Ledesma St - Rizal St,5000.0,1.0868,Infante St 2,Proper - 2,Proper - 3,858.25,822.43,2149.45
mandurriao - 4,R Mapa St - Mandurriao - Jaro Rd,Proper - 6,Ledesma St - Rizal St,5000.0,1.0868,Infante St 3,Proper - 3,Proper - 4,858.25,822.43,2149.45
mandurriao - 4,R Mapa St - Mandurriao - Jaro Rd,Proper - 7,Gen Luna St - Bonifacio Dr,3500.0,1.1974,Old Iloilo - Capiz Rd,mandurriao - 1,Proper - 1,510.72,487.15,1414.23
mandurriao - 4,R Mapa St - Mandurriao - Jaro Rd,Proper - 8,Gen Luna St - Ruperto Montinola St,3500.0,1.1801,Old Iloilo - Capiz Rd,mandurriao - 1,Proper - 1,507.74,503.45,257.25
mandurriao - 4,R Mapa St - Mandurriao - Jaro Rd,Proper - 9,Gen Luna St - Muelle Loney St,3500.0,1.1774,Old Iloilo - Capiz Rd,mandurriao - 1,Proper - 1,514.31,510.02,257.25
mandurriao - 4,R Mapa St - Mandurriao - Jaro Rd,Proper - 10,Delgado St - Ruperto Montinola St,3500.0,1.1112,Infante St 1,Proper - 1,Proper - 2,491.19,481.1,605.39
mandurriao - 4,R Mapa St - Mandurriao - Jaro Rd,Proper - 13,JM Basa St - De la Rama St,3000.0,1.1101,Gen Luna St 1,Proper - 1,Proper - 7,460.18,459.56,36.86
mandurriao - 4,R Mapa St - Mandurriao - Jaro Rd,Proper - 13,JM Basa St - De la Rama St,3000.0,1.1101,Delgado St,Proper - 2,Proper - 10,460.18,457.83,140.74
mandurriao - 4,R Mapa St - Mandurriao - Jaro Rd,Proper - 13,JM Basa St - De la Rama St,3000.0,1.1101,Gen Luna St 2,Proper - 7,Proper - 8,460.18,459.56,36.86
mandurriao - 4,R Mapa St - Mandurriao - Jaro Rd,Proper - 13,JM Basa St - De la Rama St,3000.0,1.1101,Ruperto Montinola St 1,Proper - 8,Proper - 10,460.18,459.11,64.29
mandurriao - 4,R Mapa St - Mandurriao - Jaro Rd,Proper - 17,Dela Rama St - Blumentritt,3500.0,1.0914,JM Basa St 1,Proper - 11,Proper - 13,623.85,618.64,313.05
mandurriao - 4,R Mapa St - Mandurriao - Jaro Rd,Proper - 19,Muelle Loney St - Blumentritt Right,3500.0,1.1002,JM Basa St 1,Proper - 11,Proper - 13,664.54,661.94,156.33
mandurriao - 4,R Mapa St - Mandurriao - Jaro Rd,Proper - 19,Muelle Loney St - Blumentritt Right,3500.0,1.1002,Blumentritt 1 (Rev),Proper - 18,Proper - 17,664.54,662.3,134.36
mandurriao - 4,R Mapa St - Mandurriao - Jaro Rd,Proper - 21,Fort San Pedro Dr - Muelle Loney St,3500.0,1.0574,Infante St 2,Proper - 2,Proper - 3,664.61,664.38,13.53
mandurriao - 4,R Mapa St - Mandurriao - Jaro Rd,Proper - 21,Fort San Pedro Dr - Muelle Loney St,3500.0,1.0574,Infante St 3,Proper - 3,Proper - 4,664.61,664.38,13.53
mandurriao - 4,R Mapa St - Mandurriao - Jaro Rd,Proper - 21,Fort San Pedro Dr - Muelle Loney St,3500.0,1.0574,Gen Luna St 3,Proper - 8,Proper - 9,664.61,663.77,49.87
mandurriao - 4,R Mapa St - Mandurriao - Jaro Rd,Proper - 21,Fort San Pedro Dr - Muelle Loney St,3500.0,1.0574,Muelle Loney St 1,Proper - 9,Proper - 12,664.61,663.77,49.87
mandurriao - 4,R Mapa St - Mandurriao - Jaro Rd,Proper - 22,Fort San Pedro Dr - General Hughes St,3500.0,1.0397,Infante St 2,Proper - 2,Proper - 3,657.08,655.91,70.65
mandurriao - 4,R Mapa St - Mandurriao - Jaro Rd,Proper - 22,Fort San Pedro Dr - General Hughes St,3500.0,1.0397,Infante St 3,Proper - 3,Proper - 4,657.08,655.91,70.65
mandurriao - 4,R Mapa St - Mandurriao - Jaro Rd,jaro - 12,Buhang Flyover,3000.0,1.0959,Iloilo-Capiz Rd - Buhang Flyover,jaro - 14,jaro - 12,700.8,698.71,125.37
mandurriao - 4,R Mapa St - Mandurriao - Jaro Rd,jaro - 13,Buhang Flyover,3000.0,1.1251,Iloilo-Capiz Rd - Buhang Flyover,jaro - 14,jaro - 12,733.11,732.4,42.4
mandurriao - 4,R Mapa St - Mandurriao - Jaro Rd,jaro - 15,Iloilo Circumferential Rd 1 - Iloilo Radial By-Pass Rd 4,3000.0,1.112,Iloilo-Capiz Rd - Buhang Flyover,jaro - 14,jaro - 12,804.19,803.53,39.28
mandurriao - 4,R Mapa St - Mandurriao - Jaro Rd,jaro - 22,Iloilo Radial By-Pass Rd 4 - Leganes,3500.0,1.0746,Iloilo-Capiz Rd - Buhang Flyover,jaro - 14,jaro - 12,1368.41,1366.58,109.4
mandurriao - 4,R Mapa St - Mandurriao - Jaro Rd,jaro - 23,Iloilo Circumferential Rd 1 - Pavia,3500.0,1.0746,Iloilo-Capiz Rd - Buhang Flyover,jaro - 14,jaro - 12,1368.41,1366.58,109.4
mandurriao - 4,R Mapa St - Mandurriao - Jaro Rd,lapaz - 1,Luna St - Huervana St,4000.0,1.0808,Old Iloilo - Capiz Rd,mandurriao - 1,Proper - 1,611.29,608.0,197.73
mandurriao - 4,R Mapa St - Mandurriao - Jaro Rd,lapaz - 2,Rizal St - Luna St,4000.0,1.0791,Old Iloilo - Capiz Rd,mandurriao - 1,Proper - 1,623.42,611.72,702.14
mandurriao - 4,R Mapa St - Mandurriao - Jaro Rd,lapaz - 3,Luna St - Luna St,4000.0,1.1047,Old Iloilo - Capiz Rd,mandurriao - 1,Proper - 1,617.28,616.48,48.03
mandurriao - 4,R Mapa St - Mandurriao - Jaro Rd,lapaz - 4,Huervana St - Burgos St,4000.0,1.1113,Old Iloilo - Capiz Rd,mandurriao - 1,Proper - 1,656.02,654.95,64.18
mandurriao - 4,R Mapa St - Mandurriao - Jaro Rd,lapaz - 5,Huervana St - Jereos St,4000.0,1.1071,Old Iloilo - Capiz Rd,mandurriao - 1,Proper - 1,679.17,678.1,64.18
mandurriao - 4,R Mapa St - Mandurriao - Jaro Rd,lapaz - 6,Jereos St - Huervana Ext,4000.0,1.1034,Old Iloilo - Capiz Rd,mandurriao - 1,Proper - 1,701.22,699.4,109.65
mandurriao - 4,R Mapa St - Mandurriao - Jaro Rd,lapaz - 8,Lopez Jaena St - Baldoza St,4500.0,1.1239,Old Iloilo - Capiz Rd,mandurriao - 1,Proper - 1,1000.03,994.33,342.06
mandurriao - 4,R Mapa St - Mandurriao - Jaro Rd,lapaz - 9,Baldoza St - Monfort Blvd,4000.0,1.1245,Bonifacio Drive,Proper - 7,lapaz - 10,875.03,866.96,484.2
mandurriao - 4,R Mapa St - Mandurriao - Jaro Rd,lapaz - 9,Baldoza St - Monfort Blvd,4000.0,1.1245,Luna St - Esplanade 5 (Rev),lapaz - 10,lapaz - 1,875.03,866.96,484.2
mandurriao - 4,R Mapa St - Mandurriao - Jaro Rd,lapaz - 10,Luna St - Taytay Forbes,4000.0,1.0932,Old Iloilo - Capiz Rd,mandurriao - 1,Proper - 1,614.53,601.32,792.25
mandurriao - 4,R Mapa St - Mandurriao - Jaro Rd,lapuz - 2,Rizal St - Quirino-Lopez Bridge,3500.0,1.1594,Infante St 1,Proper - 1,Proper - 2,546.25,545.12,67.47
mandurriao - 4,R Mapa St - Mandurriao - Jaro Rd,lapuz - 2,Rizal St - Quirino-Lopez Bridge,3500.0,1.1594,Old Iloilo - Capiz Rd,mandurriao - 1,Proper - 1,546.25,516.72,1771.27
mandurriao - 4,R Mapa St - Mandurriao - Jaro Rd,lapuz - 4,Rizal St - New Iloilo Ferry Terminal Access Rd,5000.0,1.0474,Old Iloilo - Capiz Rd,mandurriao - 1,Proper - 1,1215.36,1180.92,2066.42
mandurriao - 4,R Mapa St - Mandurriao - Jaro Rd,lapuz - 4,Rizal St - New Iloilo Ferry Terminal Access Rd,5000.0,1.0474,Luna St (Rev),jaro - 1,lapaz - 3,1215.36,1187.85,1650.81
mandurriao - 4,R Mapa St - Mandurriao - Jaro Rd,lapuz - 4,Rizal St - New Iloilo Ferry Terminal Access Rd,5000.0,1.0474,E Lopez St (Rev),jaro - 4,jaro - 1,1215.36,1187.85,1650.81
mandurriao - 4,R Mapa St - Mandurriao - Jaro Rd,lapuz - 4,Rizal St - New Iloilo Ferry Terminal Access Rd,5000.0,1.0474,Huervana St - Rizal St,lapaz - 1,lapaz - 2,1215.36,1187.85,1650.81
mandurriao - 4,R Mapa St - Mandurriao - Jaro Rd,lapuz - 4,Rizal St - New Iloilo Ferry Terminal Access Rd,5000.0,1.0474,Rizal St - Huervana St,lapaz - 2,lapuz - 2,1215.36,1187.37,1679.35
mandurriao - 4,R Mapa St - Mandurriao - Jaro Rd,lapuz - 4,Rizal St - New Iloilo Ferry Terminal Access Rd,5000.0,1.0474,Luna St - Huervana St,lapaz - 3,lapaz - 1,1215.36,1187.85,1650.81
mandurriao - 4,R Mapa St - Mandurriao - Jaro Rd,lapuz - 5,New Iloilo Ferry Terminal Access Rd,5000.0,1.0425,Old Iloilo - Capiz Rd,mandurriao - 1,Proper - 1,1349.65,1315.21,2066.42
mandurriao - 4,R Mapa St - Mandurriao - Jaro Rd,lapuz - 5,New Iloilo Ferry Terminal Access Rd,5000.0,1.0425,Luna St (Rev),jaro - 1,lapaz - 3,1349.65,1322.14,1650.81
mandurriao - 4,R Mapa St - Mandurriao - Jaro Rd,lapuz - 5,New Iloilo Ferry Terminal Access Rd,5000.0,1.0425,E Lopez St (Rev),jaro - 4,jaro - 1,1349.65,1322.14,1650.81
mandurriao - 4,R Mapa St - Mandurriao - Jaro Rd,lapuz - 5,New Iloilo Ferry Terminal Access Rd,5000.0,1.0425,Huervana St - Rizal St,lapaz - 1,lapaz - 2,1349.65,1322.14,1650.81
mandurriao - 4,R Mapa St - Mandurriao - Jaro Rd,lapuz - 5,New Iloilo Ferry Terminal Access Rd,5000.0,1.0425,Rizal St - Huervana St,lapaz - 2,lapuz - 2,1349.65,1320.96,1721.63
mandurriao - 4,R Mapa St - Mandurriao - Jaro Rd,lapuz - 5,New Iloilo Ferry Terminal Access Rd,5000.0,1.0425,Luna St - Huervana St,lapaz - 3,lapaz - 1,1349.65,1322.14,1650.81
mandurriao - 4,R Mapa St - Mandurriao - Jaro Rd,lapuz - 6,Rizal St - Lapuz-Mansaya-Roboc Rd,4000.0,1.0676,Infante St 1,Proper - 1,Proper - 2,869.01,868.32,41.61
mandurriao - 4,R Mapa St - Mandurriao - Jaro Rd,lapuz - 6,Rizal St - Lapuz-Mansaya-Roboc Rd,4000.0,1.0676,Old Iloilo - Capiz Rd,mandurriao - 1,Proper - 1,869.01,820.53,2908.85
mandurriao - 4,R Mapa St - Mandurriao - Jaro Rd,lapuz - 7,Lapuz-Mansaya-Roboc Rd - Coastal Rd,4000.0,1.0791,Old Iloilo - Capiz Rd,mandurriao - 1,Proper - 1,857.04,831.93,1506.74
mandurriao - 5,Pakiad Rd,jaro - 13,Buhang Flyover,3000.0,1.0968,Iloilo-Capiz Rd - Buhang Flyover,jaro - 14,jaro - 12,914.54,913.83,42.9
mandurriao - 5,Pakiad Rd,jaro - 15,Iloilo Circumferential Rd 1 - Iloilo Radial By-Pass Rd 4,3500.0,1.0789,Iloilo-Capiz Rd - Buhang Flyover,jaro - 14,jaro - 12,1299.78,1298.25,91.39
mandurriao - 6,R Mapa St - Donato Pison Ave,Proper - 3,Rizal St - Infante St,2500.0,1.2003,Timawa St,Molo - 5,Proper - 2,265.11,262.1,180.64
mandurriao - 6,R Mapa St - Donato Pison Ave,Proper - 7,Gen Luna St - Bonifacio Dr,2500.0,1.1206,M.H Del Pilar,Molo - 4,Molo - 9,346.41,331.57,889.9
mandurriao - 6,R Mapa St - Donato Pison Ave,Proper - 7,Gen Luna St - Bonifacio Dr,2500.0,1.1206,M.H Del Pilar,Molo - 9,Molo - 10,346.41,331.57,889.9
mandurriao - 6,R Mapa St - Donato Pison Ave,Proper - 7,Gen Luna St - Bonifacio Dr,2500.0,1.1206,Molo - Proper Connect,Molo - 10,Proper - 1,346.41,331.57,889.9
mandurriao - 6,R Mapa St - Donato Pison Ave,Proper - 8,Gen Luna St - Ruperto Montinola St,2500.0,1.1297,M.H Del Pilar,Molo - 4,Molo - 9,350.54,329.09,1286.99
mandurriao - 6,R Mapa St - Donato Pison Ave,Proper - 8,Gen Luna St - Ruperto Montinola St,2500.0,1.1297,M.H Del Pilar,Molo - 9,Molo - 10,350.54,329.09,1286.99
mandurriao - 6,R Mapa St - Donato Pison Ave,Proper - 8,Gen Luna St - Ruperto Montinola St,2500.0,1.1297,Molo - Proper Connect,Molo - 10,Proper - 1,350.54,329.09,1286.99
mandurriao - 6,R Mapa St - Donato Pison Ave,Proper - 9,Gen Luna St - Muelle Loney St,2500.0,1.1278,M.H Del Pilar,Molo - 4,Molo - 9,355.23,333.78,1286.99
mandurriao - 6,R Mapa St - Donato Pison Ave,Proper - 9,Gen Luna St - Muelle Loney St,2500.0,1.1278,M.H Del Pilar,Molo - 9,Molo - 10,355.23,333.78,1286.99
mandurriao - 6,R Mapa St - Donato Pison Ave,Proper - 9,Gen Luna St - Muelle Loney St,2500.0,1.1278,Molo - Proper Connect,Molo - 10,Proper - 1,355.23,333.78,1286.99
mandurriao - 6,R Mapa St - Donato Pison Ave,Proper - 10,Delgado St - Ruperto Montinola St,2500.0,1.154,Timawa St,Molo - 5,Proper - 2,352.56,346.82,344.04
mandurriao - 6,R Mapa St - Donato Pison Ave,Proper - 11,Ledesma St - Ruperto Montinola St,2500.0,1.1447,Timawa St,Molo - 5,Proper - 2,353.37,352.27,65.9
mandurriao - 6,R Mapa St - Donato Pison Ave,Proper - 13,JM Basa St - De la Rama St,2500.0,1.1132,Timawa St,Molo - 5,Proper - 2,395.84,393.47,141.96
mandurriao - 6,R Mapa St - Donato Pison Ave,Proper - 13,JM Basa St - De la Rama St,2500.0,1.1132,Ledesma St,Proper - 6,Proper - 11,395.84,394.0,110.22
mandurriao - 6,R Mapa St - Donato Pison Ave,Proper - 14,JM Basa St - Rizal St,2500.0,1.1449,Timawa St,Molo - 5,Proper - 2,399.41,399.06,21.29
mandurriao - 6,R Mapa St - Donato Pison Ave,Proper - 15,General Hughes St - Duran St,2500.0,1.1344,Timawa St,Molo - 5,Proper - 2,426.76,426.4,21.29
mandurriao - 6,R Mapa St - Donato Pison Ave,Proper - 17,Dela Rama St - Blumentritt,2500.0,1.1023,Arroyo St (Rev),Proper - 11,Proper - 12,437.66,435.44,133.15
mandurriao - 6,R Mapa St - Donato Pison Ave,Proper - 18,Muelle Loney St - Blumentritt Left,2000.0,1.1231,Locsin St,Molo - 4,Molo - 5,336.92,336.89,2.07
mandurriao - 6,R Mapa St - Donato Pison Ave,Proper - 18,Muelle Loney St - Blumentritt Left,2000.0,1.1231,M.H Del Pilar,Molo - 4,Molo - 9,336.92,336.86,3.94
mandurriao - 6,R Mapa St - Donato Pison Ave,Proper - 18,Muelle Loney St - Blumentritt Left,2000.0,1.1231,M.H Del Pilar,Molo - 9,Molo - 10,336.92,336.86,3.94
mandurriao - 6,R Mapa St - Donato Pison Ave,Proper - 18,Muelle Loney St - Blumentritt Left,2000.0,1.1231,Molo - Proper Connect,Molo - 10,Proper - 1,336.92,336.86,3.94
mandurriao - 6,R Mapa St - Donato Pison Ave,Proper - 18,Muelle Loney St - Blumentritt Left,2000.0,1.1231,Gen Luna St 1,Proper - 1,Proper - 7,336.92,336.86,3.94
mandurriao - 6,R Mapa St - Donato Pison Ave,Proper - 18,Muelle Loney St - Blumentritt Left,2000.0,1.1231,Gen Luna St 2,Proper - 7,Proper - 8,336.92,336.86,3.94
mandurriao - 6,R Mapa St - Donato Pison Ave,Proper - 18,Muelle Loney St - Blumentritt Left,2000.0,1.1231,Gen Luna St 3,Proper - 8,Proper - 9,336.92,336.86,3.94
mandurriao - 6,R Mapa St - Donato Pison Ave,Proper - 18,Muelle Loney St - Blumentritt Left,2000.0,1.1231,Muelle Loney St 1,Proper - 9,Proper - 12,336.92,336.86,3.94
mandurriao - 6,R Mapa St - Donato Pison Ave,Proper - 18,Muelle Loney St - Blumentritt Left,2000.0,1.1231,Arroyo St (Rev),Proper - 11,Proper - 12,336.92,336.56,21.78
mandurriao - 6,R Mapa St - Donato Pison Ave,Proper - 19,Muelle Loney St - Blumentritt Right,2500.0,1.1174,Arroyo St (Rev),Proper - 11,Proper - 12,474.67,474.57,6.19
mandurriao - 6,R Mapa St - Donato Pison Ave,Proper - 19,Muelle Loney St - Blumentritt Right,2500.0,1.1174,Blumentritt 1 (Rev),Proper - 18,Proper - 17,474.67,473.49,70.73
mandurriao - 6,R Mapa St - Donato Pison Ave,Proper - 20,De la Rama St,2500.0,1.0901,Arroyo St (Rev),Proper - 11,Proper - 12,490.78,488.59,131.11
mandurriao - 6,R Mapa St - Donato Pison Ave,Proper - 21,Fort San Pedro Dr - Muelle Loney St,2500.0,1.1003,Timawa St,Molo - 5,Proper - 2,481.23,480.46,46.13
mandurriao - 6,R Mapa St - Donato Pison Ave,Proper - 22,Fort San Pedro Dr - General Hughes St,2500.0,1.1253,Timawa St,Molo - 5,Proper - 2,454.11,453.75,21.29
mandurriao - 6,R Mapa St - Donato Pison Ave,jaro - 1,E Lopez St - Luna St,3000.0,1.0428,Old Iloilo - Capiz Rd (Rev),Proper - 1,mandurriao - 1,411.99,404.69,438.11
mandurriao - 6,R Mapa St - Donato Pison Ave,jaro - 4,Plaza Rizal St - E Lopez St,5000.0,1.1227,Old Iloilo - Capiz Rd (Rev),Proper - 1,mandurriao - 1,931.05,876.83,3253.19
mandurriao - 6,R Mapa St - Donato Pison Ave,jaro - 5,Plaza Rizal St - Commission Civil St,5000.0,1.12,Old Iloilo - Capiz Rd (Rev),Proper - 1,mandurriao - 1,949.8,895.58,3253.19
mandurriao - 6,R Mapa St - Donato Pison Ave,jaro - 6,Plaza Rizal St - Iloilo-Capiz Rd/Lopez Jaena St,5000.0,1.1151,Old Iloilo - Capiz Rd (Rev),Proper - 1,mandurriao - 1,985.75,931.53,3253.19
mandurriao - 6,R Mapa St - Donato Pison Ave,jaro - 7,Plaza Rizal St - El 98 St,5000.0,1.1755,Old Iloilo - Capiz Rd (Rev),Proper - 1,mandurriao - 1,985.42,915.87,4172.56
mandurriao - 6,R Mapa St - Donato Pison Ave,jaro - 9,Iloilo-Capiz Rd - Balabago Rd,3500.0,1.3465,Old Iloilo - Capiz Rd (Rev),Proper - 1,mandurriao - 1,976.65,953.09,1413.73
mandurriao - 6,R Mapa St - Donato Pison Ave,jaro - 13,Buhang Flyover,2500.0,1.0915,Old Iloilo - Capiz Rd (Rev),Proper - 1,mandurriao - 1,588.8,584.73,244.37
mandurriao - 6,R Mapa St - Donato Pison Ave,jaro - 14,Iloilo-Capiz Rd - Iloilo Circumferential Rd 1,2500.0,1.1009,Old Iloilo - Capiz Rd (Rev),Proper - 1,mandurriao - 1,574.9,569.99,294.9
mandurriao - 6,R Mapa St - Donato Pison Ave,jaro - 15,Iloilo Circumferential Rd 1 - Iloilo Radial By-Pass Rd 4,2500.0,1.0839,Old Iloilo - Capiz Rd (Rev),Proper - 1,mandurriao - 1,637.91,633.84,244.37
mandurriao - 6,R Mapa St - Donato Pison Ave,jaro - 20,Coastal Rd - Leganes,2000.0,1.0121,Old Iloilo - Capiz Rd (Rev),Proper - 1,mandurriao - 1,500.25,499.62,37.46
mandurriao - 6,R Mapa St - Donato Pison Ave,jaro - 21,Iloilo R4 Rd - Leganes,3000.0,1.0498,Old Iloilo - Capiz Rd (Rev),Proper - 1,mandurriao - 1,948.96,941.22,464.85
mandurriao - 6,R Mapa St - Donato Pison Ave,jaro - 22,Iloilo Radial By-Pass Rd 4 - Leganes,3000.0,1.0419,Old Iloilo - Capiz Rd (Rev),Proper - 1,mandurriao - 1,1018.31,1011.29,421.38
mandurriao - 6,R Mapa St - Donato Pison Ave,jaro - 23,Iloilo Circumferential Rd 1 - Pavia,3000.0,1.0419,Old Iloilo - Capiz Rd (Rev),Proper - 1,mandurriao - 1,1018.31,1011.29,421.38
mandurriao - 6,R Mapa St - Donato Pison Ave,lapaz - 2,Rizal St - Luna St,2000.0,1.1333,Bonifacio Drive,Proper - 7,lapaz - 10,292.04,292.01,1.31
mandurriao - 6,R Mapa St - Donato Pison Ave,lapaz - 2,Rizal St - Luna St,2000.0,1.1333,Luna St - Esplanade 5 (Rev),lapaz - 10,lapaz - 1,292.04,292.01,1.31
mandurriao - 6,R Mapa St - Donato Pison Ave,lapaz - 9,Baldoza St - Monfort Blvd,2000.0,1.0706,Huervana St - Burgos St,lapaz - 2,lapaz - 4,369.48,369.13,21.29
mandurriao - 6,R Mapa St - Donato Pison Ave,lapuz - 2,Rizal St - Quirino-Lopez Bridge,2500.0,1.1218,M.H Del Pilar,Molo - 4,Molo - 9,370.85,349.4,1286.99
mandurriao - 6,R Mapa St - Donato Pison Ave,lapuz - 2,Rizal St - Quirino-Lopez Bridge,2500.0,1.1218,M.H Del Pilar,Molo - 9,Molo - 10,370.85,349.4,1286.99
mandurriao - 6,R Mapa St - Donato Pison Ave,lapuz - 2,Rizal St - Quirino-Lopez Bridge,2500.0,1.1218,Molo - Proper Connect,Molo - 10,Proper - 1,370.85,349.4,1286.99
mandurriao - 6,R Mapa St - Donato Pison Ave,lapuz - 4,Rizal St - New Iloilo Ferry Terminal Access Rd,5000.0,1.1291,Luna St (Rev),jaro - 1,lapaz - 3,1315.86,1291.09,1486.24
mandurriao - 6,R Mapa St - Donato Pison Ave,lapuz - 4,Rizal St - New Iloilo Ferry Terminal Access Rd,5000.0,1.1291,E Lopez St (Rev),jaro - 4,jaro - 1,1315.86,1291.09,1486.24
mandurriao - 6,R Mapa St - Donato Pison Ave,lapuz - 4,Rizal St - New Iloilo Ferry Terminal Access Rd,5000.0,1.1291,Huervana St - Rizal St,lapaz - 1,lapaz - 2,1315.86,1291.09,1486.24
mandurriao - 6,R Mapa St - Donato Pison Ave,lapuz - 4,Rizal St - New Iloilo Ferry Terminal Access Rd,5000.0,1.1291,Rizal St - Huervana St,lapaz - 2,lapuz - 2,1315.86,1291.09,1486.24
mandurriao - 6,R Mapa St - Donato Pison Ave,lapuz - 4,Rizal St - New Iloilo Ferry Terminal Access Rd,5000.0,1.1291,Luna St - Huervana St,lapaz - 3,lapaz - 1,1315.86,1291.09,1486.24
mandurriao - 6,R Mapa St - Donato Pison Ave,lapuz - 5,New Iloilo Ferry Terminal Access Rd,5000.0,1.1157,Luna St (Rev),jaro - 1,lapaz - 3,1450.15,1425.37,1486.24
mandurriao - 6,R Mapa St - Donato Pison Ave,lapuz - 5,New Iloilo Ferry Terminal Access Rd,5000.0,1.1157,E Lopez St (Rev),jaro - 4,jaro - 1,1450.15,1425.37,1486.24
mandurriao - 6,R Mapa St - Donato Pison Ave,lapuz - 5,New Iloilo Ferry Terminal Access Rd,5000.0,1.1157,Huervana St - Rizal St,lapaz - 1,lapaz - 2,1450.15,1425.37,1486.24
mandurriao - 6,R Mapa St - Donato Pison Ave,lapuz - 5,New Iloilo Ferry Terminal Access Rd,5000.0,1.1157,Rizal St - Huervana St,lapaz - 2,lapuz - 2,1450.15,1425.37,1486.24
mandurriao - 6,R Mapa St - Donato Pison Ave,lapuz - 5,New Iloilo Ferry Terminal Access Rd,5000.0,1.1157,Luna St - Huervana St,lapaz - 3,lapaz - 1,1450.15,1425.37,1486.24
mandurriao - 6,R Mapa St - Donato Pison Ave,lapuz - 7,Lapuz-Mansaya-Roboc Rd - Coastal Rd,2000.0,1.0998,Gen Luna St 2,Proper - 7,Proper - 8,397.79,397.5,17.32
mandurriao - 7,Tabucan Mandurriao,Proper - 7,Gen Luna St - Bonifacio Dr,3500.0,1.0406,M.H Del Pilar,Molo - 4,Molo - 9,799.09,771.88,1632.6
mandurriao - 7,Tabucan Mandurriao,Proper - 7,Gen Luna St - Bonifacio Dr,3500.0,1.0406,M.H Del Pilar,Molo - 9,Molo - 10,799.09,771.88,1632.6
mandurriao - 7,Tabucan Mandurriao,Proper - 7,Gen Luna St - Bonifacio Dr,3500.0,1.0406,Molo - Proper Connect,Molo - 10,Proper - 1,799.09,771.88,1632.6
mandurriao - 7,Tabucan Mandurriao,Proper - 8,Gen Luna St - Ruperto Montinola St,3500.0,1.0362,M.H Del Pilar,Molo - 4,Molo - 9,795.4,768.2,1632.03
mandurriao - 7,Tabucan Mandurriao,Proper - 8,Gen Luna St - Ruperto Montinola St,3500.0,1.0362,M.H Del Pilar,Molo - 9,Molo - 10,795.4,768.2,1632.03
mandurriao - 7,Tabucan Mandurriao,Proper - 8,Gen Luna St - Ruperto Montinola St,3500.0,1.0362,Molo - Proper Connect,Molo - 10,Proper - 1,795.4,768.2,1632.03
mandurriao - 7,Tabucan Mandurriao,Proper - 9,Gen Luna St - Muelle Loney St,3500.0,1.0359,M.H Del Pilar,Molo - 4,Molo - 9,801.96,774.76,1632.03
mandurriao - 7,Tabucan Mandurriao,Proper - 9,Gen Luna St - Muelle Loney St,3500.0,1.0359,M.H Del Pilar,Molo - 9,Molo - 10,801.96,774.76,1632.03
mandurriao - 7,Tabucan Mandurriao,Proper - 9,Gen Luna St - Muelle Loney St,3500.0,1.0359,Molo - Proper Connect,Molo - 10,Proper - 1,801.96,774.76,1632.03
mandurriao - 7,Tabucan Mandurriao,Proper - 10,Delgado St - Ruperto Montinola St,3500.0,1.0424,Timawa St,Molo - 5,Proper - 2,789.73,784.29,325.85
mandurriao - 7,Tabucan Mandurriao,Proper - 11,Ledesma St - Ruperto Montinola St,3500.0,1.0471,Timawa St,Molo - 5,Proper - 2,797.08,794.27,169.07
mandurriao - 7,Tabucan Mandurriao,Proper - 12,Arroyo St - Muelle Loney St,3000.0,1.069,M.H Del Pilar,Molo - 4,Molo - 9,583.48,582.68,48.35
mandurriao - 7,Tabucan Mandurriao,Proper - 12,Arroyo St - Muelle Loney St,3000.0,1.069,M.H Del Pilar,Molo - 9,Molo - 10,583.48,582.68,48.35
mandurriao - 7,Tabucan Mandurriao,Proper - 12,Arroyo St - Muelle Loney St,3000.0,1.069,Molo - Proper Connect,Molo - 10,Proper - 1,583.48,582.68,48.35
mandurriao - 7,Tabucan Mandurriao,Proper - 14,JM Basa St - Rizal St,3000.0,1.0798,Timawa St,Molo - 5,Proper - 2,621.25,620.59,39.68
mandurriao - 7,Tabucan Mandurriao,Proper - 15,General Hughes St - Duran St,3500.0,1.0436,Timawa St,Molo - 5,Proper - 2,920.21,919.01,71.63
mandurriao - 7,Tabucan Mandurriao,Proper - 17,Dela Rama St - Blumentritt,2500.0,1.0883,Arroyo St (Rev),Proper - 11,Proper - 12,500.15,497.97,131.11
mandurriao - 7,Tabucan Mandurriao,Proper - 18,Muelle Loney St - Blumentritt Left,3000.0,1.039,M.H Del Pilar,Molo - 4,Molo - 9,663.5,661.85,99.48
mandurriao - 7,Tabucan Mandurriao,Proper - 18,Muelle Loney St - Blumentritt Left,3000.0,1.039,M.H Del Pilar,Molo - 9,Molo - 10,663.5,661.85,99.48
mandurriao - 7,Tabucan Mandurriao,Proper - 18,Muelle Loney St - Blumentritt Left,3000.0,1.039,Molo - Proper Connect,Molo - 10,Proper - 1,663.5,661.85,99.48
mandurriao - 7,Tabucan Mandurriao,Proper - 19,Muelle Loney St - Blumentritt Right,2500.0,1.1023,Arroyo St (Rev),Proper - 11,Proper - 12,537.14,537.09,3.06
mandurriao - 7,Tabucan Mandurriao,Proper - 19,Muelle Loney St - Blumentritt Right,2500.0,1.1023,Blumentritt 1 (Rev),Proper - 18,Proper - 17,537.14,535.15,119.63
mandurriao - 7,Tabucan Mandurriao,Proper - 20,De la Rama St,3500.0,1.014,M.H Del Pilar,Molo - 4,Molo - 9,1175.46,1174.66,48.28
mandurriao - 7,Tabucan Mandurriao,Proper - 20,De la Rama St,3500.0,1.014,M.H Del Pilar,Molo - 9,Molo - 10,1175.46,1174.66,48.28
mandurriao - 7,Tabucan Mandurriao,Proper - 20,De la Rama St,3500.0,1.014,Molo - Proper Connect,Molo - 10,Proper - 1,1175.46,1174.66,48.28
mandurriao - 7,Tabucan Mandurriao,Proper - 21,Fort San Pedro Dr - Muelle Loney St,3000.0,1.0483,Timawa St,Molo - 5,Proper - 2,724.34,722.9,86.61
mandurriao - 7,Tabucan Mandurriao,Proper - 21,Fort San Pedro Dr - Muelle Loney St,3000.0,1.0483,Arroyo St (Rev),Proper - 11,Proper - 12,724.34,724.33,0.51
mandurriao - 7,Tabucan Mandurriao,jaro - 2,Commission Civil St - Burgos St,2500.0,1.0716,Old Iloilo - Capiz Rd (Rev),Proper - 1,mandurriao - 1,461.93,458.5,205.32
mandurriao - 7,Tabucan Mandurriao,jaro - 12,Buhang Flyover,2500.0,1.0573,Old Iloilo - Capiz Rd (Rev),Proper - 1,mandurriao - 1,624.12,619.86,255.83
mandurriao - 7,Tabucan Mandurriao,jaro - 13,Buhang Flyover,3000.0,1.0501,Old Iloilo - Capiz Rd (Rev),Proper - 1,mandurriao - 1,858.4,851.37,421.38
mandurriao - 7,Tabucan Mandurriao,jaro - 14,Iloilo-Capiz Rd - Iloilo Circumferential Rd 1,3500.0,1.0287,Old Iloilo - Capiz Rd (Rev),Proper - 1,mandurriao - 1,1127.67,1122.1,334.11
mandurriao - 7,Tabucan Mandurriao,jaro - 15,Iloilo Circumferential Rd 1 - Iloilo Radial By-Pass Rd 4,3500.0,1.0205,Old Iloilo - Capiz Rd (Rev),Proper - 1,mandurriao - 1,1266.12,1263.81,138.21
mandurriao - 7,Tabucan Mandurriao,lapuz - 2,Rizal St - Quirino-Lopez Bridge,3500.0,1.0242,M.H Del Pilar,Molo - 4,Molo - 9,836.28,809.08,1632.03
mandurriao - 7,Tabucan Mandurriao,lapuz - 2,Rizal St - Quirino-Lopez Bridge,3500.0,1.0242,M.H Del Pilar,Molo - 9,Molo - 10,836.28,809.08,1632.03
mandurriao - 7,Tabucan Mandurriao,lapuz - 2,Rizal St - Quirino-Lopez Bridge,3500.0,1.0242,Molo - Proper Connect,Molo - 10,Proper - 1,836.28,809.08,1632.03
mandurriao - 7,Tabucan Mandurriao,lapuz - 2,Rizal St - Quirino-Lopez Bridge,3500.0,1.0242,Infante St 1,Proper - 1,Proper - 2,836.28,835.84,26.31
mandurriao - 7,Tabucan Mandurriao,lapuz - 6,Rizal St - Lapuz-Mansaya-Roboc Rd,3500.0,1.031,M.H Del Pilar,Molo - 4,Molo - 9,1059.33,1031.51,1669.11
mandurriao - 7,Tabucan Mandurriao,lapuz - 6,Rizal St - Lapuz-Mansaya-Roboc Rd,3500.0,1.031,M.H Del Pilar,Molo - 9,Molo - 10,1059.33,1031.51,1669.11
mandurriao - 7,Tabucan Mandurriao,lapuz - 6,Rizal St - Lapuz-Mansaya-Roboc Rd,3500.0,1.031,Molo - Proper Connect,Molo - 10,Proper - 1,1059.33,1031.51,1669.11
mandurriao - 7,Tabucan Mandurriao,lapuz - 6,Rizal St - Lapuz-Mansaya-Roboc Rd,3500.0,1.031,Infante St 1,Proper - 1,Proper - 2,1059.33,1042.81,991.54
mandurriao - 7,Tabucan Mandurriao,lapuz - 6,Rizal St - Lapuz-Mansaya-Roboc Rd,3500.0,1.031,Delgado St,Proper - 2,Proper - 10,1059.33,1052.38,416.93
mandurriao - 7,Tabucan Mandurriao,lapuz - 6,Rizal St - Lapuz-Mansaya-Roboc Rd,3500.0,1.031,Ruperto Montinola St 1 (Rev),Proper - 10,Proper - 8,1059.33,1058.66,40.13
mandurriao - 7,Tabucan Mandurriao,lapuz - 7,Lapuz-Mansaya-Roboc Rd - Coastal Rd,3000.0,1.0269,M.H Del Pilar,Molo - 4,Molo - 9,755.84,755.63,12.3
mandurriao - 7,Tabucan Mandurriao,lapuz - 7,Lapuz-Mansaya-Roboc Rd - Coastal Rd,3000.0,1.0269,M.H Del Pilar,Molo - 9,Molo - 10,755.84,755.63,12.3
mandurriao - 7,Tabucan Mandurriao,lapuz - 7,Lapuz-Mansaya-Roboc Rd - Coastal Rd,3000.0,1.0269,Molo - Proper Connect,Molo - 10,Proper - 1,755.84,755.63,12.3
mandurriao - 9,Mandurriao-Sn Miguel Rd,jaro - 12,Buhang Flyover,3500.0,1.0597,Buhang Flyover (Rev),jaro - 13,jaro - 12,1267.42,1267.19,13.74
mandurriao - 9,Mandurriao-Sn Miguel Rd,jaro - 12,Buhang Flyover,3500.0,1.0597,Buhang Flyover - Iloilo-Capiz Rd (Rev),jaro - 14,jaro - 13,1267.42,1267.19,13.74
mandurriao - 9,Mandurriao-Sn Miguel Rd,jaro - 13,Buhang Flyover,3500.0,1.0781,Iloilo-Capiz Rd - Buhang Flyover,jaro - 14,jaro - 12,1311.9,1310.37,91.39
mandurriao - 9,Mandurriao-Sn Miguel Rd,jaro - 15,Iloilo Circumferential Rd 1 - Iloilo Radial By-Pass Rd 4,3500.0,1.0715,Iloilo-Capiz Rd - Buhang Flyover,jaro - 14,jaro - 12,1419.46,1417.92,92.51
mandurriao - 10,Iloilo Circumferential Rd 1 - Mandurriao-Sn Miguel Rd,jaro - 12,Buhang Flyover,3500.0,1.0579,Buhang Flyover (Rev),jaro - 13,jaro - 12,1304.11,1303.88,13.74
mandurriao - 10,Iloilo Circumferential Rd 1 - Mandurriao-Sn Miguel Rd,jaro - 12,Buhang Flyover,3500.0,1.0579,Buhang Flyover - Iloilo-Capiz Rd (Rev),jaro - 14,jaro - 13,1304.11,1303.88,13.74
mandurriao - 10,Iloilo Circumferential Rd 1 - Mandurriao-Sn Miguel Rd,jaro - 13,Buhang Flyover,3500.0,1.0758,Iloilo-Capiz Rd - Buhang Flyover,jaro - 14,jaro - 12,1348.58,1346.76,109.4
mandurriao - 10,Iloilo Circumferential Rd 1 - Mandurriao-Sn Miguel Rd,jaro - 15,Iloilo Circumferential Rd 1 - Iloilo Radial By-Pass Rd 4,4000.0,1.0408,Burgos St (Rev),jaro - 2,lapaz - 7,1931.09,1930.93,9.64
mandurriao - 10,Iloilo Circumferential Rd 1 - Mandurriao-Sn Miguel Rd,jaro - 15,Iloilo Circumferential Rd 1 - Iloilo Radial By-Pass Rd 4,4000.0,1.0408,Commission Civil St (Rev),jaro - 5,jaro - 2,1931.09,1930.93,9.64
mandurriao - 10,Iloilo Circumferential Rd 1 - Mandurriao-Sn Miguel Rd,jaro - 15,Iloilo Circumferential Rd 1 - Iloilo Radial By-Pass Rd 4,4000.0,1.0408,Burgos St - Huervana St,lapaz - 7,lapaz - 4,1931.09,1930.93,9.64
mandurriao - 11,Mandurriao-Sn Miguel Rd - Iloilo Circumferential Rd 1,jaro - 12,Buhang Flyover,3500.0,1.0582,Buhang Flyover (Rev),jaro - 13,jaro - 12,1299.2,1298.97,13.74
mandurriao - 11,Mandurriao-Sn Miguel Rd - Iloilo Circumferential Rd 1,jaro - 12,Buhang Flyover,3500.0,1.0582,Buhang Flyover - Iloilo-Capiz Rd (Rev),jaro - 14,jaro - 13,1299.2,1298.97,13.74
mandurriao - 11,Mandurriao-Sn Miguel Rd - Iloilo Circumferential Rd 1,jaro - 13,Buhang Flyover,3500.0,1.0761,Iloilo-Capiz Rd - Buhang Flyover,jaro - 14,jaro - 12,1343.68,1341.85,109.4
mandurriao - 11,Mandurriao-Sn Miguel Rd - Iloilo Circumferential Rd 1,jaro - 15,Iloilo Circumferential Rd 1 - Iloilo Radial By-Pass Rd 4,4000.0,1.041,Burgos St (Rev),jaro - 2,lapaz - 7,1923.55,1923.39,9.64
mandurriao - 11,Mandurriao-Sn Miguel Rd - Iloilo Circumferential Rd 1,jaro - 15,Iloilo Circumferential Rd 1 - Iloilo Radial By-Pass Rd 4,4000.0,1.041,Commission Civil St (Rev),jaro - 5,jaro - 2,1923.55,1923.39,9.64
mandurriao - 11,Mandurriao-Sn Miguel Rd - Iloilo Circumferential Rd 1,jaro - 15,Iloilo Circumferential Rd 1 - Iloilo Radial By-Pass Rd 4,4000.0,1.041,Burgos St - Huervana St,lapaz - 7,lapaz - 4,1923.55,1923.39,9.64
mandurriao - 12,Iloilo Circumferential Rd 1,jaro - 12,Buhang Flyover,3500.0,1.0601,Buhang Flyover (Rev),jaro - 13,jaro - 12,1259.99,1259.76,13.74
mandurriao - 12,Iloilo Circumferential Rd 1,jaro - 12,Buhang Flyover,3500.0,1.0601,Buhang Flyover - Iloilo-Capiz Rd (Rev),jaro - 14,jaro - 13,1259.99,1259.76,13.74
mandurriao - 12,Iloilo Circumferential Rd 1,jaro - 13,Buhang Flyover,3500.0,1.0786,Iloilo-Capiz Rd - Buhang Flyover,jaro - 14,jaro - 12,1304.46,1302.94,91.39
mandurriao - 12,Iloilo Circumferential Rd 1,jaro - 15,Iloilo Circumferential Rd 1 - Iloilo Radial By-Pass Rd 4,3500.0,1.0719,Iloilo-Capiz Rd - Buhang Flyover,jaro - 14,jaro - 12,1412.03,1410.49,92.51
jaro - 1,E Lopez St - Luna St,Molo - 6,Locsin St. - Baluarte - Calumpag - Villa - Oton Blvd,3000.0,1.058,Infante St 1,Proper - 1,Proper - 2,385.99,372.92,784.21
jaro - 1,E Lopez St - Luna St,Molo - 6,Locsin St. - Baluarte - Calumpag - Villa - Oton Blvd,3000.0,1.058,Infante St 2,Proper - 2,Proper - 3,385.99,372.67,799.19
jaro - 1,E Lopez St - Luna St,Molo - 6,Locsin St. - Baluarte - Calumpag - Villa - Oton Blvd,3000.0,1.058,Rizal St 1,Proper - 5,Proper - 3,385.99,385.52,28.47
jaro - 1,E Lopez St - Luna St,Molo - 6,Locsin St. - Baluarte - Calumpag - Villa - Oton Blvd,3000.0,1.058,Rizal St 2 (Rev),Proper - 6,Proper - 5,385.99,385.52,28.47
jaro - 1,E Lopez St - Luna St,Molo - 6,Locsin St. - Baluarte - Calumpag - Villa - Oton Blvd,3000.0,1.058,Gen Luna St 2,Proper - 7,Proper - 8,385.99,385.52,28.47
jaro - 1,E Lopez St - Luna St,Molo - 6,Locsin St. - Baluarte - Calumpag - Villa - Oton Blvd,3000.0,1.058,Ruperto Montinola St 1,Proper - 8,Proper - 10,385.99,385.52,28.47
jaro - 1,E Lopez St - Luna St,Molo - 6,Locsin St. - Baluarte - Calumpag - Villa - Oton Blvd,3000.0,1.058,Ruperto Montinola St 2,Proper - 10,Proper - 11,385.99,385.52,28.47
jaro - 1,E Lopez St - Luna St,Molo - 6,Locsin St. - Baluarte - Calumpag - Villa - Oton Blvd,3000.0,1.058,Ledesma St (Rev),Proper - 11,Proper - 6,385.99,385.52,28.47
jaro - 1,E Lopez St - Luna St,Proper - 4,Baluarte - Calumpang - Villa - Oton Blvd - Infante St,5500.0,1.1092,Infante St 1,Proper - 1,Proper - 2,840.36,830.5,591.21
jaro - 1,E Lopez St - Luna St,Proper - 11,Ledesma St - Ruperto Montinola St,5500.0,1.1537,Burgos St (Rev),jaro - 2,lapaz - 7,722.66,709.85,768.54
jaro - 1,E Lopez St - Luna St,Proper - 11,Ledesma St - Ruperto Montinola St,5500.0,1.1537,Commission Civil St (Rev),jaro - 5,jaro - 2,722.66,709.85,768.54
jaro - 1,E Lopez St - Luna St,Proper - 11,Ledesma St - Ruperto Montinola St,5500.0,1.1537,Huervana St - Burgos St (Rev),lapaz - 4,lapaz - 2,722.66,709.85,768.54
jaro - 1,E Lopez St - Luna St,Proper - 11,Ledesma St - Ruperto Montinola St,5500.0,1.1537,Burgos St - Huervana St,lapaz - 7,lapaz - 4,722.66,709.85,768.54
jaro - 1,E Lopez St - Luna St,Proper - 12,Arroyo St - Muelle Loney St,4500.0,1.2872,Gen Luna St 2,Proper - 7,Proper - 8,597.71,592.53,310.82
jaro - 1,E Lopez St - Luna St,Proper - 12,Arroyo St - Muelle Loney St,4500.0,1.2872,Gen Luna St 3,Proper - 8,Proper - 9,597.71,587.79,595.34
jaro - 1,E Lopez St - Luna St,Proper - 12,Arroyo St - Muelle Loney St,4500.0,1.2872,Ruperto Montinola St 1,Proper - 8,Proper - 10,597.71,580.96,1005.01
jaro - 1,E Lopez St - Luna St,Proper - 12,Arroyo St - Muelle Loney St,4500.0,1.2872,Gen Luna St 3 (Rev),Proper - 9,Proper - 8,597.71,583.23,868.64
jaro - 1,E Lopez St - Luna St,Proper - 12,Arroyo St - Muelle Loney St,4500.0,1.2872,Luna St - Esplanade 5,lapaz - 1,lapaz - 10,597.71,592.53,310.82
jaro - 1,E Lopez St - Luna St,Proper - 12,Arroyo St - Muelle Loney St,4500.0,1.2872,Huervana St - Rizal St,lapaz - 1,lapaz - 2,597.71,596.78,56.06
jaro - 1,E Lopez St - Luna St,Proper - 12,Arroyo St - Muelle Loney St,4500.0,1.2872,Rizal St - Huervana St,lapaz - 2,lapuz - 2,597.71,596.78,56.06
jaro - 1,E Lopez St - Luna St,Proper - 12,Arroyo St - Muelle Loney St,4500.0,1.2872,Bonifacio Drive (Rev),lapaz - 10,Proper - 7,597.71,592.53,310.82
jaro - 1,E Lopez St - Luna St,Proper - 12,Arroyo St - Muelle Loney St,4500.0,1.2872,Quirino - Lopez Bridge (Rev),lapuz - 2,Proper - 9,597.71,596.78,56.06
jaro - 1,E Lopez St - Luna St,Proper - 13,JM Basa St - De la Rama St,4000.0,1.2989,Ruperto Montinola St 1,Proper - 8,Proper - 10,590.43,579.65,647.23
jaro - 1,E Lopez St - Luna St,Proper - 13,JM Basa St - De la Rama St,4000.0,1.2989,Muelle Loney St 2,Proper - 12,Proper - 18,590.43,583.33,426.41
jaro - 1,E Lopez St - Luna St,Proper - 13,JM Basa St - De la Rama St,4000.0,1.2989,Dela Rama St 1 (Rev),Proper - 17,Proper - 13,590.43,583.33,426.41
jaro - 1,E Lopez St - Luna St,Proper - 13,JM Basa St - De la Rama St,4000.0,1.2989,Blumentritt 1 (Rev),Proper - 18,Proper - 17,590.43,583.33,426.41
jaro - 1,E Lopez St - Luna St,Proper - 15,General Hughes St - Duran St,4000.0,1.1535,JM Basa St 1,Proper - 11,Proper - 13,672.1,662.25,590.94
jaro - 1,E Lopez St - Luna St,Proper - 15,General Hughes St - Duran St,4000.0,1.1535,Arroyo St,Proper - 12,Proper - 11,672.1,667.42,280.94
jaro - 1,E Lopez St - Luna St,Proper - 15,General Hughes St - Duran St,4000.0,1.1535,JM Basa St 2,Proper - 13,Proper - 14,672.1,650.32,1307.04
jaro - 1,E Lopez St - Luna St,Proper - 17,Dela Rama St - Blumentritt,4500.0,1.1264,JM Basa St 1,Proper - 11,Proper - 13,774.21,756.78,1046.1
jaro - 1,E Lopez St - Luna St,Proper - 18,Muelle Loney St - Blumentritt Left,4500.0,1.1795,Ruperto Montinola St 1,Proper - 8,Proper - 10,737.72,727.9,588.95
jaro - 1,E Lopez St - Luna St,Proper - 18,Muelle Loney St - Blumentritt Left,4500.0,1.1795,Gen Luna St 3 (Rev),Proper - 9,Proper - 8,737.72,728.55,550.41
jaro - 1,E Lopez St - Luna St,Proper - 19,Muelle Loney St - Blumentritt Right,4500.0,1.1882,Gen Luna St 3,Proper - 8,Proper - 9,825.94,806.1,1190.08
jaro - 1,E Lopez St - Luna St,Proper - 19,Muelle Loney St - Blumentritt Right,4500.0,1.1882,Ruperto Montinola St 1,Proper - 8,Proper - 10,825.94,811.64,857.57
jaro - 1,E Lopez St - Luna St,Proper - 19,Muelle Loney St - Blumentritt Right,4500.0,1.1882,Arroyo St (Rev),Proper - 11,Proper - 12,825.94,823.4,152.37
jaro - 1,E Lopez St - Luna St,Proper - 19,Muelle Loney St - Blumentritt Right,4500.0,1.1882,Blumentritt 1,Proper - 17,Proper - 18,825.94,821.18,285.47
jaro - 1,E Lopez St - Luna St,Proper - 19,Muelle Loney St - Blumentritt Right,4500.0,1.1882,Blumentritt 1 (Rev),Proper - 18,Proper - 17,825.94,814.74,672.04
jaro - 1,E Lopez St - Luna St,Proper - 21,Fort San Pedro Dr - Muelle Loney St,4000.0,1.0998,Gen Luna St 3,Proper - 8,Proper - 9,668.44,652.16,977.0
jaro - 1,E Lopez St - Luna St,Proper - 21,Fort San Pedro Dr - Muelle Loney St,4000.0,1.0998,Gen Luna St 3 (Rev),Proper - 9,Proper - 8,668.44,656.09,741.0
jaro - 1,E Lopez St - Luna St,Proper - 21,Fort San Pedro Dr - Muelle Loney St,4000.0,1.0998,Blumentritt 1 (Rev),Proper - 18,Proper - 17,668.44,661.17,436.2
jaro - 1,E Lopez St - Luna St,Proper - 22,Fort San Pedro Dr - General Hughes St,4000.0,1.1268,Ruperto Montinola St 1,Proper - 8,Proper - 10,683.18,680.55,157.33
jaro - 1,E Lopez St - Luna St,Proper - 22,Fort San Pedro Dr - General Hughes St,4000.0,1.1268,Ruperto Montinola St 2,Proper - 10,Proper - 11,683.18,680.55,157.33
jaro - 1,E Lopez St - Luna St,Proper - 22,Fort San Pedro Dr - General Hughes St,4000.0,1.1268,JM Basa St 1,Proper - 11,Proper - 13,683.18,668.46,882.89
jaro - 1,E Lopez St - Luna St,Proper - 22,Fort San Pedro Dr - General Hughes St,4000.0,1.1268,JM Basa St 2,Proper - 13,Proper - 14,683.18,663.03,1208.83
jaro - 1,E Lopez St - Luna St,mandurriao - 6,R Mapa St - Donato Pison Ave,2000.0,1.0403,Old Iloilo - Capiz Rd,mandurriao - 1,Proper - 1,286.37,277.83,512.63
jaro - 1,E Lopez St - Luna St,jaro - 16,Old Lopez Jaena St - Old Iloilo-Capiz Rd,4000.0,1.1087,Old Lopez Jaena St - Old Iloilo-Capiz Rd,jaro - 18,jaro - 17,620.65,618.88,106.26
jaro - 1,E Lopez St - Luna St,jaro - 24,Old Iloilo-Capiz Rd - Pavia,4000.0,1.1023,Old Lopez Jaena St - Old Iloilo-Capiz Rd,jaro - 18,jaro - 17,655.3,653.53,106.26
jaro - 1,E Lopez St - Luna St,lapaz - 9,Baldoza St - Monfort Blvd,4000.0,1.3447,Huervana St - Rizal St,lapaz - 1,lapaz - 2,628.69,570.21,3508.73
jaro - 1,E Lopez St - Luna St,lapaz - 9,Baldoza St - Monfort Blvd,4000.0,1.3447,Huervana St - Burgos St,lapaz - 2,lapaz - 4,628.69,592.09,2196.29
jaro - 1,E Lopez St - Luna St,lapuz - 2,Rizal St - Quirino-Lopez Bridge,4500.0,1.2707,Huervana St - Rizal St,lapaz - 1,lapaz - 2,510.2,496.94,796.07
jaro - 1,E Lopez St - Luna St,lapuz - 4,Rizal St - New Iloilo Ferry Terminal Access Rd,4500.0,1.301,Huervana St - Rizal St,lapaz - 1,lapaz - 2,754.94,741.67,796.07
jaro - 1,E Lopez St - Luna St,lapuz - 5,New Iloilo Ferry Terminal Access Rd,4500.0,1.257,Huervana St - Rizal St,lapaz - 1,lapaz - 2,858.27,844.18,845.29
jaro - 1,E Lopez St - Luna St,lapuz - 7,Lapuz-Mansaya-Roboc Rd - Coastal Rd,4000.0,1.089,Huervana St - Rizal St,lapaz - 1,lapaz - 2,595.17,582.77,744.03
jaro - 1,E Lopez St - Luna St,lapuz - 7,Lapuz-Mansaya-Roboc Rd - Coastal Rd,4000.0,1.089,Huervana St - Burgos St,lapaz - 2,lapaz - 4,595.17,567.48,1661.53
jaro - 2,Commission Civil St - Burgos St,Molo - 6,Locsin St. - Baluarte - Calumpag - Villa - Oton Blvd,2000.0,1.104,Infante St 1,Proper - 1,Proper - 2,274.29,272.58,102.5
jaro - 2,Commission Civil St - Burgos St,Molo - 6,Locsin St. - Baluarte - Calumpag - Villa - Oton Blvd,2000.0,1.104,Infante St 2,Proper - 2,Proper - 3,274.29,272.51,106.87
jaro - 2,Commission Civil St - Burgos St,Proper - 7,Gen Luna St - Bonifacio Dr,2500.0,1.2383,Rizal St - Luna St,lapaz - 2,lapaz - 3,271.41,263.52,473.77
jaro - 2,Commission Civil St - Burgos St,Proper - 8,Gen Luna St - Ruperto Montinola St,2500.0,1.1999,Rizal St - Luna St,lapaz - 2,lapaz - 3,271.89,269.29,155.71
jaro - 2,Commission Civil St - Burgos St,Proper - 11,Ledesma St - Ruperto Montinola St,2500.0,1.1872,Ruperto Montinola St 1,Proper - 8,Proper - 10,305.55,304.12,85.35
jaro - 2,Commission Civil St - Burgos St,Proper - 11,Ledesma St - Ruperto Montinola St,2500.0,1.1872,Gen Luna St 3 (Rev),Proper - 9,Proper - 8,305.55,305.49,3.25
jaro - 2,Commission Civil St - Burgos St,Proper - 13,JM Basa St - De la Rama St,2500.0,1.1574,Ruperto Montinola St 1,Proper - 8,Proper - 10,352.43,351.0,85.35
jaro - 2,Commission Civil St - Burgos St,Proper - 13,JM Basa St - De la Rama St,2500.0,1.1574,Gen Luna St 3 (Rev),Proper - 9,Proper - 8,352.43,352.37,3.25
jaro - 2,Commission Civil St - Burgos St,Proper - 14,JM Basa St - Rizal St,2500.0,1.1684,Gen Luna St 2,Proper - 7,Proper - 8,358.35,357.06,77.05
jaro - 2,Commission Civil St - Burgos St,Proper - 14,JM Basa St - Rizal St,2500.0,1.1684,Ruperto Montinola St 1,Proper - 8,Proper - 10,358.35,357.23,67.18
jaro - 2,Commission Civil St - Burgos St,Proper - 14,JM Basa St - Rizal St,2500.0,1.1684,Gen Luna St 3 (Rev),Proper - 9,Proper - 8,358.35,357.21,68.33
jaro - 2,Commission Civil St - Burgos St,Proper - 14,JM Basa St - Rizal St,2500.0,1.1684,Luna St - Esplanade 5,lapaz - 1,lapaz - 10,358.35,357.06,77.05
jaro - 2,Commission Civil St - Burgos St,Proper - 14,JM Basa St - Rizal St,2500.0,1.1684,Rizal St - Luna St,lapaz - 2,lapaz - 3,358.35,357.06,77.05
jaro - 2,Commission Civil St - Burgos St,Proper - 14,JM Basa St - Rizal St,2500.0,1.1684,Rizal St - Huervana St,lapaz - 2,lapuz - 2,358.35,357.21,68.33
jaro - 2,Commission Civil St - Burgos St,Proper - 14,JM Basa St - Rizal St,2500.0,1.1684,Luna St - Huervana St,lapaz - 3,lapaz - 1,358.35,357.06,77.05
jaro - 2,Commission Civil St - Burgos St,Proper - 14,JM Basa St - Rizal St,2500.0,1.1684,Bonifacio Drive (Rev),lapaz - 10,Proper - 7,358.35,357.06,77.05
jaro - 2,Commission Civil St - Burgos St,Proper - 14,JM Basa St - Rizal St,2500.0,1.1684,Quirino - Lopez Bridge (Rev),lapuz - 2,Proper - 9,358.35,357.21,68.33
jaro - 2,Commission Civil St - Burgos St,Proper - 15,General Hughes St - Duran St,2500.0,1.1546,Gen Luna St 2,Proper - 7,Proper - 8,385.69,384.41,77.05
jaro - 2,Commission Civil St - Burgos St,Proper - 15,General Hughes St - Duran St,2500.0,1.1546,Ruperto Montinola St 1,Proper - 8,Proper - 10,385.69,384.5,71.29
jaro - 2,Commission Civil St - Burgos St,Proper - 15,General Hughes St - Duran St,2500.0,1.1546,Gen Luna St 3 (Rev),Proper - 9,Proper - 8,385.69,384.55,68.33
jaro - 2,Commission Civil St - Burgos St,Proper - 15,General Hughes St - Duran St,2500.0,1.1546,Luna St - Esplanade 5,lapaz - 1,lapaz - 10,385.69,384.41,77.05
jaro - 2,Commission Civil St - Burgos St,Proper - 15,General Hughes St - Duran St,2500.0,1.1546,Rizal St - Luna St,lapaz - 2,lapaz - 3,385.69,384.41,77.05
jaro - 2,Commission Civil St - Burgos St,Proper - 15,General Hughes St - Duran St,2500.0,1.1546,Rizal St - Huervana St,lapaz - 2,lapuz - 2,385.69,384.55,68.33
jaro - 2,Commission Civil St - Burgos St,Proper - 15,General Hughes St - Duran St,2500.0,1.1546,Luna St - Huervana St,lapaz - 3,lapaz - 1,385.69,384.41,77.05
jaro - 2,Commission Civil St - Burgos St,Proper - 15,General Hughes St - Duran St,2500.0,1.1546,Bonifacio Drive (Rev),lapaz - 10,Proper - 7,385.69,384.41,77.05
jaro - 2,Commission Civil St - Burgos St,Proper - 15,General Hughes St - Duran St,2500.0,1.1546,Quirino - Lopez Bridge (Rev),lapuz - 2,Proper - 9,385.69,384.55,68.33
jaro - 2,Commission Civil St - Burgos St,Proper - 17,Dela Rama St - Blumentritt,2500.0,1.1537,Ruperto Montinola St 1,Proper - 8,Proper - 10,382.57,382.05,31.24
jaro - 2,Commission Civil St - Burgos St,Proper - 17,Dela Rama St - Blumentritt,2500.0,1.1537,Rizal St - Luna St,lapaz - 2,lapaz - 3,382.57,381.81,45.71
jaro - 2,Commission Civil St - Burgos St,Proper - 18,Muelle Loney St - Blumentritt Left,2500.0,1.1749,Rizal St - Luna St,lapaz - 2,lapaz - 3,383.33,383.16,10.46
jaro - 2,Commission Civil St - Burgos St,Proper - 19,Muelle Loney St - Blumentritt Right,2500.0,1.134,Gen Luna St 2,Proper - 7,Proper - 8,418.0,415.87,128.15
jaro - 2,Commission Civil St - Burgos St,Proper - 19,Muelle Loney St - Blumentritt Right,2500.0,1.134,Ruperto Montinola St 1,Proper - 8,Proper - 10,418.0,415.45,152.92
jaro - 2,Commission Civil St - Burgos St,Proper - 19,Muelle Loney St - Blumentritt Right,2500.0,1.134,Blumentritt 1 (Rev),Proper - 18,Proper - 17,418.0,411.68,379.68
jaro - 2,Commission Civil St - Burgos St,Proper - 19,Muelle Loney St - Blumentritt Right,2500.0,1.134,Luna St - Esplanade 5,lapaz - 1,lapaz - 10,418.0,415.87,128.15
jaro - 2,Commission Civil St - Burgos St,Proper - 19,Muelle Loney St - Blumentritt Right,2500.0,1.134,Rizal St - Luna St,lapaz - 2,lapaz - 3,418.0,414.54,207.66
jaro - 2,Commission Civil St - Burgos St,Proper - 19,Muelle Loney St - Blumentritt Right,2500.0,1.134,Luna St - Huervana St,lapaz - 3,lapaz - 1,418.0,415.87,128.15
jaro - 2,Commission Civil St - Burgos St,Proper - 19,Muelle Loney St - Blumentritt Right,2500.0,1.134,Bonifacio Drive (Rev),lapaz - 10,Proper - 7,418.0,415.87,128.15
jaro - 2,Commission Civil St - Burgos St,Proper - 20,De la Rama St,3000.0,1.0752,Gen Luna St 2,Proper - 7,Proper - 8,590.52,589.88,38.4
jaro - 2,Commission Civil St - Burgos St,Proper - 20,De la Rama St,3000.0,1.0752,Ruperto Montinola St 1,Proper - 8,Proper - 10,590.52,587.47,183.17
jaro - 2,Commission Civil St - Burgos St,Proper - 20,De la Rama St,3000.0,1.0752,Luna St - Esplanade 5,lapaz - 1,lapaz - 10,590.52,589.88,38.4
jaro - 2,Commission Civil St - Burgos St,Proper - 20,De la Rama St,3000.0,1.0752,Rizal St - Luna St,lapaz - 2,lapaz - 3,590.52,588.61,114.72
jaro - 2,Commission Civil St - Burgos St,Proper - 20,De la Rama St,3000.0,1.0752,Luna St - Huervana St,lapaz - 3,lapaz - 1,590.52,589.88,38.4
jaro - 2,Commission Civil St - Burgos St,Proper - 20,De la Rama St,3000.0,1.0752,Bonifacio Drive (Rev),lapaz - 10,Proper - 7,590.52,589.88,38.4
jaro - 2,Commission Civil St - Burgos St,Proper - 21,Fort San Pedro Dr - Muelle Loney St,2500.0,1.1337,Rizal St - Luna St,lapaz - 2,lapaz - 3,437.28,436.69,35.23
jaro - 2,Commission Civil St - Burgos St,Proper - 22,Fort San Pedro Dr - General Hughes St,2500.0,1.1429,Gen Luna St 2,Proper - 7,Proper - 8,413.04,411.75,77.05
jaro - 2,Commission Civil St - Burgos St,Proper - 22,Fort San Pedro Dr - General Hughes St,2500.0,1.1429,Ruperto Montinola St 1,Proper - 8,Proper - 10,413.04,411.7,80.33
jaro - 2,Commission Civil St - Burgos St,Proper - 22,Fort San Pedro Dr - General Hughes St,2500.0,1.1429,Gen Luna St 3 (Rev),Proper - 9,Proper - 8,413.04,411.9,68.33
jaro - 2,Commission Civil St - Burgos St,Proper - 22,Fort San Pedro Dr - General Hughes St,2500.0,1.1429,JM Basa St 1,Proper - 11,Proper - 13,413.04,406.86,370.96
jaro - 2,Commission Civil St - Burgos St,Proper - 22,Fort San Pedro Dr - General Hughes St,2500.0,1.1429,JM Basa St 2,Proper - 13,Proper - 14,413.04,407.72,318.84
jaro - 2,Commission Civil St - Burgos St,Proper - 22,Fort San Pedro Dr - General Hughes St,2500.0,1.1429,Luna St - Esplanade 5,lapaz - 1,lapaz - 10,413.04,411.75,77.05
jaro - 2,Commission Civil St - Burgos St,Proper - 22,Fort San Pedro Dr - General Hughes St,2500.0,1.1429,Rizal St - Luna St,lapaz - 2,lapaz - 3,413.04,411.75,77.05
jaro - 2,Commission Civil St - Burgos St,Proper - 22,Fort San Pedro Dr - General Hughes St,2500.0,1.1429,Rizal St - Huervana St,lapaz - 2,lapuz - 2,413.04,411.9,68.33
jaro - 2,Commission Civil St - Burgos St,Proper - 22,Fort San Pedro Dr - General Hughes St,2500.0,1.1429,Luna St - Huervana St,lapaz - 3,lapaz - 1,413.04,411.75,77.05
jaro - 2,Commission Civil St - Burgos St,Proper - 22,Fort San Pedro Dr - General Hughes St,2500.0,1.1429,Bonifacio Drive (Rev),lapaz - 10,Proper - 7,413.04,411.75,77.05
jaro - 2,Commission Civil St - Burgos St,Proper - 22,Fort San Pedro Dr - General Hughes St,2500.0,1.1429,Quirino - Lopez Bridge (Rev),lapuz - 2,Proper - 9,413.04,411.9,68.33
jaro - 2,Commission Civil St - Burgos St,mandurriao - 9,Mandurriao-Sn Miguel Rd,4000.0,1.0469,Old Iloilo - Capiz Rd (Rev),Proper - 1,mandurriao - 1,1463.51,1463.08,25.92
jaro - 2,Commission Civil St - Burgos St,mandurriao - 10,Iloilo Circumferential Rd 1 - Mandurriao-Sn Miguel Rd,4000.0,1.045,Old Iloilo - Capiz Rd (Rev),Proper - 1,mandurriao - 1,1519.94,1519.51,25.92
jaro - 2,Commission Civil St - Burgos St,mandurriao - 11,Mandurriao-Sn Miguel Rd - Iloilo Circumferential Rd 1,4000.0,1.0453,Old Iloilo - Capiz Rd (Rev),Proper - 1,mandurriao - 1,1512.4,1511.97,25.92
jaro - 2,Commission Civil St - Burgos St,mandurriao - 12,Iloilo Circumferential Rd 1,4000.0,1.0472,Old Iloilo - Capiz Rd (Rev),Proper - 1,mandurriao - 1,1452.08,1451.65,25.92
jaro - 2,Commission Civil St - Burgos St,lapaz - 10,Luna St - Taytay Forbes,2500.0,1.2626,Rizal St - Luna St,lapaz - 2,lapaz - 3,237.17,236.32,50.95
jaro - 2,Commission Civil St - Burgos St,lapuz - 4,Rizal St - New Iloilo Ferry Terminal Access Rd,2500.0,1.2543,Huervana St - Burgos St (Rev),lapaz - 4,lapaz - 2,333.17,330.95,133.1
jaro - 2,Commission Civil St - Burgos St,lapuz - 5,New Iloilo Ferry Terminal Access Rd,2500.0,1.2215,Huervana St - Burgos St (Rev),lapaz - 4,lapaz - 2,372.52,370.3,133.1
jaro - 2,Commission Civil St - Burgos St,lapuz - 6,Rizal St - Lapuz-Mansaya-Roboc Rd,2500.0,1.1729,Rizal St - Huervana St,lapaz - 2,lapuz - 2,387.86,375.75,726.72
jaro - 2,Commission Civil St - Burgos St,lapuz - 6,Rizal St - Lapuz-Mansaya-Roboc Rd,2500.0,1.1729,Huervana St - Burgos St (Rev),lapaz - 4,lapaz - 2,387.86,363.7,1449.97
jaro - 4,Plaza Rizal St - E Lopez St,Molo - 6,Locsin St. - Baluarte - Calumpag - Villa - Oton Blvd,4000.0,1.2255,Infante St 1,Proper - 1,Proper - 2,605.06,571.65,2004.38
jaro - 4,Plaza Rizal St - E Lopez St,Molo - 6,Locsin St. - Baluarte - Calumpag - Villa - Oton Blvd,4000.0,1.2255,Infante St 2,Proper - 2,Proper - 3,605.06,571.31,2024.96
jaro - 4,Plaza Rizal St - E Lopez St,Proper - 4,Baluarte - Calumpang - Villa - Oton Blvd - Infante St,7000.0,1.1511,Infante St 1,Proper - 1,Proper - 2,1292.99,1185.52,6447.85
jaro - 4,Plaza Rizal St - E Lopez St,Proper - 4,Baluarte - Calumpang - Villa - Oton Blvd - Infante St,7000.0,1.1511,Gen Luna St 2,Proper - 7,Proper - 8,1292.99,1278.02,898.34
jaro - 4,Plaza Rizal St - E Lopez St,Proper - 8,Gen Luna St - Ruperto Montinola St,3000.0,1.1066,Luna St - Esplanade 5,lapaz - 1,lapaz - 10,271.49,270.0,89.17
jaro - 4,Plaza Rizal St - E Lopez St,Proper - 8,Gen Luna St - Ruperto Montinola St,3000.0,1.1066,Bonifacio Drive (Rev),lapaz - 10,Proper - 7,271.49,270.0,89.17
jaro - 4,Plaza Rizal St - E Lopez St,Proper - 12,Arroyo St - Muelle Loney St,3000.0,1.0865,Gen Luna St 3,Proper - 8,Proper - 9,313.38,310.62,166.17
jaro - 4,Plaza Rizal St - E Lopez St,Proper - 12,Arroyo St - Muelle Loney St,3000.0,1.0865,Ruperto Montinola St 1,Proper - 8,Proper - 10,313.38,313.19,11.53
jaro - 4,Plaza Rizal St - E Lopez St,Proper - 13,JM Basa St - De la Rama St,3000.0,1.1026,Ruperto Montinola St 1,Proper - 8,Proper - 10,371.55,369.48,124.02
jaro - 4,Plaza Rizal St - E Lopez St,Proper - 14,JM Basa St - Rizal St,2500.0,1.0971,Gen Luna St 2,Proper - 7,Proper - 8,303.33,302.29,62.65
jaro - 4,Plaza Rizal St - E Lopez St,Proper - 14,JM Basa St - Rizal St,2500.0,1.0971,Ruperto Montinola St 1,Proper - 8,Proper - 10,303.33,301.98,81.43
jaro - 4,Plaza Rizal St - E Lopez St,Proper - 14,JM Basa St - Rizal St,2500.0,1.0971,Luna St - Esplanade 5,lapaz - 1,lapaz - 10,303.33,302.29,62.65
jaro - 4,Plaza Rizal St - E Lopez St,Proper - 14,JM Basa St - Rizal St,2500.0,1.0971,Bonifacio Drive (Rev),lapaz - 10,Proper - 7,303.33,302.29,62.65
jaro - 4,Plaza Rizal St - E Lopez St,Proper - 15,General Hughes St - Duran St,5000.0,1.1549,Delgado St,Proper - 2,Proper - 10,871.91,867.51,264.12
jaro - 4,Plaza Rizal St - E Lopez St,Proper - 15,General Hughes St - Duran St,5000.0,1.1549,Ruperto Montinola St 1,Proper - 8,Proper - 10,871.91,862.94,538.22
jaro - 4,Plaza Rizal St - E Lopez St,Proper - 17,Dela Rama St - Blumentritt,2500.0,1.0698,Gen Luna St 2,Proper - 7,Proper - 8,327.75,327.47,16.75
jaro - 4,Plaza Rizal St - E Lopez St,Proper - 17,Dela Rama St - Blumentritt,2500.0,1.0698,Gen Luna St 3,Proper - 8,Proper - 9,327.75,324.34,204.95
jaro - 4,Plaza Rizal St - E Lopez St,Proper - 17,Dela Rama St - Blumentritt,2500.0,1.0698,Ruperto Montinola St 1,Proper - 8,Proper - 10,327.75,325.36,143.58
jaro - 4,Plaza Rizal St - E Lopez St,Proper - 17,Dela Rama St - Blumentritt,2500.0,1.0698,Luna St - Esplanade 5,lapaz - 1,lapaz - 10,327.75,327.47,16.75
jaro - 4,Plaza Rizal St - E Lopez St,Proper - 17,Dela Rama St - Blumentritt,2500.0,1.0698,Bonifacio Drive (Rev),lapaz - 10,Proper - 7,327.75,327.47,16.75
jaro - 4,Plaza Rizal St - E Lopez St,Proper - 18,Muelle Loney St - Blumentritt Left,3000.0,1.0837,Gen Luna St 3,Proper - 8,Proper - 9,401.82,391.88,596.29
jaro - 4,Plaza Rizal St - E Lopez St,Proper - 18,Muelle Loney St - Blumentritt Left,3000.0,1.0837,Ruperto Montinola St 1,Proper - 8,Proper - 10,401.82,401.29,31.82
jaro - 4,Plaza Rizal St - E Lopez St,Proper - 19,Muelle Loney St - Blumentritt Right,2500.0,1.0588,Gen Luna St 2,Proper - 7,Proper - 8,363.33,362.24,65.37
jaro - 4,Plaza Rizal St - E Lopez St,Proper - 19,Muelle Loney St - Blumentritt Right,2500.0,1.0588,Gen Luna St 3,Proper - 8,Proper - 9,363.33,361.12,132.05
jaro - 4,Plaza Rizal St - E Lopez St,Proper - 19,Muelle Loney St - Blumentritt Right,2500.0,1.0588,Ruperto Montinola St 1,Proper - 8,Proper - 10,363.33,358.59,283.99
jaro - 4,Plaza Rizal St - E Lopez St,Proper - 19,Muelle Loney St - Blumentritt Right,2500.0,1.0588,Blumentritt 1 (Rev),Proper - 18,Proper - 17,363.33,359.65,220.5
jaro - 4,Plaza Rizal St - E Lopez St,Proper - 19,Muelle Loney St - Blumentritt Right,2500.0,1.0588,Luna St - Esplanade 5,lapaz - 1,lapaz - 10,363.33,362.24,65.37
jaro - 4,Plaza Rizal St - E Lopez St,Proper - 19,Muelle Loney St - Blumentritt Right,2500.0,1.0588,Bonifacio Drive (Rev),lapaz - 10,Proper - 7,363.33,362.24,65.37
jaro - 4,Plaza Rizal St - E Lopez St,Proper - 21,Fort San Pedro Dr - Muelle Loney St,2500.0,1.0584,Gen Luna St 3,Proper - 8,Proper - 9,381.47,379.34,127.66
jaro - 4,Plaza Rizal St - E Lopez St,Proper - 21,Fort San Pedro Dr - Muelle Loney St,2500.0,1.0584,Ruperto Montinola St 1,Proper - 8,Proper - 10,381.47,381.4,3.91
jaro - 4,Plaza Rizal St - E Lopez St,Proper - 22,Fort San Pedro Dr - General Hughes St,4000.0,1.1054,Ruperto Montinola St 1,Proper - 8,Proper - 10,653.78,632.89,1253.45
jaro - 4,Plaza Rizal St - E Lopez St,Proper - 22,Fort San Pedro Dr - General Hughes St,4000.0,1.1054,Ruperto Montinola St 2,Proper - 10,Proper - 11,653.78,645.12,520.03
jaro - 4,Plaza Rizal St - E Lopez St,Proper - 22,Fort San Pedro Dr - General Hughes St,4000.0,1.1054,JM Basa St 1,Proper - 11,Proper - 13,653.78,645.18,516.58
jaro - 4,Plaza Rizal St - E Lopez St,Proper - 22,Fort San Pedro Dr - General Hughes St,4000.0,1.1054,JM Basa St 2,Proper - 13,Proper - 14,653.78,641.18,756.24
jaro - 4,Plaza Rizal St - E Lopez St,jaro - 12,Buhang Flyover,2500.0,1.2205,Iloilo-Capiz Rd - Buhang Flyover,jaro - 14,jaro - 12,386.93,386.8,7.26
jaro - 4,Plaza Rizal St - E Lopez St,jaro - 15,Iloilo Circumferential Rd 1 - Iloilo Radial By-Pass Rd 4,3000.0,1.1562,Iloilo-Capiz Rd - Buhang Flyover,jaro - 14,jaro - 12,575.21,574.57,38.42
jaro - 4,Plaza Rizal St - E Lopez St,jaro - 22,Iloilo Radial By-Pass Rd 4 - Leganes,3500.0,1.055,Iloilo-Capiz Rd - Buhang Flyover,jaro - 14,jaro - 12,1063.54,1063.44,6.1
jaro - 4,Plaza Rizal St - E Lopez St,jaro - 23,Iloilo Circumferential Rd 1 - Pavia,3500.0,1.055,Iloilo-Capiz Rd - Buhang Flyover,jaro - 14,jaro - 12,1063.54,1063.44,6.1
jaro - 4,Plaza Rizal St - E Lopez St,lapaz - 4,Huervana St - Burgos St,8000.0,1.1143,Bonifacio Drive,Proper - 7,lapaz - 10,1465.99,1465.85,8.3
jaro - 4,Plaza Rizal St - E Lopez St,lapaz - 4,Huervana St - Burgos St,8000.0,1.1143,Luna St - Esplanade 5 (Rev),lapaz - 10,lapaz - 1,1465.99,1465.85,8.3
jaro - 4,Plaza Rizal St - E Lopez St,lapuz - 4,Rizal St - New Iloilo Ferry Terminal Access Rd,5000.0,1.178,Luna St - Esplanade 5,lapaz - 1,lapaz - 10,791.02,764.82,1571.44
jaro - 4,Plaza Rizal St - E Lopez St,lapuz - 4,Rizal St - New Iloilo Ferry Terminal Access Rd,5000.0,1.178,Rizal St - Huervana St,lapaz - 2,lapuz - 2,791.02,766.98,1442.29
jaro - 4,Plaza Rizal St - E Lopez St,lapuz - 4,Rizal St - New Iloilo Ferry Terminal Access Rd,5000.0,1.178,Huervana St - Burgos St (Rev),lapaz - 4,lapaz - 2,791.02,751.01,2400.44
jaro - 4,Plaza Rizal St - E Lopez St,lapuz - 4,Rizal St - New Iloilo Ferry Terminal Access Rd,5000.0,1.178,Bonifacio Drive (Rev),lapaz - 10,Proper - 7,791.02,764.82,1571.44
jaro - 5,Plaza Rizal St - Commission Civil St,Molo - 9,M.H Del Pilar St. 2,4500.0,1.3826,Old Iloilo - Capiz Rd,mandurriao - 1,Proper - 1,783.76,767.86,954.05
jaro - 5,Plaza Rizal St - Commission Civil St,Molo - 10,M.H Del Pilar St. 2,4500.0,1.3808,Old Iloilo - Capiz Rd,mandurriao - 1,Proper - 1,786.38,770.48,954.05
jaro - 5,Plaza Rizal St - Commission Civil St,Proper - 4,Baluarte - Calumpang - Villa - Oton Blvd - Infante St,4500.0,1.1742,Infante St 1,Proper - 1,Proper - 2,695.92,659.83,2165.31
jaro - 5,Plaza Rizal St - Commission Civil St,Proper - 4,Baluarte - Calumpang - Villa - Oton Blvd - Infante St,4500.0,1.1742,Infante St 2,Proper - 2,Proper - 3,695.92,658.54,2242.8
jaro - 5,Plaza Rizal St - Commission Civil St,Proper - 7,Gen Luna St - Bonifacio Dr,4500.0,1.0251,Rizal St - Luna St,lapaz - 2,lapaz - 3,408.87,406.5,142.42
jaro - 5,Plaza Rizal St - Commission Civil St,Proper - 10,Delgado St - Ruperto Montinola St,6000.0,1.0282,Gen Luna St 3 (Rev),Proper - 9,Proper - 8,697.22,684.29,776.24
jaro - 5,Plaza Rizal St - Commission Civil St,Proper - 12,Arroyo St - Muelle Loney St,8000.0,1.0364,Gen Luna St 3 (Rev),Proper - 9,Proper - 8,1523.8,1522.29,90.53
jaro - 5,Plaza Rizal St - Commission Civil St,Proper - 13,JM Basa St - De la Rama St,3000.0,1.0307,Delgado St,Proper - 2,Proper - 10,370.31,367.02,196.97
jaro - 5,Plaza Rizal St - Commission Civil St,Proper - 14,JM Basa St - Rizal St,6500.0,1.0331,Delgado St,Proper - 2,Proper - 10,1045.25,1044.76,29.74
jaro - 5,Plaza Rizal St - Commission Civil St,Proper - 14,JM Basa St - Rizal St,6500.0,1.0331,Gen Luna St 3 (Rev),Proper - 9,Proper - 8,1045.25,1044.72,31.95
jaro - 5,Plaza Rizal St - Commission Civil St,Proper - 15,General Hughes St - Duran St,5000.0,1.0967,Delgado St,Proper - 2,Proper - 10,853.2,853.07,7.89
jaro - 5,Plaza Rizal St - Commission Civil St,Proper - 15,General Hughes St - Duran St,5000.0,1.0967,Gen Luna St 3 (Rev),Proper - 9,Proper - 8,853.2,852.0,72.33
jaro - 5,Plaza Rizal St - Commission Civil St,Proper - 17,Dela Rama St - Blumentritt,5500.0,1.0702,Delgado St,Proper - 2,Proper - 10,985.99,982.59,204.08
jaro - 5,Plaza Rizal St - Commission Civil St,Proper - 17,Dela Rama St - Blumentritt,5500.0,1.0702,Gen Luna St 3,Proper - 8,Proper - 9,985.99,977.85,488.41
jaro - 5,Plaza Rizal St - Commission Civil St,Proper - 17,Dela Rama St - Blumentritt,5500.0,1.0702,Gen Luna St 3 (Rev),Proper - 9,Proper - 8,985.99,984.63,81.96
jaro - 5,Plaza Rizal St - Commission Civil St,Proper - 18,Muelle Loney St - Blumentritt Left,6500.0,1.0893,Gen Luna St 1,Proper - 1,Proper - 7,1298.06,1290.37,461.34
jaro - 5,Plaza Rizal St - Commission Civil St,Proper - 18,Muelle Loney St - Blumentritt Left,6500.0,1.0893,Delgado St,Proper - 2,Proper - 10,1298.06,1296.05,120.44
jaro - 5,Plaza Rizal St - Commission Civil St,Proper - 18,Muelle Loney St - Blumentritt Left,6500.0,1.0893,Gen Luna St 3,Proper - 8,Proper - 9,1298.06,1286.39,700.1
jaro - 5,Plaza Rizal St - Commission Civil St,Proper - 18,Muelle Loney St - Blumentritt Left,6500.0,1.0893,Gen Luna St 3 (Rev),Proper - 9,Proper - 8,1298.06,1297.76,17.83
jaro - 5,Plaza Rizal St - Commission Civil St,Proper - 18,Muelle Loney St - Blumentritt Left,6500.0,1.0893,Arroyo St (Rev),Proper - 11,Proper - 12,1298.06,1271.52,1592.45
jaro - 5,Plaza Rizal St - Commission Civil St,Proper - 19,Muelle Loney St - Blumentritt Right,5000.0,1.0295,Delgado St,Proper - 2,Proper - 10,863.64,853.65,599.01
jaro - 5,Plaza Rizal St - Commission Civil St,Proper - 19,Muelle Loney St - Blumentritt Right,5000.0,1.0295,Gen Luna St 3,Proper - 8,Proper - 9,863.64,858.44,311.6
jaro - 5,Plaza Rizal St - Commission Civil St,Proper - 19,Muelle Loney St - Blumentritt Right,5000.0,1.0295,Arroyo St (Rev),Proper - 11,Proper - 12,863.64,863.59,2.83
jaro - 5,Plaza Rizal St - Commission Civil St,Proper - 19,Muelle Loney St - Blumentritt Right,5000.0,1.0295,Blumentritt 1,Proper - 17,Proper - 18,863.64,836.79,1610.64
jaro - 5,Plaza Rizal St - Commission Civil St,Proper - 19,Muelle Loney St - Blumentritt Right,5000.0,1.0295,Blumentritt 1 (Rev),Proper - 18,Proper - 17,863.64,859.09,272.87
jaro - 5,Plaza Rizal St - Commission Civil St,Proper - 21,Fort San Pedro Dr - Muelle Loney St,1500.0,1.0139,Gen Luna St 3,Proper - 8,Proper - 9,223.81,223.8,0.83
jaro - 5,Plaza Rizal St - Commission Civil St,Proper - 22,Fort San Pedro Dr - General Hughes St,3500.0,1.0649,Delgado St,Proper - 2,Proper - 10,549.95,549.51,26.27
jaro - 5,Plaza Rizal St - Commission Civil St,mandurriao - 3,Mandurriao - Sn Miguel Rd - R Mapa St,6500.0,1.0388,Old Iloilo - Capiz Rd,mandurriao - 1,Proper - 1,2118.55,2108.68,591.72
jaro - 5,Plaza Rizal St - Commission Civil St,mandurriao - 6,R Mapa St - Donato Pison Ave,5000.0,1.0931,Old Iloilo - Capiz Rd,mandurriao - 1,Proper - 1,1074.42,954.7,7182.93
jaro - 5,Plaza Rizal St - Commission Civil St,jaro - 12,Buhang Flyover,2500.0,1.2259,Iloilo-Capiz Rd - Buhang Flyover,jaro - 14,jaro - 12,379.31,379.19,7.26
jaro - 5,Plaza Rizal St - Commission Civil St,jaro - 22,Iloilo Radial By-Pass Rd 4 - Leganes,3500.0,1.0557,Iloilo-Capiz Rd - Buhang Flyover,jaro - 14,jaro - 12,1052.41,1052.31,6.1
jaro - 5,Plaza Rizal St - Commission Civil St,jaro - 23,Iloilo Circumferential Rd 1 - Pavia,3500.0,1.0557,Iloilo-Capiz Rd - Buhang Flyover,jaro - 14,jaro - 12,1052.41,1052.31,6.1
jaro - 5,Plaza Rizal St - Commission Civil St,lapuz - 2,Rizal St - Quirino-Lopez Bridge,10000.0,1.0718,Gen Luna St 2,Proper - 7,Proper - 8,2224.74,2212.9,710.65
jaro - 5,Plaza Rizal St - Commission Civil St,lapuz - 2,Rizal St - Quirino-Lopez Bridge,10000.0,1.0718,Bonifacio Drive,Proper - 7,lapaz - 10,2224.74,2164.37,3622.35
jaro - 5,Plaza Rizal St - Commission Civil St,lapuz - 2,Rizal St - Quirino-Lopez Bridge,10000.0,1.0718,Luna St - Esplanade 5,lapaz - 1,lapaz - 10,2224.74,2172.78,3117.93
jaro - 5,Plaza Rizal St - Commission Civil St,lapuz - 2,Rizal St - Quirino-Lopez Bridge,10000.0,1.0718,Huervana St - Burgos St (Rev),lapaz - 4,lapaz - 2,2224.74,2111.45,6797.67
jaro - 5,Plaza Rizal St - Commission Civil St,lapuz - 2,Rizal St - Quirino-Lopez Bridge,10000.0,1.0718,Bonifacio Drive (Rev),lapaz - 10,Proper - 7,2224.74,2172.78,3117.93
jaro - 5,Plaza Rizal St - Commission Civil St,lapuz - 2,Rizal St - Quirino-Lopez Bridge,10000.0,1.0718,Luna St - Esplanade 5 (Rev),lapaz - 10,lapaz - 1,2224.74,2164.37,3622.35
jaro - 5,Plaza Rizal St - Commission Civil St,lapuz - 4,Rizal St - New Iloilo Ferry Terminal Access Rd,5000.0,1.1194,Luna St - Esplanade 5,lapaz - 1,lapaz - 10,807.6,795.22,742.89
jaro - 5,Plaza Rizal St - Commission Civil St,lapuz - 4,Rizal St - New Iloilo Ferry Terminal Access Rd,5000.0,1.1194,Rizal St - Huervana St,lapaz - 2,lapuz - 2,807.6,758.96,2918.27
jaro - 5,Plaza Rizal St - Commission Civil St,lapuz - 4,Rizal St - New Iloilo Ferry Terminal Access Rd,5000.0,1.1194,Huervana St - Burgos St (Rev),lapaz - 4,lapaz - 2,807.6,742.24,3921.28
jaro - 5,Plaza Rizal St - Commission Civil St,lapuz - 4,Rizal St - New Iloilo Ferry Terminal Access Rd,5000.0,1.1194,Bonifacio Drive (Rev),lapaz - 10,Proper - 7,807.6,795.22,742.89
jaro - 5,Plaza Rizal St - Commission Civil St,lapuz - 5,New Iloilo Ferry Terminal Access Rd,5000.0,1.1006,Luna St - Esplanade 5,lapaz - 1,lapaz - 10,941.89,929.51,742.89
jaro - 5,Plaza Rizal St - Commission Civil St,lapuz - 5,New Iloilo Ferry Terminal Access Rd,5000.0,1.1006,Rizal St - Huervana St,lapaz - 2,lapuz - 2,941.89,893.25,2918.27
jaro - 5,Plaza Rizal St - Commission Civil St,lapuz - 5,New Iloilo Ferry Terminal Access Rd,5000.0,1.1006,Huervana St - Burgos St (Rev),lapaz - 4,lapaz - 2,941.89,876.36,3931.53
jaro - 5,Plaza Rizal St - Commission Civil St,lapuz - 5,New Iloilo Ferry Terminal Access Rd,5000.0,1.1006,Bonifacio Drive (Rev),lapaz - 10,Proper - 7,941.89,929.51,742.89
jaro - 5,Plaza Rizal St - Commission Civil St,lapuz - 6,Rizal St - Lapuz-Mansaya-Roboc Rd,3000.0,1.0304,Luna St - Esplanade 5,lapaz - 1,lapaz - 10,418.97,412.85,366.8
jaro - 5,Plaza Rizal St - Commission Civil St,lapuz - 6,Rizal St - Lapuz-Mansaya-Roboc Rd,3000.0,1.0304,Rizal St - Huervana St,lapaz - 2,lapuz - 2,418.97,395.5,1407.76
jaro - 5,Plaza Rizal St - Commission Civil St,lapuz - 6,Rizal St - Lapuz-Mansaya-Roboc Rd,3000.0,1.0304,Huervana St - Burgos St (Rev),lapaz - 4,lapaz - 2,418.97,393.68,1517.3
jaro - 5,Plaza Rizal St - Commission Civil St,lapuz - 6,Rizal St - Lapuz-Mansaya-Roboc Rd,3000.0,1.0304,Bonifacio Drive (Rev),lapaz - 10,Proper - 7,418.97,412.85,366.8
jaro - 5,Plaza Rizal St - Commission Civil St,lapuz - 7,Lapuz-Mansaya-Roboc Rd - Coastal Rd,4000.0,1.0682,Rizal St - Huervana St,lapaz - 2,lapuz - 2,617.35,617.07,16.97
jaro - 6,Plaza Rizal St - Iloilo-Capiz Rd/Lopez Jaena St,Molo - 5,Locsin St. - Timawa St.,4500.0,1.2462,Infante St 1,Proper - 1,Proper - 2,698.79,688.69,606.25
jaro - 6,Plaza Rizal St - Iloilo-Capiz Rd/Lopez Jaena St,Molo - 6,Locsin St. - Baluarte - Calumpag - Villa - Oton Blvd,4500.0,1.2502,Infante St 1,Proper - 1,Proper - 2,726.89,685.43,2487.5
jaro - 6,Plaza Rizal St - Iloilo-Capiz Rd/Lopez Jaena St,Molo - 6,Locsin St. - Baluarte - Calumpag - Villa - Oton Blvd,4500.0,1.2502,Infante St 2,Proper - 2,Proper - 3,726.89,683.86,2581.71
jaro - 6,Plaza Rizal St - Iloilo-Capiz Rd/Lopez Jaena St,Proper - 4,Baluarte - Calumpang - Villa - Oton Blvd - Infante St,4500.0,1.2307,Infante St 1,Proper - 1,Proper - 2,665.79,629.71,2165.31
jaro - 6,Plaza Rizal St - Iloilo-Capiz Rd/Lopez Jaena St,Proper - 4,Baluarte - Calumpang - Villa - Oton Blvd - Infante St,4500.0,1.2307,Infante St 2,Proper - 2,Proper - 3,665.79,628.4,2243.48
jaro - 6,Plaza Rizal St - Iloilo-Capiz Rd/Lopez Jaena St,Proper - 9,Gen Luna St - Muelle Loney St,4500.0,1.0487,Luna St - Esplanade 5,lapaz - 1,lapaz - 10,440.54,440.4,8.43
jaro - 6,Plaza Rizal St - Iloilo-Capiz Rd/Lopez Jaena St,Proper - 9,Gen Luna St - Muelle Loney St,4500.0,1.0487,Huervana St - Rizal St,lapaz - 1,lapaz - 2,440.54,440.36,10.64
jaro - 6,Plaza Rizal St - Iloilo-Capiz Rd/Lopez Jaena St,Proper - 9,Gen Luna St - Muelle Loney St,4500.0,1.0487,Bonifacio Drive (Rev),lapaz - 10,Proper - 7,440.54,440.4,8.43
jaro - 6,Plaza Rizal St - Iloilo-Capiz Rd/Lopez Jaena St,Proper - 11,Ledesma St - Ruperto Montinola St,5500.0,1.0479,Delgado St,Proper - 2,Proper - 10,644.15,642.16,119.58
jaro - 6,Plaza Rizal St - Iloilo-Capiz Rd/Lopez Jaena St,Proper - 11,Ledesma St - Ruperto Montinola St,5500.0,1.0479,Gen Luna St 3,Proper - 8,Proper - 9,644.15,643.96,11.43
jaro - 6,Plaza Rizal St - Iloilo-Capiz Rd/Lopez Jaena St,Proper - 13,JM Basa St - De la Rama St,6000.0,1.0704,Delgado St,Proper - 2,Proper - 10,905.56,889.66,954.29
jaro - 6,Plaza Rizal St - Iloilo-Capiz Rd/Lopez Jaena St,Proper - 14,JM Basa St - Rizal St,6500.0,1.0579,Delgado St,Proper - 2,Proper - 10,1052.52,1048.0,271.36
jaro - 6,Plaza Rizal St - Iloilo-Capiz Rd/Lopez Jaena St,Proper - 15,General Hughes St - Duran St,5000.0,1.0659,Gen Luna St 2,Proper - 7,Proper - 8,889.76,881.13,517.94
jaro - 6,Plaza Rizal St - Iloilo-Capiz Rd/Lopez Jaena St,Proper - 15,General Hughes St - Duran St,5000.0,1.0659,Ruperto Montinola St 1,Proper - 8,Proper - 10,889.76,860.73,1741.6
jaro - 6,Plaza Rizal St - Iloilo-Capiz Rd/Lopez Jaena St,Proper - 15,General Hughes St - Duran St,5000.0,1.0659,Luna St - Esplanade 5,lapaz - 1,lapaz - 10,889.76,881.13,517.94
jaro - 6,Plaza Rizal St - Iloilo-Capiz Rd/Lopez Jaena St,Proper - 15,General Hughes St - Duran St,5000.0,1.0659,Bonifacio Drive (Rev),lapaz - 10,Proper - 7,889.76,881.13,517.94
jaro - 6,Plaza Rizal St - Iloilo-Capiz Rd/Lopez Jaena St,Proper - 18,Muelle Loney St - Blumentritt Left,6500.0,1.0243,Gen Luna St 1,Proper - 1,Proper - 7,1290.37,1288.11,135.83
jaro - 6,Plaza Rizal St - Iloilo-Capiz Rd/Lopez Jaena St,Proper - 18,Muelle Loney St - Blumentritt Left,6500.0,1.0243,Delgado St,Proper - 2,Proper - 10,1290.37,1284.02,381.2
jaro - 6,Plaza Rizal St - Iloilo-Capiz Rd/Lopez Jaena St,Proper - 18,Muelle Loney St - Blumentritt Left,6500.0,1.0243,Gen Luna St 3,Proper - 8,Proper - 9,1290.37,1288.25,127.56
jaro - 6,Plaza Rizal St - Iloilo-Capiz Rd/Lopez Jaena St,Proper - 19,Muelle Loney St - Blumentritt Right,2000.0,1.0117,Blumentritt 1 (Rev),Proper - 18,Proper - 17,273.69,272.04,99.09
jaro - 6,Plaza Rizal St - Iloilo-Capiz Rd/Lopez Jaena St,Proper - 22,Fort San Pedro Dr - General Hughes St,4000.0,1.0466,Ruperto Montinola St 1,Proper - 8,Proper - 10,646.61,634.35,735.75
jaro - 6,Plaza Rizal St - Iloilo-Capiz Rd/Lopez Jaena St,mandurriao - 3,Mandurriao - Sn Miguel Rd - R Mapa St,6500.0,1.12,Old Iloilo - Capiz Rd,mandurriao - 1,Proper - 1,2064.35,2059.03,318.86
jaro - 6,Plaza Rizal St - Iloilo-Capiz Rd/Lopez Jaena St,jaro - 12,Buhang Flyover,2500.0,1.3083,Balabago Rd,jaro - 9,jaro - 10,405.7,398.81,413.84
jaro - 6,Plaza Rizal St - Iloilo-Capiz Rd/Lopez Jaena St,jaro - 22,Iloilo Radial By-Pass Rd 4 - Leganes,3500.0,1.0838,Iloilo-Capiz Rd - Buhang Flyover,jaro - 14,jaro - 12,1085.55,1083.82,103.94
jaro - 6,Plaza Rizal St - Iloilo-Capiz Rd/Lopez Jaena St,jaro - 23,Iloilo Circumferential Rd 1 - Pavia,3500.0,1.0838,Iloilo-Capiz Rd - Buhang Flyover,jaro - 14,jaro - 12,1085.55,1083.82,103.94
jaro - 6,Plaza Rizal St - Iloilo-Capiz Rd/Lopez Jaena St,lapaz - 5,Huervana St - Jereos St,7000.0,1.1201,Gen Luna St 1,Proper - 1,Proper - 7,1100.66,1090.48,610.78
jaro - 6,Plaza Rizal St - Iloilo-Capiz Rd/Lopez Jaena St,lapaz - 6,Jereos St - Huervana Ext,7000.0,1.1123,Gen Luna St 1,Proper - 1,Proper - 7,1169.29,1159.11,610.78
jaro - 6,Plaza Rizal St - Iloilo-Capiz Rd/Lopez Jaena St,lapuz - 2,Rizal St - Quirino-Lopez Bridge,10000.0,1.1631,Rizal St - Luna St,lapaz - 2,lapaz - 3,2070.33,2055.99,860.83
jaro - 7,Plaza Rizal St - El 98 St,Molo - 5,Locsin St. - Timawa St.,4500.0,1.2557,Infante St 1,Proper - 1,Proper - 2,680.0,669.48,631.26
jaro - 7,Plaza Rizal St - El 98 St,Molo - 6,Locsin St. - Baluarte - Calumpag - Villa - Oton Blvd,4500.0,1.2587,Infante St 1,Proper - 1,Proper - 2,707.68,666.2,2488.61
jaro - 7,Plaza Rizal St - El 98 St,Molo - 6,Locsin St. - Baluarte - Calumpag - Villa - Oton Blvd,4500.0,1.2587,Infante St 2,Proper - 2,Proper - 3,707.68,664.65,2581.71
jaro - 7,Plaza Rizal St - El 98 St,Proper - 4,Baluarte - Calumpang - Villa - Oton Blvd - Infante St,4500.0,1.2392,Infante St 1,Proper - 1,Proper - 2,646.58,610.5,2165.31
jaro - 7,Plaza Rizal St - El 98 St,Proper - 4,Baluarte - Calumpang - Villa - Oton Blvd - Infante St,4500.0,1.2392,Infante St 2,Proper - 2,Proper - 3,646.58,609.19,2243.48
jaro - 7,Plaza Rizal St - El 98 St,Proper - 9,Gen Luna St - Muelle Loney St,4500.0,1.051,Luna St - Esplanade 5,lapaz - 1,lapaz - 10,421.33,421.19,8.43
jaro - 7,Plaza Rizal St - El 98 St,Proper - 9,Gen Luna St - Muelle Loney St,4500.0,1.051,Huervana St - Rizal St,lapaz - 1,lapaz - 2,421.33,421.15,10.64
jaro - 7,Plaza Rizal St - El 98 St,Proper - 9,Gen Luna St - Muelle Loney St,4500.0,1.051,Bonifacio Drive (Rev),lapaz - 10,Proper - 7,421.33,421.19,8.43
jaro - 7,Plaza Rizal St - El 98 St,Proper - 11,Ledesma St - Ruperto Montinola St,5500.0,1.0499,Delgado St,Proper - 2,Proper - 10,618.85,616.86,119.58
jaro - 7,Plaza Rizal St - El 98 St,Proper - 11,Ledesma St - Ruperto Montinola St,5500.0,1.0499,Gen Luna St 3,Proper - 8,Proper - 9,618.85,618.66,11.43
jaro - 7,Plaza Rizal St - El 98 St,Proper - 13,JM Basa St - De la Rama St,6000.0,1.0729,Delgado St,Proper - 2,Proper - 10,876.49,860.56,956.31
jaro - 7,Plaza Rizal St - El 98 St,Proper - 14,JM Basa St - Rizal St,6500.0,1.0599,Delgado St,Proper - 2,Proper - 10,1018.91,1014.39,271.36
jaro - 7,Plaza Rizal St - El 98 St,Proper - 15,General Hughes St - Duran St,5000.0,1.0676,Gen Luna St 2,Proper - 7,Proper - 8,867.71,859.08,517.94
jaro - 7,Plaza Rizal St - El 98 St,Proper - 15,General Hughes St - Duran St,5000.0,1.0676,Ruperto Montinola St 1,Proper - 8,Proper - 10,867.71,838.68,1741.6
jaro - 7,Plaza Rizal St - El 98 St,Proper - 15,General Hughes St - Duran St,5000.0,1.0676,Luna St - Esplanade 5,lapaz - 1,lapaz - 10,867.71,859.08,517.94
jaro - 7,Plaza Rizal St - El 98 St,Proper - 15,General Hughes St - Duran St,5000.0,1.0676,Bonifacio Drive (Rev),lapaz - 10,Proper - 7,867.71,859.08,517.94
jaro - 7,Plaza Rizal St - El 98 St,Proper - 17,Dela Rama St - Blumentritt,5500.0,1.0724,Gen Luna St 1,Proper - 1,Proper - 7,974.75,971.93,169.17
jaro - 7,Plaza Rizal St - El 98 St,Proper - 17,Dela Rama St - Blumentritt,5500.0,1.0724,Delgado St,Proper - 2,Proper - 10,974.75,963.52,673.87
jaro - 7,Plaza Rizal St - El 98 St,Proper - 17,Dela Rama St - Blumentritt,5500.0,1.0724,Gen Luna St 3,Proper - 8,Proper - 9,974.75,964.42,620.08
jaro - 7,Plaza Rizal St - El 98 St,Proper - 17,Dela Rama St - Blumentritt,5500.0,1.0724,Muelle Loney St 3,Proper - 18,Proper - 19,974.75,969.79,297.62
jaro - 7,Plaza Rizal St - El 98 St,Proper - 18,Muelle Loney St - Blumentritt Left,6500.0,1.025,Gen Luna St 1,Proper - 1,Proper - 7,1256.76,1254.5,135.83
jaro - 7,Plaza Rizal St - El 98 St,Proper - 18,Muelle Loney St - Blumentritt Left,6500.0,1.025,Delgado St,Proper - 2,Proper - 10,1256.76,1250.41,381.2
jaro - 7,Plaza Rizal St - El 98 St,Proper - 18,Muelle Loney St - Blumentritt Left,6500.0,1.025,Gen Luna St 3,Proper - 8,Proper - 9,1256.76,1254.64,127.56
jaro - 7,Plaza Rizal St - El 98 St,Proper - 19,Muelle Loney St - Blumentritt Right,5500.0,1.0326,Gen Luna St 1,Proper - 1,Proper - 7,952.36,951.99,21.92
jaro - 7,Plaza Rizal St - El 98 St,Proper - 19,Muelle Loney St - Blumentritt Right,5500.0,1.0326,Delgado St,Proper - 2,Proper - 10,952.36,934.7,1059.54
jaro - 7,Plaza Rizal St - El 98 St,Proper - 19,Muelle Loney St - Blumentritt Right,5500.0,1.0326,Gen Luna St 3,Proper - 8,Proper - 9,952.36,934.75,1056.65
jaro - 7,Plaza Rizal St - El 98 St,Proper - 19,Muelle Loney St - Blumentritt Right,5500.0,1.0326,Blumentritt 1,Proper - 17,Proper - 18,952.36,941.85,630.72
jaro - 7,Plaza Rizal St - El 98 St,Proper - 22,Fort San Pedro Dr - General Hughes St,4000.0,1.0479,Ruperto Montinola St 1,Proper - 8,Proper - 10,629.94,617.68,735.75
jaro - 7,Plaza Rizal St - El 98 St,mandurriao - 3,Mandurriao - Sn Miguel Rd - R Mapa St,6500.0,1.1222,Old Iloilo - Capiz Rd,mandurriao - 1,Proper - 1,2030.74,2025.43,318.86
jaro - 7,Plaza Rizal St - El 98 St,jaro - 12,Buhang Flyover,2500.0,1.2124,Iloilo-Capiz Rd - Buhang Flyover,jaro - 14,jaro - 12,398.99,398.86,7.26
jaro - 7,Plaza Rizal St - El 98 St,jaro - 15,Iloilo Circumferential Rd 1 - Iloilo Radial By-Pass Rd 4,3000.0,1.1517,Iloilo-Capiz Rd - Buhang Flyover,jaro - 14,jaro - 12,589.92,589.28,38.42
jaro - 7,Plaza Rizal St - El 98 St,jaro - 22,Iloilo Radial By-Pass Rd 4 - Leganes,3500.0,1.0541,Iloilo-Capiz Rd - Buhang Flyover,jaro - 14,jaro - 12,1081.16,1081.06,6.1
jaro - 7,Plaza Rizal St - El 98 St,jaro - 23,Iloilo Circumferential Rd 1 - Pavia,3500.0,1.0541,Iloilo-Capiz Rd - Buhang Flyover,jaro - 14,jaro - 12,1081.16,1081.06,6.1
jaro - 7,Plaza Rizal St - El 98 St,lapaz - 7,Huervana Ext - Burgos St,8000.0,1.2172,Bonifacio Drive,Proper - 7,lapaz - 10,1554.22,1550.45,226.04
jaro - 7,Plaza Rizal St - El 98 St,lapaz - 7,Huervana Ext - Burgos St,8000.0,1.2172,Luna St - Esplanade 5 (Rev),lapaz - 10,lapaz - 1,1554.22,1550.45,226.04
jaro - 7,Plaza Rizal St - El 98 St,lapaz - 8,Lopez Jaena St - Baldoza St,5000.0,1.2953,Luna St (Rev),jaro - 1,lapaz - 3,810.3,808.78,91.33
jaro - 7,Plaza Rizal St - El 98 St,lapaz - 8,Lopez Jaena St - Baldoza St,5000.0,1.2953,E Lopez St (Rev),jaro - 4,jaro - 1,810.3,808.78,91.33
jaro - 7,Plaza Rizal St - El 98 St,lapaz - 8,Lopez Jaena St - Baldoza St,5000.0,1.2953,Luna St - Huervana St,lapaz - 3,lapaz - 1,810.3,808.78,91.33
jaro - 7,Plaza Rizal St - El 98 St,lapuz - 6,Rizal St - Lapuz-Mansaya-Roboc Rd,3000.0,1.0431,Luna St - Esplanade 5,lapaz - 1,lapaz - 10,401.57,401.53,2.36
jaro - 7,Plaza Rizal St - El 98 St,lapuz - 6,Rizal St - Lapuz-Mansaya-Roboc Rd,3000.0,1.0431,Bonifacio Drive (Rev),lapaz - 10,Proper - 7,401.57,401.53,2.36
jaro - 8,Iloilo-Capiz Rd - Lopez Jaena St,Molo - 5,Locsin St. - Timawa St.,4500.0,1.2272,Infante St 1,Proper - 1,Proper - 2,742.64,733.11,572.0
jaro - 8,Iloilo-Capiz Rd - Lopez Jaena St,Molo - 6,Locsin St. - Baluarte - Calumpag - Villa - Oton Blvd,4500.0,1.2324,Infante St 1,Proper - 1,Proper - 2,771.31,729.85,2487.5
jaro - 8,Iloilo-Capiz Rd - Lopez Jaena St,Molo - 6,Locsin St. - Baluarte - Calumpag - Villa - Oton Blvd,4500.0,1.2324,Infante St 2,Proper - 2,Proper - 3,771.31,728.28,2581.71
jaro - 8,Iloilo-Capiz Rd - Lopez Jaena St,Proper - 4,Baluarte - Calumpang - Villa - Oton Blvd - Infante St,4500.0,1.2132,Infante St 1,Proper - 1,Proper - 2,710.21,674.13,2165.31
jaro - 8,Iloilo-Capiz Rd - Lopez Jaena St,Proper - 4,Baluarte - Calumpang - Villa - Oton Blvd - Infante St,4500.0,1.2132,Infante St 2,Proper - 2,Proper - 3,710.21,672.84,2242.8
jaro - 8,Iloilo-Capiz Rd - Lopez Jaena St,Proper - 11,Ledesma St - Ruperto Montinola St,9000.0,1.0675,Gen Luna St 3,Proper - 8,Proper - 9,2066.23,2065.53,41.94
jaro - 8,Iloilo-Capiz Rd - Lopez Jaena St,Proper - 12,Arroyo St - Muelle Loney St,8500.0,1.0454,Delgado St,Proper - 2,Proper - 10,2148.63,2146.2,146.2
jaro - 8,Iloilo-Capiz Rd - Lopez Jaena St,Proper - 12,Arroyo St - Muelle Loney St,8500.0,1.0454,Gen Luna St 3 (Rev),Proper - 9,Proper - 8,2148.63,2148.19,26.3
jaro - 8,Iloilo-Capiz Rd - Lopez Jaena St,Proper - 13,JM Basa St - De la Rama St,3000.0,1.0304,Delgado St,Proper - 2,Proper - 10,373.99,371.44,153.23
jaro - 8,Iloilo-Capiz Rd - Lopez Jaena St,Proper - 14,JM Basa St - Rizal St,9000.0,1.0439,Delgado St,Proper - 2,Proper - 10,2656.68,2629.14,1652.72
jaro - 8,Iloilo-Capiz Rd - Lopez Jaena St,Proper - 14,JM Basa St - Rizal St,9000.0,1.0439,Gen Luna St 3,Proper - 8,Proper - 9,2656.68,2656.65,1.71
jaro - 8,Iloilo-Capiz Rd - Lopez Jaena St,Proper - 14,JM Basa St - Rizal St,9000.0,1.0439,Dela Rama St 1 (Rev),Proper - 17,Proper - 13,2656.68,2628.02,1719.52
jaro - 8,Iloilo-Capiz Rd - Lopez Jaena St,Proper - 15,General Hughes St - Duran St,7000.0,1.0299,Ledesma St,Proper - 6,Proper - 11,1632.08,1623.02,543.51
jaro - 8,Iloilo-Capiz Rd - Lopez Jaena St,Proper - 15,General Hughes St - Duran St,7000.0,1.0299,Arroyo St (Rev),Proper - 11,Proper - 12,1632.08,1623.02,543.51
jaro - 8,Iloilo-Capiz Rd - Lopez Jaena St,Proper - 19,Muelle Loney St - Blumentritt Right,2000.0,1.0111,Blumentritt 1 (Rev),Proper - 18,Proper - 17,286.95,285.3,99.09
jaro - 8,Iloilo-Capiz Rd - Lopez Jaena St,mandurriao - 6,R Mapa St - Donato Pison Ave,5000.0,1.1567,Old Iloilo - Capiz Rd,mandurriao - 1,Proper - 1,1096.67,976.96,7182.93
jaro - 8,Iloilo-Capiz Rd - Lopez Jaena St,jaro - 12,Buhang Flyover,2500.0,1.2923,Balabago Rd,jaro - 9,jaro - 10,422.76,415.86,413.84
jaro - 8,Iloilo-Capiz Rd - Lopez Jaena St,jaro - 16,Old Lopez Jaena St - Old Iloilo-Capiz Rd,1500.0,1.1285,Old Lopez Jaena St - Old Iloilo-Capiz Rd,jaro - 18,jaro - 17,124.76,124.75,0.64
jaro - 8,Iloilo-Capiz Rd - Lopez Jaena St,jaro - 22,Iloilo Radial By-Pass Rd 4 - Leganes,4000.0,1.0228,Iloilo-Capiz Rd - Buhang Flyover,jaro - 14,jaro - 12,1492.82,1485.76,423.51
jaro - 8,Iloilo-Capiz Rd - Lopez Jaena St,jaro - 23,Iloilo Circumferential Rd 1 - Pavia,4000.0,1.0228,Iloilo-Capiz Rd - Buhang Flyover,jaro - 14,jaro - 12,1492.82,1485.76,423.51
jaro - 8,Iloilo-Capiz Rd - Lopez Jaena St,jaro - 24,Old Iloilo-Capiz Rd - Pavia,1500.0,1.1161,Old Lopez Jaena St - Old Iloilo-Capiz Rd,jaro - 18,jaro - 17,136.57,136.56,0.64
jaro - 8,Iloilo-Capiz Rd - Lopez Jaena St,lapaz - 5,Huervana St - Jereos St,7000.0,1.1764,Gen Luna St 1,Proper - 1,Proper - 7,1284.34,1274.16,610.78
jaro - 8,Iloilo-Capiz Rd - Lopez Jaena St,lapuz - 2,Rizal St - Quirino-Lopez Bridge,10000.0,1.0566,Huervana St - Burgos St (Rev),lapaz - 4,lapaz - 2,2635.32,2615.35,1197.99
jaro - 8,Iloilo-Capiz Rd - Lopez Jaena St,lapuz - 6,Rizal St - Lapuz-Mansaya-Roboc Rd,3000.0,1.0397,Luna St - Esplanade 5,lapaz - 1,lapaz - 10,435.23,435.19,2.36
jaro - 8,Iloilo-Capiz Rd - Lopez Jaena St,lapuz - 6,Rizal St - Lapuz-Mansaya-Roboc Rd,3000.0,1.0397,Bonifacio Drive (Rev),lapaz - 10,Proper - 7,435.23,435.19,2.36
jaro - 9,Iloilo-Capiz Rd - Balabago Rd,Molo - 5,Locsin St. - Timawa St.,5500.0,1.1858,Infante St 1,Proper - 1,Proper - 2,1433.29,1415.59,1062.24
jaro - 9,Iloilo-Capiz Rd - Balabago Rd,Molo - 6,Locsin St. - Baluarte - Calumpag - Villa - Oton Blvd,5500.0,1.1948,M.H Del Pilar,Molo - 8,Molo - 9,1474.41,1470.19,253.64
jaro - 9,Iloilo-Capiz Rd - Balabago Rd,Molo - 6,Locsin St. - Baluarte - Calumpag - Villa - Oton Blvd,5500.0,1.1948,M.H Del Pilar (Rev),Molo - 9,Molo - 4,1474.41,1470.19,253.64
jaro - 9,Iloilo-Capiz Rd - Balabago Rd,Molo - 6,Locsin St. - Baluarte - Calumpag - Villa - Oton Blvd,5500.0,1.1948,Infante St 1,Proper - 1,Proper - 2,1474.41,1428.61,2748.17
jaro - 9,Iloilo-Capiz Rd - Balabago Rd,Molo - 6,Locsin St. - Baluarte - Calumpag - Villa - Oton Blvd,5500.0,1.1948,Infante St 2,Proper - 2,Proper - 3,1474.41,1424.08,3019.8
jaro - 9,Iloilo-Capiz Rd - Balabago Rd,Molo - 6,Locsin St. - Baluarte - Calumpag - Villa - Oton Blvd,5500.0,1.1948,Gen Luna St 1 (Rev),Proper - 7,Proper - 1,1474.41,1470.3,246.7
jaro - 9,Iloilo-Capiz Rd - Balabago Rd,Proper - 4,Baluarte - Calumpang - Villa - Oton Blvd - Infante St,5500.0,1.2551,Infante St 1,Proper - 1,Proper - 2,1457.78,1383.36,4464.79
jaro - 9,Iloilo-Capiz Rd - Balabago Rd,Proper - 4,Baluarte - Calumpang - Villa - Oton Blvd - Infante St,5500.0,1.2551,Infante St 2,Proper - 2,Proper - 3,1457.78,1403.69,3245.45
jaro - 9,Iloilo-Capiz Rd - Balabago Rd,Proper - 4,Baluarte - Calumpang - Villa - Oton Blvd - Infante St,5500.0,1.2551,Old Iloilo - Capiz Rd,mandurriao - 1,Proper - 1,1457.78,1432.42,1521.3
jaro - 9,Iloilo-Capiz Rd - Balabago Rd,Proper - 7,Gen Luna St - Bonifacio Dr,5500.0,1.3559,Gen Luna St 1,Proper - 1,Proper - 7,1100.2,1063.2,2219.92
jaro - 9,Iloilo-Capiz Rd - Balabago Rd,Proper - 7,Gen Luna St - Bonifacio Dr,5500.0,1.3559,Luna St (Rev),jaro - 1,lapaz - 3,1100.2,1085.81,863.03
jaro - 9,Iloilo-Capiz Rd - Balabago Rd,Proper - 7,Gen Luna St - Bonifacio Dr,5500.0,1.3559,E Lopez St (Rev),jaro - 4,jaro - 1,1100.2,1085.81,863.03
jaro - 9,Iloilo-Capiz Rd - Balabago Rd,Proper - 8,Gen Luna St - Ruperto Montinola St,5500.0,1.2678,Gen Luna St 1,Proper - 1,Proper - 7,1054.57,1047.43,428.15
jaro - 9,Iloilo-Capiz Rd - Balabago Rd,Proper - 9,Gen Luna St - Muelle Loney St,5500.0,1.2407,Huervana St - Rizal St,lapaz - 1,lapaz - 2,1037.44,1036.37,64.46
jaro - 9,Iloilo-Capiz Rd - Balabago Rd,Proper - 10,Delgado St - Ruperto Montinola St,5500.0,1.3165,Infante St 1,Proper - 1,Proper - 2,1171.53,1164.14,443.48
jaro - 9,Iloilo-Capiz Rd - Balabago Rd,Proper - 10,Delgado St - Ruperto Montinola St,5500.0,1.3165,Gen Luna St 1,Proper - 1,Proper - 7,1171.53,1155.62,954.2
jaro - 9,Iloilo-Capiz Rd - Balabago Rd,Proper - 10,Delgado St - Ruperto Montinola St,5500.0,1.3165,Luna St (Rev),jaro - 1,lapaz - 3,1171.53,1167.76,226.2
jaro - 9,Iloilo-Capiz Rd - Balabago Rd,Proper - 10,Delgado St - Ruperto Montinola St,5500.0,1.3165,E Lopez St (Rev),jaro - 4,jaro - 1,1171.53,1167.76,226.2
jaro - 9,Iloilo-Capiz Rd - Balabago Rd,Proper - 11,Ledesma St - Ruperto Montinola St,5500.0,1.2879,Infante St 1,Proper - 1,Proper - 2,1181.0,1167.03,838.06
jaro - 9,Iloilo-Capiz Rd - Balabago Rd,Proper - 11,Ledesma St - Ruperto Montinola St,5500.0,1.2879,Infante St 2,Proper - 2,Proper - 3,1181.0,1146.86,2048.25
jaro - 9,Iloilo-Capiz Rd - Balabago Rd,Proper - 11,Ledesma St - Ruperto Montinola St,5500.0,1.2879,Delgado St,Proper - 2,Proper - 10,1181.0,1164.47,991.79
jaro - 9,Iloilo-Capiz Rd - Balabago Rd,Proper - 11,Ledesma St - Ruperto Montinola St,5500.0,1.2879,Infante St 3,Proper - 3,Proper - 4,1181.0,1146.86,2048.25
jaro - 9,Iloilo-Capiz Rd - Balabago Rd,Proper - 11,Ledesma St - Ruperto Montinola St,5500.0,1.2879,Baluarte - Oton Blvd,Proper - 4,Proper - 5,1181.0,1146.86,2048.25
jaro - 9,Iloilo-Capiz Rd - Balabago Rd,Proper - 11,Ledesma St - Ruperto Montinola St,5500.0,1.2879,Rizal St 2,Proper - 5,Proper - 6,1181.0,1146.86,2048.25
jaro - 9,Iloilo-Capiz Rd - Balabago Rd,Proper - 11,Ledesma St - Ruperto Montinola St,5500.0,1.2879,Ledesma St,Proper - 6,Proper - 11,1181.0,1146.86,2048.25
jaro - 9,Iloilo-Capiz Rd - Balabago Rd,Proper - 11,Ledesma St - Ruperto Montinola St,5500.0,1.2879,Luna St - Esplanade 5,lapaz - 1,lapaz - 10,1181.0,1174.05,416.51
jaro - 9,Iloilo-Capiz Rd - Balabago Rd,Proper - 11,Ledesma St - Ruperto Montinola St,5500.0,1.2879,Bonifacio Drive (Rev),lapaz - 10,Proper - 7,1181.0,1174.05,416.51
jaro - 9,Iloilo-Capiz Rd - Balabago Rd,Proper - 12,Arroyo St - Muelle Loney St,6000.0,1.1384,Gen Luna St 1,Proper - 1,Proper - 7,1356.38,1344.16,732.75
jaro - 9,Iloilo-Capiz Rd - Balabago Rd,Proper - 12,Arroyo St - Muelle Loney St,6000.0,1.1384,Gen Luna St 3 (Rev),Proper - 9,Proper - 8,1356.38,1353.26,187.02
jaro - 9,Iloilo-Capiz Rd - Balabago Rd,Proper - 12,Arroyo St - Muelle Loney St,6000.0,1.1384,Burgos St (Rev),jaro - 2,lapaz - 7,1356.38,1354.55,109.61
jaro - 9,Iloilo-Capiz Rd - Balabago Rd,Proper - 12,Arroyo St - Muelle Loney St,6000.0,1.1384,E Lopez St - Plaza Rizal St - Commission Civil St,jaro - 4,jaro - 5,1356.38,1354.55,109.61
jaro - 9,Iloilo-Capiz Rd - Balabago Rd,Proper - 12,Arroyo St - Muelle Loney St,6000.0,1.1384,Commission Civil St (Rev),jaro - 5,jaro - 2,1356.38,1354.55,109.61
jaro - 9,Iloilo-Capiz Rd - Balabago Rd,Proper - 13,JM Basa St - De la Rama St,5500.0,1.2706,Delgado St,Proper - 2,Proper - 10,1340.34,1308.65,1901.43
jaro - 9,Iloilo-Capiz Rd - Balabago Rd,Proper - 13,JM Basa St - De la Rama St,5500.0,1.2706,Luna St (Rev),jaro - 1,lapaz - 3,1340.34,1339.25,65.16
jaro - 9,Iloilo-Capiz Rd - Balabago Rd,Proper - 13,JM Basa St - De la Rama St,5500.0,1.2706,E Lopez St (Rev),jaro - 4,jaro - 1,1340.34,1339.25,65.16
jaro - 9,Iloilo-Capiz Rd - Balabago Rd,Proper - 14,JM Basa St - Rizal St,5500.0,1.1305,Delgado St,Proper - 2,Proper - 10,1351.15,1335.28,951.74
jaro - 9,Iloilo-Capiz Rd - Balabago Rd,Proper - 14,JM Basa St - Rizal St,5500.0,1.1305,Luna St (Rev),jaro - 1,lapaz - 3,1351.15,1345.55,336.03
jaro - 9,Iloilo-Capiz Rd - Balabago Rd,Proper - 14,JM Basa St - Rizal St,5500.0,1.1305,E Lopez St (Rev),jaro - 4,jaro - 1,1351.15,1345.55,336.03
jaro - 9,Iloilo-Capiz Rd - Balabago Rd,Proper - 15,General Hughes St - Duran St,5500.0,1.2671,Gen Luna St 1,Proper - 1,Proper - 7,1508.74,1505.32,204.99
jaro - 9,Iloilo-Capiz Rd - Balabago Rd,Proper - 15,General Hughes St - Duran St,5500.0,1.2671,Delgado St,Proper - 2,Proper - 10,1508.74,1508.15,35.59
jaro - 9,Iloilo-Capiz Rd - Balabago Rd,Proper - 17,Dela Rama St - Blumentritt,5500.0,1.2794,Infante St 1,Proper - 1,Proper - 2,1531.24,1497.06,2050.91
jaro - 9,Iloilo-Capiz Rd - Balabago Rd,Proper - 17,Dela Rama St - Blumentritt,5500.0,1.2794,Gen Luna St 1,Proper - 1,Proper - 7,1531.24,1523.95,437.83
jaro - 9,Iloilo-Capiz Rd - Balabago Rd,Proper - 17,Dela Rama St - Blumentritt,5500.0,1.2794,Delgado St,Proper - 2,Proper - 10,1531.24,1521.32,595.49
jaro - 9,Iloilo-Capiz Rd - Balabago Rd,Proper - 17,Dela Rama St - Blumentritt,5500.0,1.2794,Gen Luna St 3,Proper - 8,Proper - 9,1531.24,1469.83,3684.69
jaro - 9,Iloilo-Capiz Rd - Balabago Rd,Proper - 17,Dela Rama St - Blumentritt,5500.0,1.2794,Muelle Loney St 3,Proper - 18,Proper - 19,1531.24,1512.82,1105.69
jaro - 9,Iloilo-Capiz Rd - Balabago Rd,Proper - 17,Dela Rama St - Blumentritt,5500.0,1.2794,Luna St (Rev),jaro - 1,lapaz - 3,1531.24,1519.34,714.36
jaro - 9,Iloilo-Capiz Rd - Balabago Rd,Proper - 17,Dela Rama St - Blumentritt,5500.0,1.2794,E Lopez St (Rev),jaro - 4,jaro - 1,1531.24,1519.34,714.36
jaro - 9,Iloilo-Capiz Rd - Balabago Rd,Proper - 17,Dela Rama St - Blumentritt,5500.0,1.2794,Luna St - Huervana St,lapaz - 3,lapaz - 1,1531.24,1524.28,417.67
jaro - 9,Iloilo-Capiz Rd - Balabago Rd,Proper - 18,Muelle Loney St - Blumentritt Left,5500.0,1.2142,Infante St 1,Proper - 1,Proper - 2,1449.33,1417.64,1901.92
jaro - 9,Iloilo-Capiz Rd - Balabago Rd,Proper - 18,Muelle Loney St - Blumentritt Left,5500.0,1.2142,Gen Luna St 1,Proper - 1,Proper - 7,1449.33,1427.0,1340.24
jaro - 9,Iloilo-Capiz Rd - Balabago Rd,Proper - 18,Muelle Loney St - Blumentritt Left,5500.0,1.2142,Gen Luna St 3,Proper - 8,Proper - 9,1449.33,1391.01,3499.68
jaro - 9,Iloilo-Capiz Rd - Balabago Rd,Proper - 18,Muelle Loney St - Blumentritt Left,5500.0,1.2142,Ruperto Montinola St 1,Proper - 8,Proper - 10,1449.33,1447.67,99.89
jaro - 9,Iloilo-Capiz Rd - Balabago Rd,Proper - 19,Muelle Loney St - Blumentritt Right,5500.0,1.2095,Infante St 1,Proper - 1,Proper - 2,1511.1,1510.54,33.98
jaro - 9,Iloilo-Capiz Rd - Balabago Rd,Proper - 19,Muelle Loney St - Blumentritt Right,5500.0,1.2095,Gen Luna St 1,Proper - 1,Proper - 7,1511.1,1506.57,271.7
jaro - 9,Iloilo-Capiz Rd - Balabago Rd,Proper - 19,Muelle Loney St - Blumentritt Right,5500.0,1.2095,Delgado St,Proper - 2,Proper - 10,1511.1,1491.6,1170.19
jaro - 9,Iloilo-Capiz Rd - Balabago Rd,Proper - 19,Muelle Loney St - Blumentritt Right,5500.0,1.2095,Gen Luna St 2,Proper - 7,Proper - 8,1511.1,1502.33,526.15
jaro - 9,Iloilo-Capiz Rd - Balabago Rd,Proper - 19,Muelle Loney St - Blumentritt Right,5500.0,1.2095,Gen Luna St 3,Proper - 8,Proper - 9,1511.1,1451.09,3600.68
jaro - 9,Iloilo-Capiz Rd - Balabago Rd,Proper - 19,Muelle Loney St - Blumentritt Right,5500.0,1.2095,Arroyo St (Rev),Proper - 11,Proper - 12,1511.1,1505.46,338.61
jaro - 9,Iloilo-Capiz Rd - Balabago Rd,Proper - 19,Muelle Loney St - Blumentritt Right,5500.0,1.2095,Dela Rama St 1,Proper - 13,Proper - 17,1511.1,1481.92,1750.99
jaro - 9,Iloilo-Capiz Rd - Balabago Rd,Proper - 19,Muelle Loney St - Blumentritt Right,5500.0,1.2095,Blumentritt 1,Proper - 17,Proper - 18,1511.1,1478.98,1927.59
jaro - 9,Iloilo-Capiz Rd - Balabago Rd,Proper - 19,Muelle Loney St - Blumentritt Right,5500.0,1.2095,Blumentritt 1 (Rev),Proper - 18,Proper - 17,1511.1,1484.87,1573.81
jaro - 9,Iloilo-Capiz Rd - Balabago Rd,Proper - 19,Muelle Loney St - Blumentritt Right,5500.0,1.2095,Luna St (Rev),jaro - 1,lapaz - 3,1511.1,1510.13,58.4
jaro - 9,Iloilo-Capiz Rd - Balabago Rd,Proper - 19,Muelle Loney St - Blumentritt Right,5500.0,1.2095,E Lopez St (Rev),jaro - 4,jaro - 1,1511.1,1510.13,58.4
jaro - 9,Iloilo-Capiz Rd - Balabago Rd,Proper - 21,Fort San Pedro Dr - Muelle Loney St,5500.0,1.0954,Delgado St,Proper - 2,Proper - 10,1477.76,1472.35,324.43
jaro - 9,Iloilo-Capiz Rd - Balabago Rd,Proper - 21,Fort San Pedro Dr - Muelle Loney St,5500.0,1.0954,Gen Luna St 3,Proper - 8,Proper - 9,1477.76,1447.8,1797.18
jaro - 9,Iloilo-Capiz Rd - Balabago Rd,Proper - 22,Fort San Pedro Dr - General Hughes St,5500.0,1.2154,Infante St 1,Proper - 1,Proper - 2,1538.71,1527.73,658.59
jaro - 9,Iloilo-Capiz Rd - Balabago Rd,Proper - 22,Fort San Pedro Dr - General Hughes St,5500.0,1.2154,Gen Luna St 1,Proper - 1,Proper - 7,1538.71,1538.48,13.52
jaro - 9,Iloilo-Capiz Rd - Balabago Rd,Proper - 22,Fort San Pedro Dr - General Hughes St,5500.0,1.2154,Infante St 2,Proper - 2,Proper - 3,1538.71,1509.81,1733.69
jaro - 9,Iloilo-Capiz Rd - Balabago Rd,Proper - 22,Fort San Pedro Dr - General Hughes St,5500.0,1.2154,Delgado St,Proper - 2,Proper - 10,1538.71,1537.34,82.27
jaro - 9,Iloilo-Capiz Rd - Balabago Rd,Proper - 22,Fort San Pedro Dr - General Hughes St,5500.0,1.2154,Infante St 3,Proper - 3,Proper - 4,1538.71,1509.81,1733.69
jaro - 9,Iloilo-Capiz Rd - Balabago Rd,Proper - 22,Fort San Pedro Dr - General Hughes St,5500.0,1.2154,Baluarte - Oton Blvd,Proper - 4,Proper - 5,1538.71,1509.81,1733.69
jaro - 9,Iloilo-Capiz Rd - Balabago Rd,Proper - 22,Fort San Pedro Dr - General Hughes St,5500.0,1.2154,Rizal St 2,Proper - 5,Proper - 6,1538.71,1509.81,1733.69
jaro - 9,Iloilo-Capiz Rd - Balabago Rd,Proper - 22,Fort San Pedro Dr - General Hughes St,5500.0,1.2154,Ledesma St,Proper - 6,Proper - 11,1538.71,1525.5,792.59
jaro - 9,Iloilo-Capiz Rd - Balabago Rd,Proper - 22,Fort San Pedro Dr - General Hughes St,5500.0,1.2154,Gen Luna St 3,Proper - 8,Proper - 9,1538.71,1529.38,559.6
jaro - 9,Iloilo-Capiz Rd - Balabago Rd,Proper - 22,Fort San Pedro Dr - General Hughes St,5500.0,1.2154,Arroyo St (Rev),Proper - 11,Proper - 12,1538.71,1525.5,792.59
jaro - 9,Iloilo-Capiz Rd - Balabago Rd,Proper - 22,Fort San Pedro Dr - General Hughes St,5500.0,1.2154,Luna St (Rev),jaro - 1,lapaz - 3,1538.71,1536.0,162.29
jaro - 9,Iloilo-Capiz Rd - Balabago Rd,Proper - 22,Fort San Pedro Dr - General Hughes St,5500.0,1.2154,Burgos St (Rev),jaro - 2,lapaz - 7,1538.71,1532.65,363.74
jaro - 9,Iloilo-Capiz Rd - Balabago Rd,Proper - 22,Fort San Pedro Dr - General Hughes St,5500.0,1.2154,E Lopez St (Rev),jaro - 4,jaro - 1,1538.71,1536.0,162.29
jaro - 9,Iloilo-Capiz Rd - Balabago Rd,Proper - 22,Fort San Pedro Dr - General Hughes St,5500.0,1.2154,E Lopez St - Plaza Rizal St - Commission Civil St,jaro - 4,jaro - 5,1538.71,1532.65,363.74
jaro - 9,Iloilo-Capiz Rd - Balabago Rd,Proper - 22,Fort San Pedro Dr - General Hughes St,5500.0,1.2154,Commission Civil St (Rev),jaro - 5,jaro - 2,1538.71,1532.65,363.74
jaro - 9,Iloilo-Capiz Rd - Balabago Rd,mandurriao - 3,Mandurriao - Sn Miguel Rd - R Mapa St,6500.0,1.1971,Old Iloilo - Capiz Rd,mandurriao - 1,Proper - 1,2812.79,2806.73,363.77
jaro - 9,Iloilo-Capiz Rd - Balabago Rd,mandurriao - 3,Mandurriao - Sn Miguel Rd - R Mapa St,6500.0,1.1971,Luna St (Rev),jaro - 1,lapaz - 3,2812.79,2811.52,76.16
jaro - 9,Iloilo-Capiz Rd - Balabago Rd,mandurriao - 3,Mandurriao - Sn Miguel Rd - R Mapa St,6500.0,1.1971,E Lopez St (Rev),jaro - 4,jaro - 1,2812.79,2811.52,76.16
jaro - 9,Iloilo-Capiz Rd - Balabago Rd,mandurriao - 3,Mandurriao - Sn Miguel Rd - R Mapa St,6500.0,1.1971,El 98 St - Plaza Rizal St - E Lopez St,jaro - 7,jaro - 4,2812.79,2811.52,76.16
jaro - 9,Iloilo-Capiz Rd - Balabago Rd,mandurriao - 4,R Mapa St - Mandurriao - Jaro Rd,5500.0,1.3466,Old Iloilo - Capiz Rd,mandurriao - 1,Proper - 1,1698.59,1693.44,308.84
jaro - 9,Iloilo-Capiz Rd - Balabago Rd,mandurriao - 6,R Mapa St - Donato Pison Ave,6000.0,1.1599,Rotunda,Molo - 7,Molo - 8,2203.01,2174.98,1681.75
jaro - 9,Iloilo-Capiz Rd - Balabago Rd,mandurriao - 6,R Mapa St - Donato Pison Ave,6000.0,1.1599,Gen Luna - Molo Connect,Proper - 1,Molo - 7,2203.01,2174.98,1681.75
jaro - 9,Iloilo-Capiz Rd - Balabago Rd,mandurriao - 6,R Mapa St - Donato Pison Ave,6000.0,1.1599,Old Iloilo - Capiz Rd,mandurriao - 1,Proper - 1,2203.01,1982.1,13254.4
jaro - 9,Iloilo-Capiz Rd - Balabago Rd,mandurriao - 6,R Mapa St - Donato Pison Ave,6000.0,1.1599,Luna St (Rev),jaro - 1,lapaz - 3,2203.01,2202.16,50.97
jaro - 9,Iloilo-Capiz Rd - Balabago Rd,mandurriao - 6,R Mapa St - Donato Pison Ave,6000.0,1.1599,E Lopez St (Rev),jaro - 4,jaro - 1,2203.01,2202.16,50.97
jaro - 9,Iloilo-Capiz Rd - Balabago Rd,mandurriao - 6,R Mapa St - Donato Pison Ave,6000.0,1.1599,El 98 St - Plaza Rizal St - E Lopez St,jaro - 7,jaro - 4,2203.01,2202.16,50.97
jaro - 9,Iloilo-Capiz Rd - Balabago Rd,mandurriao - 6,R Mapa St - Donato Pison Ave,6000.0,1.1599,Lopez Jaena St - Old Lopez Jaena St,jaro - 8,jaro - 18,2203.01,2173.68,1759.6
jaro - 9,Iloilo-Capiz Rd - Balabago Rd,mandurriao - 6,R Mapa St - Donato Pison Ave,6000.0,1.1599,Old Iloilo-Capiz Rd - Old Lopez Jaena St,jaro - 17,mandurriao - 1,2203.01,2173.68,1759.6
jaro - 9,Iloilo-Capiz Rd - Balabago Rd,jaro - 16,Old Lopez Jaena St - Old Iloilo-Capiz Rd,6500.0,1.2062,Old Lopez Jaena St - Old Iloilo-Capiz Rd,jaro - 18,jaro - 17,1965.76,1957.65,487.03
jaro - 9,Iloilo-Capiz Rd - Balabago Rd,jaro - 24,Old Iloilo-Capiz Rd - Pavia,6500.0,1.1957,Old Lopez Jaena St - Old Iloilo-Capiz Rd,jaro - 18,jaro - 17,2053.32,2045.2,487.03
jaro - 9,Iloilo-Capiz Rd - Balabago Rd,lapaz - 1,Luna St - Huervana St,5500.0,1.0702,Luna St (Rev),jaro - 1,lapaz - 3,1022.86,1010.56,737.58
jaro - 9,Iloilo-Capiz Rd - Balabago Rd,lapaz - 1,Luna St - Huervana St,5500.0,1.0702,Burgos St (Rev),jaro - 2,lapaz - 7,1022.86,1006.32,992.12
jaro - 9,Iloilo-Capiz Rd - Balabago Rd,lapaz - 1,Luna St - Huervana St,5500.0,1.0702,E Lopez St (Rev),jaro - 4,jaro - 1,1022.86,1010.56,737.58
jaro - 9,Iloilo-Capiz Rd - Balabago Rd,lapaz - 1,Luna St - Huervana St,5500.0,1.0702,E Lopez St - Plaza Rizal St - Commission Civil St,jaro - 4,jaro - 5,1022.86,1006.32,992.12
jaro - 9,Iloilo-Capiz Rd - Balabago Rd,lapaz - 1,Luna St - Huervana St,5500.0,1.0702,Commission Civil St (Rev),jaro - 5,jaro - 2,1022.86,1006.32,992.12
jaro - 9,Iloilo-Capiz Rd - Balabago Rd,lapaz - 2,Rizal St - Luna St,5000.0,1.3087,Burgos St (Rev),jaro - 2,lapaz - 7,838.16,831.11,422.56
jaro - 9,Iloilo-Capiz Rd - Balabago Rd,lapaz - 2,Rizal St - Luna St,5000.0,1.3087,E Lopez St - Plaza Rizal St - Commission Civil St,jaro - 4,jaro - 5,838.16,831.11,422.56
jaro - 9,Iloilo-Capiz Rd - Balabago Rd,lapaz - 2,Rizal St - Luna St,5000.0,1.3087,Commission Civil St (Rev),jaro - 5,jaro - 2,838.16,831.11,422.56
jaro - 9,Iloilo-Capiz Rd - Balabago Rd,lapaz - 3,Luna St - Luna St,5000.0,1.2605,Burgos St (Rev),jaro - 2,lapaz - 7,869.39,842.08,1638.6
jaro - 9,Iloilo-Capiz Rd - Balabago Rd,lapaz - 3,Luna St - Luna St,5000.0,1.2605,E Lopez St - Plaza Rizal St - Commission Civil St,jaro - 4,jaro - 5,869.39,842.08,1638.6
jaro - 9,Iloilo-Capiz Rd - Balabago Rd,lapaz - 3,Luna St - Luna St,5000.0,1.2605,Commission Civil St (Rev),jaro - 5,jaro - 2,869.39,842.08,1638.6
jaro - 9,Iloilo-Capiz Rd - Balabago Rd,lapaz - 10,Luna St - Taytay Forbes,5500.0,1.2259,Luna St (Rev),jaro - 1,lapaz - 3,1035.88,1032.88,180.01
jaro - 9,Iloilo-Capiz Rd - Balabago Rd,lapaz - 10,Luna St - Taytay Forbes,5500.0,1.2259,E Lopez St (Rev),jaro - 4,jaro - 1,1035.88,1032.88,180.01
jaro - 9,Iloilo-Capiz Rd - Balabago Rd,lapuz - 2,Rizal St - Quirino-Lopez Bridge,5500.0,1.2548,Gen Luna St 1,Proper - 1,Proper - 7,1052.05,1047.28,286.15
jaro - 9,Iloilo-Capiz Rd - Balabago Rd,lapuz - 2,Rizal St - Quirino-Lopez Bridge,5500.0,1.2548,Huervana St - Rizal St,lapaz - 1,lapaz - 2,1052.05,1038.11,836.36
jaro - 9,Iloilo-Capiz Rd - Balabago Rd,lapuz - 6,Rizal St - Lapuz-Mansaya-Roboc Rd,3000.0,1.0618,Luna St - Esplanade 5,lapaz - 1,lapaz - 10,479.41,479.2,12.3
jaro - 9,Iloilo-Capiz Rd - Balabago Rd,lapuz - 6,Rizal St - Lapuz-Mansaya-Roboc Rd,3000.0,1.0618,Bonifacio Drive (Rev),lapaz - 10,Proper - 7,479.41,479.2,12.3
jaro - 10,Balabago Rd - Iloilo Circumferential Rd 1,Molo - 6,Locsin St. - Baluarte - Calumpag - Villa - Oton Blvd,3000.0,1.0937,Infante St 1,Proper - 1,Proper - 2,628.38,599.21,1750.06
jaro - 10,Balabago Rd - Iloilo Circumferential Rd 1,Molo - 6,Locsin St. - Baluarte - Calumpag - Villa - Oton Blvd,3000.0,1.0937,Infante St 2,Proper - 2,Proper - 3,628.38,597.91,1828.16
jaro - 10,Balabago Rd - Iloilo Circumferential Rd 1,Molo - 6,Locsin St. - Baluarte - Calumpag - Villa - Oton Blvd,3000.0,1.0937,Rizal St 1,Proper - 5,Proper - 3,628.38,625.21,190.24
jaro - 10,Balabago Rd - Iloilo Circumferential Rd 1,Molo - 6,Locsin St. - Baluarte - Calumpag - Villa - Oton Blvd,3000.0,1.0937,Rizal St 2 (Rev),Proper - 6,Proper - 5,628.38,625.21,190.24
jaro - 10,Balabago Rd - Iloilo Circumferential Rd 1,Molo - 6,Locsin St. - Baluarte - Calumpag - Villa - Oton Blvd,3000.0,1.0937,Gen Luna St 2,Proper - 7,Proper - 8,628.38,623.21,310.13
jaro - 10,Balabago Rd - Iloilo Circumferential Rd 1,Molo - 6,Locsin St. - Baluarte - Calumpag - Villa - Oton Blvd,3000.0,1.0937,Ruperto Montinola St 1,Proper - 8,Proper - 10,628.38,625.21,190.24
jaro - 10,Balabago Rd - Iloilo Circumferential Rd 1,Molo - 6,Locsin St. - Baluarte - Calumpag - Villa - Oton Blvd,3000.0,1.0937,Ruperto Montinola St 2,Proper - 10,Proper - 11,628.38,625.21,190.24
jaro - 10,Balabago Rd - Iloilo Circumferential Rd 1,Molo - 6,Locsin St. - Baluarte - Calumpag - Villa - Oton Blvd,3000.0,1.0937,Ledesma St (Rev),Proper - 11,Proper - 6,628.38,625.21,190.24
jaro - 10,Balabago Rd - Iloilo Circumferential Rd 1,Proper - 3,Rizal St - Infante St,2500.0,1.1027,Balabago Rd (Rev),jaro - 10,jaro - 9,444.15,443.71,26.64
jaro - 10,Balabago Rd - Iloilo Circumferential Rd 1,Proper - 7,Gen Luna St - Bonifacio Dr,3500.0,1.1178,Rizal St - Luna St,lapaz - 2,lapaz - 3,591.08,579.38,701.96
jaro - 10,Balabago Rd - Iloilo Circumferential Rd 1,Proper - 7,Gen Luna St - Bonifacio Dr,3500.0,1.1178,Huervana St - Burgos St (Rev),lapaz - 4,lapaz - 2,591.08,584.07,420.83
jaro - 10,Balabago Rd - Iloilo Circumferential Rd 1,Proper - 7,Gen Luna St - Bonifacio Dr,3500.0,1.1178,Jereos St - Huervana Ext,lapaz - 5,lapaz - 6,591.08,584.07,420.83
jaro - 10,Balabago Rd - Iloilo Circumferential Rd 1,Proper - 7,Gen Luna St - Bonifacio Dr,3500.0,1.1178,Huervana Ext,lapaz - 6,lapaz - 7,591.08,584.07,420.83
jaro - 10,Balabago Rd - Iloilo Circumferential Rd 1,Proper - 7,Gen Luna St - Bonifacio Dr,3500.0,1.1178,Burgos St - Huervana St,lapaz - 7,lapaz - 4,591.08,584.07,420.83
jaro - 10,Balabago Rd - Iloilo Circumferential Rd 1,Proper - 7,Gen Luna St - Bonifacio Dr,3500.0,1.1178,Lopez Jaena St (Rev),lapaz - 8,lapaz - 5,591.08,584.07,420.83
jaro - 10,Balabago Rd - Iloilo Circumferential Rd 1,Proper - 7,Gen Luna St - Bonifacio Dr,3500.0,1.1178,Baldoza St (Rev),lapaz - 9,lapaz - 8,591.08,584.07,420.83
jaro - 10,Balabago Rd - Iloilo Circumferential Rd 1,Proper - 8,Gen Luna St - Ruperto Montinola St,3500.0,1.0887,Rizal St - Luna St,lapaz - 2,lapaz - 3,593.47,587.13,380.4
jaro - 10,Balabago Rd - Iloilo Circumferential Rd 1,Proper - 8,Gen Luna St - Ruperto Montinola St,3500.0,1.0887,Huervana St - Burgos St (Rev),lapaz - 4,lapaz - 2,593.47,591.45,121.23
jaro - 10,Balabago Rd - Iloilo Circumferential Rd 1,Proper - 8,Gen Luna St - Ruperto Montinola St,3500.0,1.0887,Jereos St - Huervana Ext,lapaz - 5,lapaz - 6,593.47,591.45,121.23
jaro - 10,Balabago Rd - Iloilo Circumferential Rd 1,Proper - 8,Gen Luna St - Ruperto Montinola St,3500.0,1.0887,Huervana Ext,lapaz - 6,lapaz - 7,593.47,591.45,121.23
jaro - 10,Balabago Rd - Iloilo Circumferential Rd 1,Proper - 8,Gen Luna St - Ruperto Montinola St,3500.0,1.0887,Burgos St - Huervana St,lapaz - 7,lapaz - 4,593.47,591.45,121.23
jaro - 10,Balabago Rd - Iloilo Circumferential Rd 1,Proper - 8,Gen Luna St - Ruperto Montinola St,3500.0,1.0887,Lopez Jaena St (Rev),lapaz - 8,lapaz - 5,593.47,591.45,121.23
jaro - 10,Balabago Rd - Iloilo Circumferential Rd 1,Proper - 8,Gen Luna St - Ruperto Montinola St,3500.0,1.0887,Baldoza St (Rev),lapaz - 9,lapaz - 8,593.47,591.45,121.23
jaro - 10,Balabago Rd - Iloilo Circumferential Rd 1,Proper - 10,Delgado St - Ruperto Montinola St,3500.0,1.095,Gen Luna St 2,Proper - 7,Proper - 8,624.4,624.37,1.97
jaro - 10,Balabago Rd - Iloilo Circumferential Rd 1,Proper - 10,Delgado St - Ruperto Montinola St,3500.0,1.095,Gen Luna St 3 (Rev),Proper - 9,Proper - 8,624.4,623.91,29.41
jaro - 10,Balabago Rd - Iloilo Circumferential Rd 1,Proper - 10,Delgado St - Ruperto Montinola St,3500.0,1.095,Luna St - Esplanade 5,lapaz - 1,lapaz - 10,624.4,624.37,1.97
jaro - 10,Balabago Rd - Iloilo Circumferential Rd 1,Proper - 10,Delgado St - Ruperto Montinola St,3500.0,1.095,Rizal St - Luna St,lapaz - 2,lapaz - 3,624.4,624.37,1.97
jaro - 10,Balabago Rd - Iloilo Circumferential Rd 1,Proper - 10,Delgado St - Ruperto Montinola St,3500.0,1.095,Rizal St - Huervana St,lapaz - 2,lapuz - 2,624.4,623.79,36.87
jaro - 10,Balabago Rd - Iloilo Circumferential Rd 1,Proper - 10,Delgado St - Ruperto Montinola St,3500.0,1.095,Luna St - Huervana St,lapaz - 3,lapaz - 1,624.4,624.37,1.97
jaro - 10,Balabago Rd - Iloilo Circumferential Rd 1,Proper - 10,Delgado St - Ruperto Montinola St,3500.0,1.095,Bonifacio Drive (Rev),lapaz - 10,Proper - 7,624.4,624.37,1.97
jaro - 10,Balabago Rd - Iloilo Circumferential Rd 1,Proper - 11,Ledesma St - Ruperto Montinola St,3500.0,1.0756,Gen Luna St 3 (Rev),Proper - 9,Proper - 8,640.05,636.54,210.21
jaro - 10,Balabago Rd - Iloilo Circumferential Rd 1,Proper - 11,Ledesma St - Ruperto Montinola St,3500.0,1.0756,Rizal St - Huervana St,lapaz - 2,lapuz - 2,640.05,637.69,141.52
jaro - 10,Balabago Rd - Iloilo Circumferential Rd 1,Proper - 13,JM Basa St - De la Rama St,3500.0,1.1092,Ruperto Montinola St 1,Proper - 8,Proper - 10,726.64,717.26,562.49
jaro - 10,Balabago Rd - Iloilo Circumferential Rd 1,Proper - 13,JM Basa St - De la Rama St,3500.0,1.1092,Gen Luna St 3 (Rev),Proper - 9,Proper - 8,726.64,723.96,160.78
jaro - 10,Balabago Rd - Iloilo Circumferential Rd 1,Proper - 13,JM Basa St - De la Rama St,3500.0,1.1092,Muelle Loney St 1,Proper - 9,Proper - 12,726.64,726.56,4.8
jaro - 10,Balabago Rd - Iloilo Circumferential Rd 1,Proper - 13,JM Basa St - De la Rama St,3500.0,1.1092,Arroyo St,Proper - 12,Proper - 11,726.64,726.56,4.8
jaro - 10,Balabago Rd - Iloilo Circumferential Rd 1,Proper - 13,JM Basa St - De la Rama St,3500.0,1.1092,Rizal St - Huervana St,lapaz - 2,lapuz - 2,726.64,724.22,145.32
jaro - 10,Balabago Rd - Iloilo Circumferential Rd 1,Proper - 13,JM Basa St - De la Rama St,3500.0,1.1092,Huervana St - Burgos St (Rev),lapaz - 4,lapaz - 2,726.64,725.71,55.61
jaro - 10,Balabago Rd - Iloilo Circumferential Rd 1,Proper - 13,JM Basa St - De la Rama St,3500.0,1.1092,Jereos St - Huervana Ext,lapaz - 5,lapaz - 6,726.64,725.71,55.61
jaro - 10,Balabago Rd - Iloilo Circumferential Rd 1,Proper - 13,JM Basa St - De la Rama St,3500.0,1.1092,Huervana Ext,lapaz - 6,lapaz - 7,726.64,725.71,55.61
jaro - 10,Balabago Rd - Iloilo Circumferential Rd 1,Proper - 13,JM Basa St - De la Rama St,3500.0,1.1092,Burgos St - Huervana St,lapaz - 7,lapaz - 4,726.64,725.71,55.61
jaro - 10,Balabago Rd - Iloilo Circumferential Rd 1,Proper - 13,JM Basa St - De la Rama St,3500.0,1.1092,Lopez Jaena St (Rev),lapaz - 8,lapaz - 5,726.64,725.71,55.61
jaro - 10,Balabago Rd - Iloilo Circumferential Rd 1,Proper - 13,JM Basa St - De la Rama St,3500.0,1.1092,Baldoza St (Rev),lapaz - 9,lapaz - 8,726.64,725.71,55.61
jaro - 10,Balabago Rd - Iloilo Circumferential Rd 1,Proper - 13,JM Basa St - De la Rama St,3500.0,1.1092,Coastal Rd,lapaz - 9,lapuz - 7,726.64,726.29,20.79
jaro - 10,Balabago Rd - Iloilo Circumferential Rd 1,Proper - 13,JM Basa St - De la Rama St,3500.0,1.1092,Quirino - Lopez Bridge (Rev),lapuz - 2,Proper - 9,726.64,724.9,104.37
jaro - 10,Balabago Rd - Iloilo Circumferential Rd 1,Proper - 13,JM Basa St - De la Rama St,3500.0,1.1092,Rizal St - Ferry Terminal Access Rd (Rev),lapuz - 4,lapuz - 2,726.64,726.29,20.79
jaro - 10,Balabago Rd - Iloilo Circumferential Rd 1,Proper - 13,JM Basa St - De la Rama St,3500.0,1.1092,Rizal St - Iloilo Airport Direct Rd (Rev),lapuz - 6,lapuz - 4,726.64,726.29,20.79
jaro - 10,Balabago Rd - Iloilo Circumferential Rd 1,Proper - 13,JM Basa St - De la Rama St,3500.0,1.1092,Lapuz Mansaya Loboc Rd (Rev),lapuz - 7,lapuz - 6,726.64,726.29,20.79
jaro - 10,Balabago Rd - Iloilo Circumferential Rd 1,Proper - 14,JM Basa St - Rizal St,3000.0,1.1054,Muelle Loney St 1,Proper - 9,Proper - 12,604.01,600.07,236.86
jaro - 10,Balabago Rd - Iloilo Circumferential Rd 1,Proper - 14,JM Basa St - Rizal St,3000.0,1.1054,Arroyo St,Proper - 12,Proper - 11,604.01,600.07,236.86
jaro - 10,Balabago Rd - Iloilo Circumferential Rd 1,Proper - 15,General Hughes St - Duran St,3000.0,1.0982,Muelle Loney St 1,Proper - 9,Proper - 12,643.88,639.93,236.86
jaro - 10,Balabago Rd - Iloilo Circumferential Rd 1,Proper - 15,General Hughes St - Duran St,3000.0,1.0982,Arroyo St,Proper - 12,Proper - 11,643.88,639.93,236.86
jaro - 10,Balabago Rd - Iloilo Circumferential Rd 1,Proper - 18,Muelle Loney St - Blumentritt Left,3500.0,1.088,Rizal St - Huervana St,lapaz - 2,lapuz - 2,756.8,755.62,71.19
jaro - 10,Balabago Rd - Iloilo Circumferential Rd 1,Proper - 19,Muelle Loney St - Blumentritt Right,5000.0,1.0838,Arroyo St (Rev),Proper - 11,Proper - 12,1276.24,1276.09,9.04
jaro - 10,Balabago Rd - Iloilo Circumferential Rd 1,Proper - 19,Muelle Loney St - Blumentritt Right,5000.0,1.0838,Blumentritt 1,Proper - 17,Proper - 18,1276.24,1246.13,1806.31
jaro - 10,Balabago Rd - Iloilo Circumferential Rd 1,Proper - 21,Fort San Pedro Dr - Muelle Loney St,3500.0,1.0632,Gen Luna St 2,Proper - 7,Proper - 8,837.77,832.47,318.28
jaro - 10,Balabago Rd - Iloilo Circumferential Rd 1,Proper - 21,Fort San Pedro Dr - Muelle Loney St,3500.0,1.0632,Ruperto Montinola St 1,Proper - 8,Proper - 10,837.77,829.05,523.21
jaro - 10,Balabago Rd - Iloilo Circumferential Rd 1,Proper - 21,Fort San Pedro Dr - Muelle Loney St,3500.0,1.0632,Gen Luna St 3 (Rev),Proper - 9,Proper - 8,837.77,834.31,207.72
jaro - 10,Balabago Rd - Iloilo Circumferential Rd 1,Proper - 21,Fort San Pedro Dr - Muelle Loney St,3500.0,1.0632,JM Basa St 1,Proper - 11,Proper - 13,837.77,836.0,106.53
jaro - 10,Balabago Rd - Iloilo Circumferential Rd 1,Proper - 21,Fort San Pedro Dr - Muelle Loney St,3500.0,1.0632,JM Basa St 2,Proper - 13,Proper - 14,837.77,835.09,161.22
jaro - 10,Balabago Rd - Iloilo Circumferential Rd 1,Proper - 21,Fort San Pedro Dr - Muelle Loney St,3500.0,1.0632,Blumentritt 1 (Rev),Proper - 18,Proper - 17,837.77,834.3,208.67
jaro - 10,Balabago Rd - Iloilo Circumferential Rd 1,Proper - 21,Fort San Pedro Dr - Muelle Loney St,3500.0,1.0632,Luna St - Esplanade 5,lapaz - 1,lapaz - 10,837.77,832.47,318.28
jaro - 10,Balabago Rd - Iloilo Circumferential Rd 1,Proper - 21,Fort San Pedro Dr - Muelle Loney St,3500.0,1.0632,Rizal St - Luna St,lapaz - 2,lapaz - 3,837.77,832.5,316.31
jaro - 10,Balabago Rd - Iloilo Circumferential Rd 1,Proper - 21,Fort San Pedro Dr - Muelle Loney St,3500.0,1.0632,Luna St - Huervana St,lapaz - 3,lapaz - 1,837.77,832.47,318.28
jaro - 10,Balabago Rd - Iloilo Circumferential Rd 1,Proper - 21,Fort San Pedro Dr - Muelle Loney St,3500.0,1.0632,Bonifacio Drive (Rev),lapaz - 10,Proper - 7,837.77,832.47,318.28
jaro - 10,Balabago Rd - Iloilo Circumferential Rd 1,Proper - 22,Fort San Pedro Dr - General Hughes St,3000.0,1.0719,Ruperto Montinola St 1,Proper - 8,Proper - 10,683.74,677.94,348.26
jaro - 10,Balabago Rd - Iloilo Circumferential Rd 1,Proper - 22,Fort San Pedro Dr - General Hughes St,3000.0,1.0719,Muelle Loney St 1,Proper - 9,Proper - 12,683.74,679.8,236.86
jaro - 10,Balabago Rd - Iloilo Circumferential Rd 1,Proper - 22,Fort San Pedro Dr - General Hughes St,3000.0,1.0719,Ruperto Montinola St 2,Proper - 10,Proper - 11,683.74,677.94,348.26
jaro - 10,Balabago Rd - Iloilo Circumferential Rd 1,Proper - 22,Fort San Pedro Dr - General Hughes St,3000.0,1.0719,JM Basa St 1,Proper - 11,Proper - 13,683.74,670.48,795.49
jaro - 10,Balabago Rd - Iloilo Circumferential Rd 1,Proper - 22,Fort San Pedro Dr - General Hughes St,3000.0,1.0719,Arroyo St,Proper - 12,Proper - 11,683.74,679.8,236.86
jaro - 10,Balabago Rd - Iloilo Circumferential Rd 1,Proper - 22,Fort San Pedro Dr - General Hughes St,3000.0,1.0719,JM Basa St 2,Proper - 13,Proper - 14,683.74,670.34,804.38
jaro - 10,Balabago Rd - Iloilo Circumferential Rd 1,mandurriao - 6,R Mapa St - Donato Pison Ave,2500.0,1.0478,Old Iloilo - Capiz Rd,mandurriao - 1,Proper - 1,557.05,531.25,1547.84
jaro - 10,Balabago Rd - Iloilo Circumferential Rd 1,jaro - 4,Plaza Rizal St - E Lopez St,4000.0,1.1021,Iloilo-Capiz Rd - Buhang Flyover (Rev),jaro - 12,jaro - 14,580.76,579.77,59.25
jaro - 10,Balabago Rd - Iloilo Circumferential Rd 1,jaro - 13,Buhang Flyover,5000.0,1.0575,Iloilo-Capiz Rd - Buhang Flyover (Rev),jaro - 12,jaro - 14,814.52,794.66,1191.36
jaro - 10,Balabago Rd - Iloilo Circumferential Rd 1,jaro - 15,Iloilo Circumferential Rd 1 - Iloilo Radial By-Pass Rd 4,5000.0,1.0381,Iloilo-Capiz Rd - Buhang Flyover (Rev),jaro - 12,jaro - 14,1207.54,1187.68,1191.36
jaro - 10,Balabago Rd - Iloilo Circumferential Rd 1,jaro - 16,Old Lopez Jaena St - Old Iloilo-Capiz Rd,4000.0,1.0734,Iloilo-Capiz Rd - Buhang Flyover (Rev),jaro - 12,jaro - 14,874.06,870.35,222.21
jaro - 10,Balabago Rd - Iloilo Circumferential Rd 1,jaro - 16,Old Lopez Jaena St - Old Iloilo-Capiz Rd,4000.0,1.0734,Old Lopez Jaena St - Old Iloilo-Capiz Rd,jaro - 18,jaro - 17,874.06,873.23,49.69
jaro - 10,Balabago Rd - Iloilo Circumferential Rd 1,jaro - 17,Iloilo-Capiz Rd - Old Iloilo-Capiz Rd,4000.0,1.0748,Iloilo-Capiz Rd - Buhang Flyover (Rev),jaro - 12,jaro - 14,858.62,854.92,222.21
jaro - 10,Balabago Rd - Iloilo Circumferential Rd 1,jaro - 18,Old Lopez Jaena St - Iloilo-Capiz Rd,4000.0,1.0792,Iloilo-Capiz Rd - Buhang Flyover (Rev),jaro - 12,jaro - 14,868.73,864.2,272.09
jaro - 10,Balabago Rd - Iloilo Circumferential Rd 1,jaro - 24,Old Iloilo-Capiz Rd - Pavia,4000.0,1.0704,Iloilo-Capiz Rd - Buhang Flyover (Rev),jaro - 12,jaro - 14,908.7,905.0,222.21
jaro - 10,Balabago Rd - Iloilo Circumferential Rd 1,jaro - 24,Old Iloilo-Capiz Rd - Pavia,4000.0,1.0704,Old Lopez Jaena St - Old Iloilo-Capiz Rd,jaro - 18,jaro - 17,908.7,907.88,49.69
jaro - 10,Balabago Rd - Iloilo Circumferential Rd 1,lapaz - 10,Luna St - Taytay Forbes,3500.0,1.099,Rizal St - Luna St,lapaz - 2,lapaz - 3,565.27,544.84,1226.02
jaro - 10,Balabago Rd - Iloilo Circumferential Rd 1,lapaz - 10,Luna St - Taytay Forbes,3500.0,1.099,Huervana St - Burgos St (Rev),lapaz - 4,lapaz - 2,565.27,554.08,671.23
jaro - 10,Balabago Rd - Iloilo Circumferential Rd 1,lapaz - 10,Luna St - Taytay Forbes,3500.0,1.099,Jereos St - Huervana Ext,lapaz - 5,lapaz - 6,565.27,554.08,671.23
jaro - 10,Balabago Rd - Iloilo Circumferential Rd 1,lapaz - 10,Luna St - Taytay Forbes,3500.0,1.099,Huervana Ext,lapaz - 6,lapaz - 7,565.27,554.08,671.23
jaro - 10,Balabago Rd - Iloilo Circumferential Rd 1,lapaz - 10,Luna St - Taytay Forbes,3500.0,1.099,Burgos St - Huervana St,lapaz - 7,lapaz - 4,565.27,554.08,671.23
jaro - 10,Balabago Rd - Iloilo Circumferential Rd 1,lapaz - 10,Luna St - Taytay Forbes,3500.0,1.099,Lopez Jaena St (Rev),lapaz - 8,lapaz - 5,565.27,554.08,671.23
jaro - 10,Balabago Rd - Iloilo Circumferential Rd 1,lapaz - 10,Luna St - Taytay Forbes,3500.0,1.099,Baldoza St (Rev),lapaz - 9,lapaz - 8,565.27,554.08,671.23
jaro - 10,Balabago Rd - Iloilo Circumferential Rd 1,lapuz - 2,Rizal St - Quirino-Lopez Bridge,3500.0,1.1566,Rizal St - Huervana St,lapaz - 2,lapuz - 2,611.4,608.22,190.78
jaro - 10,Balabago Rd - Iloilo Circumferential Rd 1,lapuz - 2,Rizal St - Quirino-Lopez Bridge,3500.0,1.1566,Huervana St - Burgos St (Rev),lapaz - 4,lapaz - 2,611.4,608.04,201.35
jaro - 10,Balabago Rd - Iloilo Circumferential Rd 1,lapuz - 2,Rizal St - Quirino-Lopez Bridge,3500.0,1.1566,Jereos St - Huervana Ext,lapaz - 5,lapaz - 6,611.4,608.04,201.35
jaro - 10,Balabago Rd - Iloilo Circumferential Rd 1,lapuz - 2,Rizal St - Quirino-Lopez Bridge,3500.0,1.1566,Huervana Ext,lapaz - 6,lapaz - 7,611.4,608.04,201.35
jaro - 10,Balabago Rd - Iloilo Circumferential Rd 1,lapuz - 2,Rizal St - Quirino-Lopez Bridge,3500.0,1.1566,Burgos St - Huervana St,lapaz - 7,lapaz - 4,611.4,608.04,201.35
jaro - 10,Balabago Rd - Iloilo Circumferential Rd 1,lapuz - 2,Rizal St - Quirino-Lopez Bridge,3500.0,1.1566,Lopez Jaena St (Rev),lapaz - 8,lapaz - 5,611.4,608.04,201.35
jaro - 10,Balabago Rd - Iloilo Circumferential Rd 1,lapuz - 2,Rizal St - Quirino-Lopez Bridge,3500.0,1.1566,Baldoza St (Rev),lapaz - 9,lapaz - 8,611.4,608.04,201.35
jaro - 11,Iloilo Circumferential Rd 1 - Monfort Blvd,Molo - 6,Locsin St. - Baluarte - Calumpag - Villa - Oton Blvd,3000.0,1.09,Infante St 1,Proper - 1,Proper - 2,627.55,598.19,1761.3
jaro - 11,Iloilo Circumferential Rd 1 - Monfort Blvd,Molo - 6,Locsin St. - Baluarte - Calumpag - Villa - Oton Blvd,3000.0,1.09,Infante St 2,Proper - 2,Proper - 3,627.55,596.86,1841.27
jaro - 11,Iloilo Circumferential Rd 1 - Monfort Blvd,Molo - 6,Locsin St. - Baluarte - Calumpag - Villa - Oton Blvd,3000.0,1.09,Rizal St 1,Proper - 5,Proper - 3,627.55,623.68,231.81
jaro - 11,Iloilo Circumferential Rd 1 - Monfort Blvd,Molo - 6,Locsin St. - Baluarte - Calumpag - Villa - Oton Blvd,3000.0,1.09,Rizal St 2 (Rev),Proper - 6,Proper - 5,627.55,623.68,231.81
jaro - 11,Iloilo Circumferential Rd 1 - Monfort Blvd,Molo - 6,Locsin St. - Baluarte - Calumpag - Villa - Oton Blvd,3000.0,1.09,Gen Luna St 2,Proper - 7,Proper - 8,627.55,621.89,339.15
jaro - 11,Iloilo Circumferential Rd 1 - Monfort Blvd,Molo - 6,Locsin St. - Baluarte - Calumpag - Villa - Oton Blvd,3000.0,1.09,Ruperto Montinola St 1,Proper - 8,Proper - 10,627.55,623.68,231.81
jaro - 11,Iloilo Circumferential Rd 1 - Monfort Blvd,Molo - 6,Locsin St. - Baluarte - Calumpag - Villa - Oton Blvd,3000.0,1.09,Ruperto Montinola St 2,Proper - 10,Proper - 11,627.55,623.68,231.81
jaro - 11,Iloilo Circumferential Rd 1 - Monfort Blvd,Molo - 6,Locsin St. - Baluarte - Calumpag - Villa - Oton Blvd,3000.0,1.09,Ledesma St (Rev),Proper - 11,Proper - 6,627.55,623.68,231.81
jaro - 11,Iloilo Circumferential Rd 1 - Monfort Blvd,Proper - 3,Rizal St - Infante St,2500.0,1.0968,Balabago Rd (Rev),jaro - 10,jaro - 9,442.9,442.8,5.93
jaro - 11,Iloilo Circumferential Rd 1 - Monfort Blvd,Proper - 4,Baluarte - Calumpang - Villa - Oton Blvd - Infante St,2500.0,1.0933,Balabago Rd (Rev),jaro - 10,jaro - 9,457.75,457.54,12.28
jaro - 11,Iloilo Circumferential Rd 1 - Monfort Blvd,Proper - 7,Gen Luna St - Bonifacio Dr,3500.0,1.116,Rizal St - Luna St,lapaz - 2,lapaz - 3,587.65,580.27,442.68
jaro - 11,Iloilo Circumferential Rd 1 - Monfort Blvd,Proper - 7,Gen Luna St - Bonifacio Dr,3500.0,1.116,Huervana St - Burgos St (Rev),lapaz - 4,lapaz - 2,587.65,585.32,139.39
jaro - 11,Iloilo Circumferential Rd 1 - Monfort Blvd,Proper - 7,Gen Luna St - Bonifacio Dr,3500.0,1.116,Jereos St - Huervana Ext,lapaz - 5,lapaz - 6,587.65,585.32,139.39
jaro - 11,Iloilo Circumferential Rd 1 - Monfort Blvd,Proper - 7,Gen Luna St - Bonifacio Dr,3500.0,1.116,Huervana Ext,lapaz - 6,lapaz - 7,587.65,585.32,139.39
jaro - 11,Iloilo Circumferential Rd 1 - Monfort Blvd,Proper - 7,Gen Luna St - Bonifacio Dr,3500.0,1.116,Burgos St - Huervana St,lapaz - 7,lapaz - 4,587.65,585.32,139.39
jaro - 11,Iloilo Circumferential Rd 1 - Monfort Blvd,Proper - 7,Gen Luna St - Bonifacio Dr,3500.0,1.116,Lopez Jaena St (Rev),lapaz - 8,lapaz - 5,587.65,585.32,139.39
jaro - 11,Iloilo Circumferential Rd 1 - Monfort Blvd,Proper - 7,Gen Luna St - Bonifacio Dr,3500.0,1.116,Baldoza St (Rev),lapaz - 9,lapaz - 8,587.65,585.32,139.39
jaro - 11,Iloilo Circumferential Rd 1 - Monfort Blvd,Proper - 8,Gen Luna St - Ruperto Montinola St,3500.0,1.0986,Rizal St - Luna St,lapaz - 2,lapaz - 3,596.41,585.77,638.55
jaro - 11,Iloilo Circumferential Rd 1 - Monfort Blvd,Proper - 8,Gen Luna St - Ruperto Montinola St,3500.0,1.0986,Huervana St - Burgos St (Rev),lapaz - 4,lapaz - 2,596.41,592.8,216.29
jaro - 11,Iloilo Circumferential Rd 1 - Monfort Blvd,Proper - 8,Gen Luna St - Ruperto Montinola St,3500.0,1.0986,Jereos St - Huervana Ext,lapaz - 5,lapaz - 6,596.41,592.8,216.29
jaro - 11,Iloilo Circumferential Rd 1 - Monfort Blvd,Proper - 8,Gen Luna St - Ruperto Montinola St,3500.0,1.0986,Huervana Ext,lapaz - 6,lapaz - 7,596.41,592.8,216.29
jaro - 11,Iloilo Circumferential Rd 1 - Monfort Blvd,Proper - 8,Gen Luna St - Ruperto Montinola St,3500.0,1.0986,Burgos St - Huervana St,lapaz - 7,lapaz - 4,596.41,592.8,216.29
jaro - 11,Iloilo Circumferential Rd 1 - Monfort Blvd,Proper - 8,Gen Luna St - Ruperto Montinola St,3500.0,1.0986,Lopez Jaena St (Rev),lapaz - 8,lapaz - 5,596.41,592.8,216.29
jaro - 11,Iloilo Circumferential Rd 1 - Monfort Blvd,Proper - 8,Gen Luna St - Ruperto Montinola St,3500.0,1.0986,Baldoza St (Rev),lapaz - 9,lapaz - 8,596.41,592.8,216.29
jaro - 11,Iloilo Circumferential Rd 1 - Monfort Blvd,Proper - 10,Delgado St - Ruperto Montinola St,3500.0,1.0999,Gen Luna St 2,Proper - 7,Proper - 8,625.11,624.16,57.24
jaro - 11,Iloilo Circumferential Rd 1 - Monfort Blvd,Proper - 10,Delgado St - Ruperto Montinola St,3500.0,1.0999,Gen Luna St 3 (Rev),Proper - 9,Proper - 8,625.11,623.37,104.5
jaro - 11,Iloilo Circumferential Rd 1 - Monfort Blvd,Proper - 10,Delgado St - Ruperto Montinola St,3500.0,1.0999,Luna St - Esplanade 5,lapaz - 1,lapaz - 10,625.11,624.16,57.24
jaro - 11,Iloilo Circumferential Rd 1 - Monfort Blvd,Proper - 10,Delgado St - Ruperto Montinola St,3500.0,1.0999,Rizal St - Luna St,lapaz - 2,lapaz - 3,625.11,624.16,57.24
jaro - 11,Iloilo Circumferential Rd 1 - Monfort Blvd,Proper - 10,Delgado St - Ruperto Montinola St,3500.0,1.0999,Rizal St - Huervana St,lapaz - 2,lapuz - 2,625.11,623.34,105.92
jaro - 11,Iloilo Circumferential Rd 1 - Monfort Blvd,Proper - 10,Delgado St - Ruperto Montinola St,3500.0,1.0999,Luna St - Huervana St,lapaz - 3,lapaz - 1,625.11,624.16,57.24
jaro - 11,Iloilo Circumferential Rd 1 - Monfort Blvd,Proper - 10,Delgado St - Ruperto Montinola St,3500.0,1.0999,Bonifacio Drive (Rev),lapaz - 10,Proper - 7,625.11,624.16,57.24
jaro - 11,Iloilo Circumferential Rd 1 - Monfort Blvd,Proper - 11,Ledesma St - Ruperto Montinola St,3500.0,1.0721,Gen Luna St 3 (Rev),Proper - 9,Proper - 8,635.66,634.54,67.56
jaro - 11,Iloilo Circumferential Rd 1 - Monfort Blvd,Proper - 11,Ledesma St - Ruperto Montinola St,3500.0,1.0721,Rizal St - Huervana St,lapaz - 2,lapuz - 2,635.66,634.52,68.5
jaro - 11,Iloilo Circumferential Rd 1 - Monfort Blvd,Proper - 12,Arroyo St - Muelle Loney St,3500.0,1.095,Luna St (Rev),jaro - 1,lapaz - 3,645.74,645.6,8.84
jaro - 11,Iloilo Circumferential Rd 1 - Monfort Blvd,Proper - 12,Arroyo St - Muelle Loney St,3500.0,1.095,E Lopez St (Rev),jaro - 4,jaro - 1,645.74,645.6,8.84
jaro - 11,Iloilo Circumferential Rd 1 - Monfort Blvd,Proper - 12,Arroyo St - Muelle Loney St,3500.0,1.095,El 98 St - Plaza Rizal St - E Lopez St,jaro - 7,jaro - 4,645.74,645.6,8.84
jaro - 11,Iloilo Circumferential Rd 1 - Monfort Blvd,Proper - 13,JM Basa St - De la Rama St,3500.0,1.1089,Ruperto Montinola St 1,Proper - 8,Proper - 10,724.2,719.99,253.03
jaro - 11,Iloilo Circumferential Rd 1 - Monfort Blvd,Proper - 13,JM Basa St - De la Rama St,3500.0,1.1089,Gen Luna St 3 (Rev),Proper - 9,Proper - 8,724.2,722.68,91.13
jaro - 11,Iloilo Circumferential Rd 1 - Monfort Blvd,Proper - 13,JM Basa St - De la Rama St,3500.0,1.1089,Rizal St - Huervana St,lapaz - 2,lapuz - 2,724.2,722.23,118.11
jaro - 11,Iloilo Circumferential Rd 1 - Monfort Blvd,Proper - 14,JM Basa St - Rizal St,3500.0,1.0912,Gen Luna St 3 (Rev),Proper - 9,Proper - 8,716.11,713.31,167.89
jaro - 11,Iloilo Circumferential Rd 1 - Monfort Blvd,Proper - 14,JM Basa St - Rizal St,3500.0,1.0912,Muelle Loney St 1,Proper - 9,Proper - 12,716.11,715.01,66.21
jaro - 11,Iloilo Circumferential Rd 1 - Monfort Blvd,Proper - 14,JM Basa St - Rizal St,3500.0,1.0912,Arroyo St,Proper - 12,Proper - 11,716.11,715.01,66.21
jaro - 11,Iloilo Circumferential Rd 1 - Monfort Blvd,Proper - 14,JM Basa St - Rizal St,3500.0,1.0912,Rizal St - Huervana St,lapaz - 2,lapuz - 2,716.11,715.86,14.79
jaro - 11,Iloilo Circumferential Rd 1 - Monfort Blvd,Proper - 15,General Hughes St - Duran St,3500.0,1.0836,Gen Luna St 3 (Rev),Proper - 9,Proper - 8,776.16,773.36,167.89
jaro - 11,Iloilo Circumferential Rd 1 - Monfort Blvd,Proper - 15,General Hughes St - Duran St,3500.0,1.0836,Muelle Loney St 1,Proper - 9,Proper - 12,776.16,772.6,213.61
jaro - 11,Iloilo Circumferential Rd 1 - Monfort Blvd,Proper - 15,General Hughes St - Duran St,3500.0,1.0836,Arroyo St,Proper - 12,Proper - 11,776.16,772.6,213.61
jaro - 11,Iloilo Circumferential Rd 1 - Monfort Blvd,Proper - 15,General Hughes St - Duran St,3500.0,1.0836,Rizal St - Huervana St,lapaz - 2,lapuz - 2,776.16,775.91,14.79
jaro - 11,Iloilo Circumferential Rd 1 - Monfort Blvd,Proper - 17,Dela Rama St - Blumentritt,3500.0,1.0698,Gen Luna St 3 (Rev),Proper - 9,Proper - 8,760.37,757.84,151.88
jaro - 11,Iloilo Circumferential Rd 1 - Monfort Blvd,Proper - 18,Muelle Loney St - Blumentritt Left,3500.0,1.0917,Gen Luna St 2,Proper - 7,Proper - 8,756.4,756.39,0.96
jaro - 11,Iloilo Circumferential Rd 1 - Monfort Blvd,Proper - 18,Muelle Loney St - Blumentritt Left,3500.0,1.0917,Gen Luna St 3 (Rev),Proper - 9,Proper - 8,756.4,750.04,381.55
jaro - 11,Iloilo Circumferential Rd 1 - Monfort Blvd,Proper - 18,Muelle Loney St - Blumentritt Left,3500.0,1.0917,Luna St - Esplanade 5,lapaz - 1,lapaz - 10,756.4,756.39,0.96
jaro - 11,Iloilo Circumferential Rd 1 - Monfort Blvd,Proper - 18,Muelle Loney St - Blumentritt Left,3500.0,1.0917,Rizal St - Luna St,lapaz - 2,lapaz - 3,756.4,755.44,57.51
jaro - 11,Iloilo Circumferential Rd 1 - Monfort Blvd,Proper - 18,Muelle Loney St - Blumentritt Left,3500.0,1.0917,Rizal St - Huervana St,lapaz - 2,lapuz - 2,756.4,749.96,386.56
jaro - 11,Iloilo Circumferential Rd 1 - Monfort Blvd,Proper - 18,Muelle Loney St - Blumentritt Left,3500.0,1.0917,Luna St - Huervana St,lapaz - 3,lapaz - 1,756.4,756.39,0.96
jaro - 11,Iloilo Circumferential Rd 1 - Monfort Blvd,Proper - 18,Muelle Loney St - Blumentritt Left,3500.0,1.0917,Bonifacio Drive (Rev),lapaz - 10,Proper - 7,756.4,756.39,0.96
jaro - 11,Iloilo Circumferential Rd 1 - Monfort Blvd,Proper - 19,Muelle Loney St - Blumentritt Right,5000.0,1.0831,Blumentritt 1,Proper - 17,Proper - 18,1275.13,1247.08,1683.31
jaro - 11,Iloilo Circumferential Rd 1 - Monfort Blvd,Proper - 19,Muelle Loney St - Blumentritt Right,5000.0,1.0831,Rizal St - Luna St,lapaz - 2,lapaz - 3,1275.13,1272.35,167.29
jaro - 11,Iloilo Circumferential Rd 1 - Monfort Blvd,Proper - 21,Fort San Pedro Dr - Muelle Loney St,3500.0,1.052,Gen Luna St 3 (Rev),Proper - 9,Proper - 8,828.56,827.08,88.29
jaro - 11,Iloilo Circumferential Rd 1 - Monfort Blvd,Proper - 21,Fort San Pedro Dr - Muelle Loney St,3500.0,1.052,Luna St (Rev),jaro - 1,lapaz - 3,828.56,827.88,40.82
jaro - 11,Iloilo Circumferential Rd 1 - Monfort Blvd,Proper - 21,Fort San Pedro Dr - Muelle Loney St,3500.0,1.052,E Lopez St (Rev),jaro - 4,jaro - 1,828.56,827.88,40.82
jaro - 11,Iloilo Circumferential Rd 1 - Monfort Blvd,Proper - 21,Fort San Pedro Dr - Muelle Loney St,3500.0,1.052,El 98 St - Plaza Rizal St - E Lopez St,jaro - 7,jaro - 4,828.56,827.88,40.82
jaro - 11,Iloilo Circumferential Rd 1 - Monfort Blvd,Proper - 22,Fort San Pedro Dr - General Hughes St,3500.0,1.0499,Ruperto Montinola St 1,Proper - 8,Proper - 10,819.73,802.3,1045.82
jaro - 11,Iloilo Circumferential Rd 1 - Monfort Blvd,Proper - 22,Fort San Pedro Dr - General Hughes St,3500.0,1.0499,Gen Luna St 3 (Rev),Proper - 9,Proper - 8,819.73,816.72,180.99
jaro - 11,Iloilo Circumferential Rd 1 - Monfort Blvd,Proper - 22,Fort San Pedro Dr - General Hughes St,3500.0,1.0499,Ruperto Montinola St 2,Proper - 10,Proper - 11,819.73,802.3,1045.82
jaro - 11,Iloilo Circumferential Rd 1 - Monfort Blvd,Proper - 22,Fort San Pedro Dr - General Hughes St,3500.0,1.0499,JM Basa St 1,Proper - 11,Proper - 13,819.73,796.32,1404.72
jaro - 11,Iloilo Circumferential Rd 1 - Monfort Blvd,Proper - 22,Fort San Pedro Dr - General Hughes St,3500.0,1.0499,Arroyo St,Proper - 12,Proper - 11,819.73,817.16,154.02
jaro - 11,Iloilo Circumferential Rd 1 - Monfort Blvd,Proper - 22,Fort San Pedro Dr - General Hughes St,3500.0,1.0499,JM Basa St 2,Proper - 13,Proper - 14,819.73,793.54,1571.35
jaro - 11,Iloilo Circumferential Rd 1 - Monfort Blvd,Proper - 22,Fort San Pedro Dr - General Hughes St,3500.0,1.0499,Rizal St - Huervana St,lapaz - 2,lapuz - 2,819.73,819.23,29.95
jaro - 11,Iloilo Circumferential Rd 1 - Monfort Blvd,mandurriao - 6,R Mapa St - Donato Pison Ave,2500.0,1.038,Old Iloilo - Capiz Rd,mandurriao - 1,Proper - 1,562.3,530.28,1920.9
jaro - 11,Iloilo Circumferential Rd 1 - Monfort Blvd,jaro - 8,Iloilo-Capiz Rd - Lopez Jaena St,6000.0,1.2908,Plaza Rizal St - Balabago Rd,jaro - 6,jaro - 9,1605.85,1592.97,772.81
jaro - 11,Iloilo Circumferential Rd 1 - Monfort Blvd,jaro - 13,Buhang Flyover,5000.0,1.1947,Iloilo-Capiz Rd - Buhang Flyover (Rev),jaro - 12,jaro - 14,977.1,957.25,1191.36
jaro - 11,Iloilo Circumferential Rd 1 - Monfort Blvd,jaro - 16,Old Lopez Jaena St - Old Iloilo-Capiz Rd,3500.0,1.0827,Old Lopez Jaena St - Old Iloilo-Capiz Rd,jaro - 18,jaro - 17,744.67,743.91,46.03
jaro - 11,Iloilo Circumferential Rd 1 - Monfort Blvd,jaro - 24,Old Iloilo-Capiz Rd - Pavia,3500.0,1.0793,Old Lopez Jaena St - Old Iloilo-Capiz Rd,jaro - 18,jaro - 17,773.83,773.06,46.03
jaro - 11,Iloilo Circumferential Rd 1 - Monfort Blvd,lapaz - 10,Luna St - Taytay Forbes,3500.0,1.1102,Rizal St - Luna St,lapaz - 2,lapaz - 3,566.9,545.26,1298.24
jaro - 11,Iloilo Circumferential Rd 1 - Monfort Blvd,lapaz - 10,Luna St - Taytay Forbes,3500.0,1.1102,Huervana St - Burgos St (Rev),lapaz - 4,lapaz - 2,566.9,554.6,737.67
jaro - 11,Iloilo Circumferential Rd 1 - Monfort Blvd,lapaz - 10,Luna St - Taytay Forbes,3500.0,1.1102,Jereos St - Huervana Ext,lapaz - 5,lapaz - 6,566.9,554.6,737.67
jaro - 11,Iloilo Circumferential Rd 1 - Monfort Blvd,lapaz - 10,Luna St - Taytay Forbes,3500.0,1.1102,Huervana Ext,lapaz - 6,lapaz - 7,566.9,554.6,737.67
jaro - 11,Iloilo Circumferential Rd 1 - Monfort Blvd,lapaz - 10,Luna St - Taytay Forbes,3500.0,1.1102,Burgos St - Huervana St,lapaz - 7,lapaz - 4,566.9,554.6,737.67
jaro - 11,Iloilo Circumferential Rd 1 - Monfort Blvd,lapaz - 10,Luna St - Taytay Forbes,3500.0,1.1102,Lopez Jaena St (Rev),lapaz - 8,lapaz - 5,566.9,554.6,737.67
jaro - 11,Iloilo Circumferential Rd 1 - Monfort Blvd,lapaz - 10,Luna St - Taytay Forbes,3500.0,1.1102,Baldoza St (Rev),lapaz - 9,lapaz - 8,566.9,554.6,737.67
jaro - 12,Buhang Flyover,Molo - 6,Locsin St. - Baluarte - Calumpag - Villa - Oton Blvd,3000.0,1.1229,Infante St 1,Proper - 1,Proper - 2,683.31,665.14,1090.18
jaro - 12,Buhang Flyover,Molo - 6,Locsin St. - Baluarte - Calumpag - Villa - Oton Blvd,3000.0,1.1229,Infante St 2,Proper - 2,Proper - 3,683.31,663.87,1166.53
jaro - 12,Buhang Flyover,Proper - 3,Rizal St - Infante St,3000.0,1.118,Buhang Flyover,jaro - 12,jaro - 13,591.24,591.18,3.94
jaro - 12,Buhang Flyover,Proper - 3,Rizal St - Infante St,3000.0,1.118,Buhang Flyover - Iloilo-Capiz Rd,jaro - 13,jaro - 14,591.24,591.18,3.94
jaro - 12,Buhang Flyover,Proper - 5,Baluarte - Calumpang - Villa - Oton Blvd - Rizal St,2500.0,1.1034,Buhang Flyover,jaro - 12,jaro - 13,482.2,481.9,18.0
jaro - 12,Buhang Flyover,Proper - 5,Baluarte - Calumpang - Villa - Oton Blvd - Rizal St,2500.0,1.1034,Buhang Flyover - Iloilo-Capiz Rd,jaro - 13,jaro - 14,482.2,481.9,18.0
jaro - 12,Buhang Flyover,Proper - 7,Gen Luna St - Bonifacio Dr,2500.0,1.0644,Gen Luna St 1,Proper - 1,Proper - 7,418.0,417.63,22.14
jaro - 12,Buhang Flyover,Proper - 7,Gen Luna St - Bonifacio Dr,2500.0,1.0644,Old Iloilo - Capiz Rd,mandurriao - 1,Proper - 1,418.0,417.63,22.14
jaro - 12,Buhang Flyover,Proper - 7,Gen Luna St - Bonifacio Dr,2500.0,1.0644,El 98 St,jaro - 7,mandurriao - 1,418.0,417.63,22.14
jaro - 12,Buhang Flyover,Proper - 7,Gen Luna St - Bonifacio Dr,2500.0,1.0644,Luna St - Esplanade 5,lapaz - 1,lapaz - 10,418.0,417.85,8.85
jaro - 12,Buhang Flyover,Proper - 7,Gen Luna St - Bonifacio Dr,2500.0,1.0644,Rizal St - Luna St,lapaz - 2,lapaz - 3,418.0,409.62,502.55
jaro - 12,Buhang Flyover,Proper - 7,Gen Luna St - Bonifacio Dr,2500.0,1.0644,Luna St - Huervana St,lapaz - 3,lapaz - 1,418.0,417.85,8.85
jaro - 12,Buhang Flyover,Proper - 7,Gen Luna St - Bonifacio Dr,2500.0,1.0644,Huervana St - Burgos St (Rev),lapaz - 4,lapaz - 2,418.0,410.98,420.99
jaro - 12,Buhang Flyover,Proper - 7,Gen Luna St - Bonifacio Dr,2500.0,1.0644,Jereos St - Huervana Ext,lapaz - 5,lapaz - 6,418.0,410.98,420.99
jaro - 12,Buhang Flyover,Proper - 7,Gen Luna St - Bonifacio Dr,2500.0,1.0644,Huervana Ext,lapaz - 6,lapaz - 7,418.0,410.98,420.99
jaro - 12,Buhang Flyover,Proper - 7,Gen Luna St - Bonifacio Dr,2500.0,1.0644,Burgos St - Huervana St,lapaz - 7,lapaz - 4,418.0,410.98,420.99
jaro - 12,Buhang Flyover,Proper - 7,Gen Luna St - Bonifacio Dr,2500.0,1.0644,Lopez Jaena St (Rev),lapaz - 8,lapaz - 5,418.0,410.98,420.99
jaro - 12,Buhang Flyover,Proper - 7,Gen Luna St - Bonifacio Dr,2500.0,1.0644,Baldoza St (Rev),lapaz - 9,lapaz - 8,418.0,410.98,420.99
jaro - 12,Buhang Flyover,Proper - 7,Gen Luna St - Bonifacio Dr,2500.0,1.0644,Bonifacio Drive (Rev),lapaz - 10,Proper - 7,418.0,417.85,8.85
jaro - 12,Buhang Flyover,Proper - 8,Gen Luna St - Ruperto Montinola St,2500.0,1.0455,Rizal St - Luna St,lapaz - 2,lapaz - 3,418.34,414.04,258.1
jaro - 12,Buhang Flyover,Proper - 8,Gen Luna St - Ruperto Montinola St,2500.0,1.0455,Huervana St - Burgos St (Rev),lapaz - 4,lapaz - 2,418.34,416.26,125.09
jaro - 12,Buhang Flyover,Proper - 8,Gen Luna St - Ruperto Montinola St,2500.0,1.0455,Jereos St - Huervana Ext,lapaz - 5,lapaz - 6,418.34,416.26,125.09
jaro - 12,Buhang Flyover,Proper - 8,Gen Luna St - Ruperto Montinola St,2500.0,1.0455,Huervana Ext,lapaz - 6,lapaz - 7,418.34,416.26,125.09
jaro - 12,Buhang Flyover,Proper - 8,Gen Luna St - Ruperto Montinola St,2500.0,1.0455,Burgos St - Huervana St,lapaz - 7,lapaz - 4,418.34,416.26,125.09
jaro - 12,Buhang Flyover,Proper - 8,Gen Luna St - Ruperto Montinola St,2500.0,1.0455,Lopez Jaena St (Rev),lapaz - 8,lapaz - 5,418.34,416.26,125.09
jaro - 12,Buhang Flyover,Proper - 8,Gen Luna St - Ruperto Montinola St,2500.0,1.0455,Baldoza St (Rev),lapaz - 9,lapaz - 8,418.34,416.26,125.09
jaro - 12,Buhang Flyover,Proper - 10,Delgado St - Ruperto Montinola St,2500.0,1.0475,Gen Luna St 2,Proper - 7,Proper - 8,441.06,439.94,67.0
jaro - 12,Buhang Flyover,Proper - 10,Delgado St - Ruperto Montinola St,2500.0,1.0475,Luna St - Esplanade 5,lapaz - 1,lapaz - 10,441.06,439.94,67.0
jaro - 12,Buhang Flyover,Proper - 10,Delgado St - Ruperto Montinola St,2500.0,1.0475,Rizal St - Luna St,lapaz - 2,lapaz - 3,441.06,439.94,67.0
jaro - 12,Buhang Flyover,Proper - 10,Delgado St - Ruperto Montinola St,2500.0,1.0475,Rizal St - Huervana St,lapaz - 2,lapuz - 2,441.06,439.18,112.71
jaro - 12,Buhang Flyover,Proper - 10,Delgado St - Ruperto Montinola St,2500.0,1.0475,Luna St - Huervana St,lapaz - 3,lapaz - 1,441.06,439.94,67.0
jaro - 12,Buhang Flyover,Proper - 10,Delgado St - Ruperto Montinola St,2500.0,1.0475,Bonifacio Drive (Rev),lapaz - 10,Proper - 7,441.06,439.94,67.0
jaro - 12,Buhang Flyover,Proper - 11,Ledesma St - Ruperto Montinola St,2500.0,1.0464,Gen Luna St 2,Proper - 7,Proper - 8,451.21,450.1,67.0
jaro - 12,Buhang Flyover,Proper - 11,Ledesma St - Ruperto Montinola St,2500.0,1.0464,Gen Luna St 3 (Rev),Proper - 9,Proper - 8,451.21,449.9,78.71
jaro - 12,Buhang Flyover,Proper - 11,Ledesma St - Ruperto Montinola St,2500.0,1.0464,Luna St - Esplanade 5,lapaz - 1,lapaz - 10,451.21,450.1,67.0
jaro - 12,Buhang Flyover,Proper - 11,Ledesma St - Ruperto Montinola St,2500.0,1.0464,Rizal St - Luna St,lapaz - 2,lapaz - 3,451.21,450.1,67.0
jaro - 12,Buhang Flyover,Proper - 11,Ledesma St - Ruperto Montinola St,2500.0,1.0464,Rizal St - Huervana St,lapaz - 2,lapuz - 2,451.21,449.34,112.71
jaro - 12,Buhang Flyover,Proper - 11,Ledesma St - Ruperto Montinola St,2500.0,1.0464,Luna St - Huervana St,lapaz - 3,lapaz - 1,451.21,450.1,67.0
jaro - 12,Buhang Flyover,Proper - 11,Ledesma St - Ruperto Montinola St,2500.0,1.0464,Bonifacio Drive (Rev),lapaz - 10,Proper - 7,451.21,450.1,67.0
jaro - 12,Buhang Flyover,Proper - 13,JM Basa St - De la Rama St,3000.0,1.0474,Delgado St,Proper - 2,Proper - 10,614.69,614.48,12.51
jaro - 12,Buhang Flyover,Proper - 13,JM Basa St - De la Rama St,3000.0,1.0474,Gen Luna St 3 (Rev),Proper - 9,Proper - 8,614.69,612.85,110.3
jaro - 12,Buhang Flyover,Proper - 13,JM Basa St - De la Rama St,3000.0,1.0474,Rizal St - Huervana St,lapaz - 2,lapuz - 2,614.69,614.65,2.05
jaro - 12,Buhang Flyover,Proper - 14,JM Basa St - Rizal St,2500.0,1.0511,Gen Luna St 2,Proper - 7,Proper - 8,505.07,503.62,87.05
jaro - 12,Buhang Flyover,Proper - 14,JM Basa St - Rizal St,2500.0,1.0511,Ruperto Montinola St 1,Proper - 8,Proper - 10,505.07,503.89,70.57
jaro - 12,Buhang Flyover,Proper - 14,JM Basa St - Rizal St,2500.0,1.0511,Gen Luna St 3 (Rev),Proper - 9,Proper - 8,505.07,503.75,79.02
jaro - 12,Buhang Flyover,Proper - 14,JM Basa St - Rizal St,2500.0,1.0511,Luna St - Esplanade 5,lapaz - 1,lapaz - 10,505.07,503.62,87.05
jaro - 12,Buhang Flyover,Proper - 14,JM Basa St - Rizal St,2500.0,1.0511,Rizal St - Luna St,lapaz - 2,lapaz - 3,505.07,503.62,87.05
jaro - 12,Buhang Flyover,Proper - 14,JM Basa St - Rizal St,2500.0,1.0511,Rizal St - Huervana St,lapaz - 2,lapuz - 2,505.07,502.97,125.9
jaro - 12,Buhang Flyover,Proper - 14,JM Basa St - Rizal St,2500.0,1.0511,Luna St - Huervana St,lapaz - 3,lapaz - 1,505.07,503.62,87.05
jaro - 12,Buhang Flyover,Proper - 14,JM Basa St - Rizal St,2500.0,1.0511,Huervana St - Burgos St (Rev),lapaz - 4,lapaz - 2,505.07,503.71,81.39
jaro - 12,Buhang Flyover,Proper - 14,JM Basa St - Rizal St,2500.0,1.0511,Jereos St - Huervana Ext,lapaz - 5,lapaz - 6,505.07,503.71,81.39
jaro - 12,Buhang Flyover,Proper - 14,JM Basa St - Rizal St,2500.0,1.0511,Huervana Ext,lapaz - 6,lapaz - 7,505.07,503.71,81.39
jaro - 12,Buhang Flyover,Proper - 14,JM Basa St - Rizal St,2500.0,1.0511,Burgos St - Huervana St,lapaz - 7,lapaz - 4,505.07,503.71,81.39
jaro - 12,Buhang Flyover,Proper - 14,JM Basa St - Rizal St,2500.0,1.0511,Lopez Jaena St (Rev),lapaz - 8,lapaz - 5,505.07,503.71,81.39
jaro - 12,Buhang Flyover,Proper - 14,JM Basa St - Rizal St,2500.0,1.0511,Baldoza St (Rev),lapaz - 9,lapaz - 8,505.07,503.71,81.39
jaro - 12,Buhang Flyover,Proper - 14,JM Basa St - Rizal St,2500.0,1.0511,Bonifacio Drive (Rev),lapaz - 10,Proper - 7,505.07,503.62,87.05
jaro - 12,Buhang Flyover,Proper - 14,JM Basa St - Rizal St,2500.0,1.0511,Quirino - Lopez Bridge (Rev),lapuz - 2,Proper - 9,505.07,504.65,25.39
jaro - 12,Buhang Flyover,Proper - 15,General Hughes St - Duran St,2500.0,1.0483,Gen Luna St 2,Proper - 7,Proper - 8,532.42,530.96,87.05
jaro - 12,Buhang Flyover,Proper - 15,General Hughes St - Duran St,2500.0,1.0483,Ruperto Montinola St 1,Proper - 8,Proper - 10,532.42,531.24,70.57
jaro - 12,Buhang Flyover,Proper - 15,General Hughes St - Duran St,2500.0,1.0483,Gen Luna St 3 (Rev),Proper - 9,Proper - 8,532.42,531.1,79.02
jaro - 12,Buhang Flyover,Proper - 15,General Hughes St - Duran St,2500.0,1.0483,Luna St - Esplanade 5,lapaz - 1,lapaz - 10,532.42,530.96,87.05
jaro - 12,Buhang Flyover,Proper - 15,General Hughes St - Duran St,2500.0,1.0483,Rizal St - Luna St,lapaz - 2,lapaz - 3,532.42,530.96,87.05
jaro - 12,Buhang Flyover,Proper - 15,General Hughes St - Duran St,2500.0,1.0483,Rizal St - Huervana St,lapaz - 2,lapuz - 2,532.42,530.32,125.9
jaro - 12,Buhang Flyover,Proper - 15,General Hughes St - Duran St,2500.0,1.0483,Luna St - Huervana St,lapaz - 3,lapaz - 1,532.42,530.96,87.05
jaro - 12,Buhang Flyover,Proper - 15,General Hughes St - Duran St,2500.0,1.0483,Huervana St - Burgos St (Rev),lapaz - 4,lapaz - 2,532.42,531.06,81.39
jaro - 12,Buhang Flyover,Proper - 15,General Hughes St - Duran St,2500.0,1.0483,Jereos St - Huervana Ext,lapaz - 5,lapaz - 6,532.42,531.06,81.39
jaro - 12,Buhang Flyover,Proper - 15,General Hughes St - Duran St,2500.0,1.0483,Huervana Ext,lapaz - 6,lapaz - 7,532.42,531.06,81.39
jaro - 12,Buhang Flyover,Proper - 15,General Hughes St - Duran St,2500.0,1.0483,Burgos St - Huervana St,lapaz - 7,lapaz - 4,532.42,531.06,81.39
jaro - 12,Buhang Flyover,Proper - 15,General Hughes St - Duran St,2500.0,1.0483,Lopez Jaena St (Rev),lapaz - 8,lapaz - 5,532.42,531.06,81.39
jaro - 12,Buhang Flyover,Proper - 15,General Hughes St - Duran St,2500.0,1.0483,Baldoza St (Rev),lapaz - 9,lapaz - 8,532.42,531.06,81.39
jaro - 12,Buhang Flyover,Proper - 15,General Hughes St - Duran St,2500.0,1.0483,Bonifacio Drive (Rev),lapaz - 10,Proper - 7,532.42,530.96,87.05
jaro - 12,Buhang Flyover,Proper - 15,General Hughes St - Duran St,2500.0,1.0483,Quirino - Lopez Bridge (Rev),lapuz - 2,Proper - 9,532.42,531.99,25.39
jaro - 12,Buhang Flyover,Proper - 19,Muelle Loney St - Blumentritt Right,2500.0,1.0389,Gen Luna St 2,Proper - 7,Proper - 8,563.49,562.69,48.35
jaro - 12,Buhang Flyover,Proper - 19,Muelle Loney St - Blumentritt Right,2500.0,1.0389,Ruperto Montinola St 1,Proper - 8,Proper - 10,563.49,560.82,160.45
jaro - 12,Buhang Flyover,Proper - 19,Muelle Loney St - Blumentritt Right,2500.0,1.0389,Arroyo St (Rev),Proper - 11,Proper - 12,563.49,561.87,97.27
jaro - 12,Buhang Flyover,Proper - 19,Muelle Loney St - Blumentritt Right,2500.0,1.0389,Blumentritt 1 (Rev),Proper - 18,Proper - 17,563.49,556.61,412.62
jaro - 12,Buhang Flyover,Proper - 19,Muelle Loney St - Blumentritt Right,2500.0,1.0389,Luna St - Esplanade 5,lapaz - 1,lapaz - 10,563.49,562.69,48.35
jaro - 12,Buhang Flyover,Proper - 19,Muelle Loney St - Blumentritt Right,2500.0,1.0389,Rizal St - Luna St,lapaz - 2,lapaz - 3,563.49,561.61,113.17
jaro - 12,Buhang Flyover,Proper - 19,Muelle Loney St - Blumentritt Right,2500.0,1.0389,Luna St - Huervana St,lapaz - 3,lapaz - 1,563.49,562.69,48.35
jaro - 12,Buhang Flyover,Proper - 19,Muelle Loney St - Blumentritt Right,2500.0,1.0389,Huervana St - Burgos St (Rev),lapaz - 4,lapaz - 2,563.49,562.96,32.12
jaro - 12,Buhang Flyover,Proper - 19,Muelle Loney St - Blumentritt Right,2500.0,1.0389,Jereos St - Huervana Ext,lapaz - 5,lapaz - 6,563.49,562.96,32.12
jaro - 12,Buhang Flyover,Proper - 19,Muelle Loney St - Blumentritt Right,2500.0,1.0389,Huervana Ext,lapaz - 6,lapaz - 7,563.49,562.96,32.12
jaro - 12,Buhang Flyover,Proper - 19,Muelle Loney St - Blumentritt Right,2500.0,1.0389,Burgos St - Huervana St,lapaz - 7,lapaz - 4,563.49,562.96,32.12
jaro - 12,Buhang Flyover,Proper - 19,Muelle Loney St - Blumentritt Right,2500.0,1.0389,Lopez Jaena St (Rev),lapaz - 8,lapaz - 5,563.49,562.96,32.12
jaro - 12,Buhang Flyover,Proper - 19,Muelle Loney St - Blumentritt Right,2500.0,1.0389,Baldoza St (Rev),lapaz - 9,lapaz - 8,563.49,562.96,32.12
jaro - 12,Buhang Flyover,Proper - 19,Muelle Loney St - Blumentritt Right,2500.0,1.0389,Bonifacio Drive (Rev),lapaz - 10,Proper - 7,563.49,562.69,48.35
jaro - 12,Buhang Flyover,jaro - 16,Old Lopez Jaena St - Old Iloilo-Capiz Rd,2500.0,1.0649,Old Lopez Jaena St - Old Iloilo-Capiz Rd,jaro - 18,jaro - 17,480.83,480.76,4.12
jaro - 12,Buhang Flyover,jaro - 24,Old Iloilo-Capiz Rd - Pavia,2500.0,1.0622,Old Lopez Jaena St - Old Iloilo-Capiz Rd,jaro - 18,jaro - 17,500.78,500.71,4.12
jaro - 12,Buhang Flyover,lapuz - 2,Rizal St - Quirino-Lopez Bridge,3000.0,1.0735,Huervana St - Burgos St (Rev),lapaz - 4,lapaz - 2,517.62,515.62,120.04
jaro - 12,Buhang Flyover,lapuz - 2,Rizal St - Quirino-Lopez Bridge,3000.0,1.0735,Jereos St - Huervana Ext,lapaz - 5,lapaz - 6,517.62,515.62,120.04
jaro - 12,Buhang Flyover,lapuz - 2,Rizal St - Quirino-Lopez Bridge,3000.0,1.0735,Huervana Ext,lapaz - 6,lapaz - 7,517.62,515.62,120.04
jaro - 12,Buhang Flyover,lapuz - 2,Rizal St - Quirino-Lopez Bridge,3000.0,1.0735,Burgos St - Huervana St,lapaz - 7,lapaz - 4,517.62,515.62,120.04
jaro - 12,Buhang Flyover,lapuz - 2,Rizal St - Quirino-Lopez Bridge,3000.0,1.0735,Lopez Jaena St (Rev),lapaz - 8,lapaz - 5,517.62,515.62,120.04
jaro - 12,Buhang Flyover,lapuz - 2,Rizal St - Quirino-Lopez Bridge,3000.0,1.0735,Baldoza St (Rev),lapaz - 9,lapaz - 8,517.62,515.62,120.04
jaro - 13,Buhang Flyover,Molo - 6,Locsin St. - Baluarte - Calumpag - Villa - Oton Blvd,3000.0,1.1587,Infante St 1,Proper - 1,Proper - 2,718.69,697.13,1293.67
jaro - 13,Buhang Flyover,Molo - 6,Locsin St. - Baluarte - Calumpag - Villa - Oton Blvd,3000.0,1.1587,Infante St 2,Proper - 2,Proper - 3,718.69,696.9,1307.4
jaro - 13,Buhang Flyover,Molo - 6,Locsin St. - Baluarte - Calumpag - Villa - Oton Blvd,3000.0,1.1587,Balabago Rd (Rev),jaro - 10,jaro - 9,718.69,718.59,5.87
jaro - 13,Buhang Flyover,Molo - 6,Locsin St. - Baluarte - Calumpag - Villa - Oton Blvd,3000.0,1.1587,Iloilo-Capiz Rd - Buhang Flyover (Rev),jaro - 12,jaro - 14,718.69,716.67,120.87
jaro - 13,Buhang Flyover,Molo - 9,M.H Del Pilar St. 2,4000.0,1.1197,Balabago Rd (Rev),jaro - 10,jaro - 9,988.51,987.32,71.11
jaro - 13,Buhang Flyover,Molo - 9,M.H Del Pilar St. 2,4000.0,1.1197,Iloilo-Capiz Rd - Buhang Flyover (Rev),jaro - 12,jaro - 14,988.51,977.77,644.39
jaro - 13,Buhang Flyover,Molo - 10,M.H Del Pilar St. 2,4000.0,1.1194,Balabago Rd (Rev),jaro - 10,jaro - 9,990.71,989.53,71.11
jaro - 13,Buhang Flyover,Molo - 10,M.H Del Pilar St. 2,4000.0,1.1194,Iloilo-Capiz Rd - Buhang Flyover (Rev),jaro - 12,jaro - 14,990.71,979.97,644.39
jaro - 13,Buhang Flyover,Proper - 3,Rizal St - Infante St,3000.0,1.1563,Iloilo-Capiz Rd - Buhang Flyover (Rev),jaro - 12,jaro - 14,625.75,623.96,107.55
jaro - 13,Buhang Flyover,Proper - 4,Baluarte - Calumpang - Villa - Oton Blvd - Infante St,3000.0,1.1503,Iloilo-Capiz Rd - Buhang Flyover (Rev),jaro - 12,jaro - 14,647.39,645.6,107.55
jaro - 13,Buhang Flyover,mandurriao - 1,Mandurriao - Jaro Rd - Old Iloilo - Capiz Rd,4000.0,1.1466,Iloilo-Capiz Rd - Buhang Flyover (Rev),jaro - 12,jaro - 14,823.54,819.18,261.63
jaro - 13,Buhang Flyover,mandurriao - 2,Mandurriao - Jaro Rd - Mandurriao - Sn Miguel Rd,4000.0,1.185,Iloilo-Capiz Rd - Buhang Flyover (Rev),jaro - 12,jaro - 14,1113.87,1109.5,262.1
jaro - 13,Buhang Flyover,mandurriao - 3,Mandurriao - Sn Miguel Rd - R Mapa St,4000.0,1.1711,Iloilo-Capiz Rd - Buhang Flyover (Rev),jaro - 12,jaro - 14,1190.4,1186.04,262.1
jaro - 13,Buhang Flyover,mandurriao - 4,R Mapa St - Mandurriao - Jaro Rd,4000.0,1.1791,Iloilo-Capiz Rd - Buhang Flyover (Rev),jaro - 12,jaro - 14,1153.63,1149.75,232.81
jaro - 13,Buhang Flyover,jaro - 10,Balabago Rd - Iloilo Circumferential Rd 1,5000.0,1.0575,Iloilo-Capiz Rd - Buhang Flyover,jaro - 14,jaro - 12,814.52,794.66,1191.36
jaro - 13,Buhang Flyover,jaro - 11,Iloilo Circumferential Rd 1 - Monfort Blvd,5000.0,1.1738,Iloilo-Capiz Rd - Buhang Flyover,jaro - 14,jaro - 12,977.1,957.25,1191.36
jaro - 13,Buhang Flyover,jaro - 16,Old Lopez Jaena St - Old Iloilo-Capiz Rd,2500.0,1.045,Old Lopez Jaena St - Old Iloilo-Capiz Rd,jaro - 18,jaro - 17,490.67,490.64,1.62
jaro - 13,Buhang Flyover,jaro - 24,Old Iloilo-Capiz Rd - Pavia,2500.0,1.0431,Old Lopez Jaena St - Old Iloilo-Capiz Rd,jaro - 18,jaro - 17,510.62,510.59,1.62
jaro - 13,Buhang Flyover,lapaz - 2,Rizal St - Luna St,2500.0,1.0152,Iloilo-Capiz Rd - Buhang Flyover,jaro - 14,jaro - 12,378.43,374.65,226.86
jaro - 13,Buhang Flyover,lapaz - 5,Huervana St - Jereos St,3000.0,1.0836,Iloilo-Capiz Rd - Buhang Flyover,jaro - 14,jaro - 12,478.57,473.79,287.02
jaro - 13,Buhang Flyover,lapaz - 6,Jereos St - Huervana Ext,3000.0,1.0807,Iloilo-Capiz Rd - Buhang Flyover,jaro - 14,jaro - 12,494.06,489.28,287.02
jaro - 13,Buhang Flyover,lapaz - 8,Lopez Jaena St - Baldoza St,3500.0,1.105,Iloilo-Capiz Rd - Buhang Flyover,jaro - 14,jaro - 12,610.91,605.62,317.26
jaro - 13,Buhang Flyover,lapaz - 9,Baldoza St - Monfort Blvd,4000.0,1.1208,Iloilo-Capiz Rd - Buhang Flyover,jaro - 14,jaro - 12,778.34,776.03,139.05
jaro - 13,Buhang Flyover,lapuz - 2,Rizal St - Quirino-Lopez Bridge,2500.0,1.0129,Iloilo-Capiz Rd - Buhang Flyover,jaro - 14,jaro - 12,434.37,431.16,192.38
jaro - 13,Buhang Flyover,lapuz - 2,Rizal St - Quirino-Lopez Bridge,2500.0,1.0129,Huervana St - Burgos St (Rev),lapaz - 4,lapaz - 2,434.37,432.92,86.63
jaro - 13,Buhang Flyover,lapuz - 2,Rizal St - Quirino-Lopez Bridge,2500.0,1.0129,Jereos St - Huervana Ext,lapaz - 5,lapaz - 6,434.37,432.92,86.63
jaro - 13,Buhang Flyover,lapuz - 2,Rizal St - Quirino-Lopez Bridge,2500.0,1.0129,Huervana Ext,lapaz - 6,lapaz - 7,434.37,432.92,86.63
jaro - 13,Buhang Flyover,lapuz - 2,Rizal St - Quirino-Lopez Bridge,2500.0,1.0129,Burgos St - Huervana St,lapaz - 7,lapaz - 4,434.37,432.92,86.63
jaro - 13,Buhang Flyover,lapuz - 2,Rizal St - Quirino-Lopez Bridge,2500.0,1.0129,Lopez Jaena St (Rev),lapaz - 8,lapaz - 5,434.37,432.92,86.63
jaro - 13,Buhang Flyover,lapuz - 2,Rizal St - Quirino-Lopez Bridge,2500.0,1.0129,Baldoza St (Rev),lapaz - 9,lapaz - 8,434.37,432.92,86.63
jaro - 13,Buhang Flyover,lapuz - 4,Rizal St - New Iloilo Ferry Terminal Access Rd,3000.0,1.0681,Iloilo-Capiz Rd - Buhang Flyover (Rev),jaro - 12,jaro - 14,568.64,568.57,4.23
jaro - 13,Buhang Flyover,lapuz - 4,Rizal St - New Iloilo Ferry Terminal Access Rd,3000.0,1.0681,Iloilo-Capiz Rd - Buhang Flyover,jaro - 14,jaro - 12,568.64,559.4,554.77
jaro - 13,Buhang Flyover,lapuz - 5,New Iloilo Ferry Terminal Access Rd,3000.0,1.0623,Iloilo-Capiz Rd - Buhang Flyover (Rev),jaro - 12,jaro - 14,618.25,618.18,4.23
jaro - 13,Buhang Flyover,lapuz - 5,New Iloilo Ferry Terminal Access Rd,3000.0,1.0623,Iloilo-Capiz Rd - Buhang Flyover,jaro - 14,jaro - 12,618.25,609.01,554.77
jaro - 13,Buhang Flyover,lapuz - 6,Rizal St - Lapuz-Mansaya-Roboc Rd,3500.0,1.1286,Iloilo-Capiz Rd - Buhang Flyover,jaro - 14,jaro - 12,730.85,716.11,884.47
jaro - 13,Buhang Flyover,lapuz - 7,Lapuz-Mansaya-Roboc Rd - Coastal Rd,4000.0,1.2318,Iloilo-Capiz Rd - Buhang Flyover,jaro - 14,jaro - 12,959.32,929.35,1798.07
jaro - 14,Iloilo-Capiz Rd - Iloilo Circumferential Rd 1,Molo - 6,Locsin St. - Baluarte - Calumpag - Villa - Oton Blvd,3500.0,1.1525,Infante St 1,Proper - 1,Proper - 2,826.76,796.66,1806.48
jaro - 14,Iloilo-Capiz Rd - Iloilo Circumferential Rd 1,Molo - 6,Locsin St. - Baluarte - Calumpag - Villa - Oton Blvd,3500.0,1.1525,Infante St 2,Proper - 2,Proper - 3,826.76,795.8,1857.66
jaro - 14,Iloilo-Capiz Rd - Iloilo Circumferential Rd 1,Proper - 4,Baluarte - Calumpang - Villa - Oton Blvd - Infante St,3500.0,1.1529,Infante St 2,Proper - 2,Proper - 3,754.03,751.68,140.58
jaro - 14,Iloilo-Capiz Rd - Iloilo Circumferential Rd 1,Proper - 7,Gen Luna St - Bonifacio Dr,2000.0,1.0229,Rizal St - Luna St,lapaz - 2,lapaz - 3,321.29,317.79,210.57
jaro - 14,Iloilo-Capiz Rd - Iloilo Circumferential Rd 1,Proper - 7,Gen Luna St - Bonifacio Dr,2000.0,1.0229,Huervana St - Burgos St (Rev),lapaz - 4,lapaz - 2,321.29,320.54,45.31
jaro - 14,Iloilo-Capiz Rd - Iloilo Circumferential Rd 1,Proper - 7,Gen Luna St - Bonifacio Dr,2000.0,1.0229,Jereos St - Huervana Ext,lapaz - 5,lapaz - 6,321.29,320.54,45.31
jaro - 14,Iloilo-Capiz Rd - Iloilo Circumferential Rd 1,Proper - 7,Gen Luna St - Bonifacio Dr,2000.0,1.0229,Huervana Ext,lapaz - 6,lapaz - 7,321.29,320.54,45.31
jaro - 14,Iloilo-Capiz Rd - Iloilo Circumferential Rd 1,Proper - 7,Gen Luna St - Bonifacio Dr,2000.0,1.0229,Burgos St - Huervana St,lapaz - 7,lapaz - 4,321.29,320.54,45.31
jaro - 14,Iloilo-Capiz Rd - Iloilo Circumferential Rd 1,Proper - 7,Gen Luna St - Bonifacio Dr,2000.0,1.0229,Lopez Jaena St (Rev),lapaz - 8,lapaz - 5,321.29,320.54,45.31
jaro - 14,Iloilo-Capiz Rd - Iloilo Circumferential Rd 1,Proper - 7,Gen Luna St - Bonifacio Dr,2000.0,1.0229,Baldoza St (Rev),lapaz - 9,lapaz - 8,321.29,320.54,45.31
jaro - 14,Iloilo-Capiz Rd - Iloilo Circumferential Rd 1,Proper - 8,Gen Luna St - Ruperto Montinola St,2000.0,1.0146,Rizal St - Luna St,lapaz - 2,lapaz - 3,324.0,321.87,128.0
jaro - 14,Iloilo-Capiz Rd - Iloilo Circumferential Rd 1,Proper - 8,Gen Luna St - Ruperto Montinola St,2000.0,1.0146,Huervana St - Burgos St (Rev),lapaz - 4,lapaz - 2,324.0,322.31,101.61
jaro - 14,Iloilo-Capiz Rd - Iloilo Circumferential Rd 1,Proper - 8,Gen Luna St - Ruperto Montinola St,2000.0,1.0146,Jereos St - Huervana Ext,lapaz - 5,lapaz - 6,324.0,322.31,101.61
jaro - 14,Iloilo-Capiz Rd - Iloilo Circumferential Rd 1,Proper - 8,Gen Luna St - Ruperto Montinola St,2000.0,1.0146,Huervana Ext,lapaz - 6,lapaz - 7,324.0,322.31,101.61
jaro - 14,Iloilo-Capiz Rd - Iloilo Circumferential Rd 1,Proper - 8,Gen Luna St - Ruperto Montinola St,2000.0,1.0146,Burgos St - Huervana St,lapaz - 7,lapaz - 4,324.0,322.31,101.61
jaro - 14,Iloilo-Capiz Rd - Iloilo Circumferential Rd 1,Proper - 8,Gen Luna St - Ruperto Montinola St,2000.0,1.0146,Lopez Jaena St (Rev),lapaz - 8,lapaz - 5,324.0,322.31,101.61
jaro - 14,Iloilo-Capiz Rd - Iloilo Circumferential Rd 1,Proper - 8,Gen Luna St - Ruperto Montinola St,2000.0,1.0146,Baldoza St (Rev),lapaz - 9,lapaz - 8,324.0,322.31,101.61
jaro - 14,Iloilo-Capiz Rd - Iloilo Circumferential Rd 1,Proper - 10,Delgado St - Ruperto Montinola St,2000.0,1.0201,Huervana St - Burgos St (Rev),lapaz - 4,lapaz - 2,342.75,342.53,12.95
jaro - 14,Iloilo-Capiz Rd - Iloilo Circumferential Rd 1,Proper - 10,Delgado St - Ruperto Montinola St,2000.0,1.0201,Jereos St - Huervana Ext,lapaz - 5,lapaz - 6,342.75,342.53,12.95
jaro - 14,Iloilo-Capiz Rd - Iloilo Circumferential Rd 1,Proper - 10,Delgado St - Ruperto Montinola St,2000.0,1.0201,Huervana Ext,lapaz - 6,lapaz - 7,342.75,342.53,12.95
jaro - 14,Iloilo-Capiz Rd - Iloilo Circumferential Rd 1,Proper - 10,Delgado St - Ruperto Montinola St,2000.0,1.0201,Burgos St - Huervana St,lapaz - 7,lapaz - 4,342.75,342.53,12.95
jaro - 14,Iloilo-Capiz Rd - Iloilo Circumferential Rd 1,Proper - 10,Delgado St - Ruperto Montinola St,2000.0,1.0201,Lopez Jaena St (Rev),lapaz - 8,lapaz - 5,342.75,342.53,12.95
jaro - 14,Iloilo-Capiz Rd - Iloilo Circumferential Rd 1,Proper - 10,Delgado St - Ruperto Montinola St,2000.0,1.0201,Baldoza St (Rev),lapaz - 9,lapaz - 8,342.75,342.53,12.95
jaro - 14,Iloilo-Capiz Rd - Iloilo Circumferential Rd 1,Proper - 11,Ledesma St - Ruperto Montinola St,2000.0,1.0197,Huervana St - Burgos St (Rev),lapaz - 4,lapaz - 2,349.91,349.7,12.95
jaro - 14,Iloilo-Capiz Rd - Iloilo Circumferential Rd 1,Proper - 11,Ledesma St - Ruperto Montinola St,2000.0,1.0197,Jereos St - Huervana Ext,lapaz - 5,lapaz - 6,349.91,349.7,12.95
jaro - 14,Iloilo-Capiz Rd - Iloilo Circumferential Rd 1,Proper - 11,Ledesma St - Ruperto Montinola St,2000.0,1.0197,Huervana Ext,lapaz - 6,lapaz - 7,349.91,349.7,12.95
jaro - 14,Iloilo-Capiz Rd - Iloilo Circumferential Rd 1,Proper - 11,Ledesma St - Ruperto Montinola St,2000.0,1.0197,Burgos St - Huervana St,lapaz - 7,lapaz - 4,349.91,349.7,12.95
jaro - 14,Iloilo-Capiz Rd - Iloilo Circumferential Rd 1,Proper - 11,Ledesma St - Ruperto Montinola St,2000.0,1.0197,Lopez Jaena St (Rev),lapaz - 8,lapaz - 5,349.91,349.7,12.95
jaro - 14,Iloilo-Capiz Rd - Iloilo Circumferential Rd 1,Proper - 11,Ledesma St - Ruperto Montinola St,2000.0,1.0197,Baldoza St (Rev),lapaz - 9,lapaz - 8,349.91,349.7,12.95
jaro - 14,Iloilo-Capiz Rd - Iloilo Circumferential Rd 1,Proper - 13,JM Basa St - De la Rama St,3000.0,1.0216,Delgado St,Proper - 2,Proper - 10,605.86,602.57,197.58
jaro - 14,Iloilo-Capiz Rd - Iloilo Circumferential Rd 1,Proper - 13,JM Basa St - De la Rama St,3000.0,1.0216,Rizal St - Luna St,lapaz - 2,lapaz - 3,605.86,604.55,78.79
jaro - 14,Iloilo-Capiz Rd - Iloilo Circumferential Rd 1,Proper - 14,JM Basa St - Rizal St,2000.0,1.0212,Huervana St - Burgos St (Rev),lapaz - 4,lapaz - 2,391.25,391.04,12.95
jaro - 14,Iloilo-Capiz Rd - Iloilo Circumferential Rd 1,Proper - 14,JM Basa St - Rizal St,2000.0,1.0212,Jereos St - Huervana Ext,lapaz - 5,lapaz - 6,391.25,391.04,12.95
jaro - 14,Iloilo-Capiz Rd - Iloilo Circumferential Rd 1,Proper - 14,JM Basa St - Rizal St,2000.0,1.0212,Huervana Ext,lapaz - 6,lapaz - 7,391.25,391.04,12.95
jaro - 14,Iloilo-Capiz Rd - Iloilo Circumferential Rd 1,Proper - 14,JM Basa St - Rizal St,2000.0,1.0212,Burgos St - Huervana St,lapaz - 7,lapaz - 4,391.25,391.04,12.95
jaro - 14,Iloilo-Capiz Rd - Iloilo Circumferential Rd 1,Proper - 14,JM Basa St - Rizal St,2000.0,1.0212,Lopez Jaena St (Rev),lapaz - 8,lapaz - 5,391.25,391.04,12.95
jaro - 14,Iloilo-Capiz Rd - Iloilo Circumferential Rd 1,Proper - 14,JM Basa St - Rizal St,2000.0,1.0212,Baldoza St (Rev),lapaz - 9,lapaz - 8,391.25,391.04,12.95
jaro - 14,Iloilo-Capiz Rd - Iloilo Circumferential Rd 1,Proper - 15,General Hughes St - Duran St,2000.0,1.0202,Huervana St - Burgos St (Rev),lapaz - 4,lapaz - 2,410.55,410.33,12.95
jaro - 14,Iloilo-Capiz Rd - Iloilo Circumferential Rd 1,Proper - 15,General Hughes St - Duran St,2000.0,1.0202,Jereos St - Huervana Ext,lapaz - 5,lapaz - 6,410.55,410.33,12.95
jaro - 14,Iloilo-Capiz Rd - Iloilo Circumferential Rd 1,Proper - 15,General Hughes St - Duran St,2000.0,1.0202,Huervana Ext,lapaz - 6,lapaz - 7,410.55,410.33,12.95
jaro - 14,Iloilo-Capiz Rd - Iloilo Circumferential Rd 1,Proper - 15,General Hughes St - Duran St,2000.0,1.0202,Burgos St - Huervana St,lapaz - 7,lapaz - 4,410.55,410.33,12.95
jaro - 14,Iloilo-Capiz Rd - Iloilo Circumferential Rd 1,Proper - 15,General Hughes St - Duran St,2000.0,1.0202,Lopez Jaena St (Rev),lapaz - 8,lapaz - 5,410.55,410.33,12.95
jaro - 14,Iloilo-Capiz Rd - Iloilo Circumferential Rd 1,Proper - 15,General Hughes St - Duran St,2000.0,1.0202,Baldoza St (Rev),lapaz - 9,lapaz - 8,410.55,410.33,12.95
jaro - 14,Iloilo-Capiz Rd - Iloilo Circumferential Rd 1,Proper - 19,Muelle Loney St - Blumentritt Right,2000.0,1.0247,Blumentritt 1 (Rev),Proper - 18,Proper - 17,438.2,432.89,318.54
jaro - 14,Iloilo-Capiz Rd - Iloilo Circumferential Rd 1,Proper - 22,Fort San Pedro Dr - General Hughes St,2000.0,1.0192,Huervana St - Burgos St (Rev),lapaz - 4,lapaz - 2,429.84,429.62,12.95
jaro - 14,Iloilo-Capiz Rd - Iloilo Circumferential Rd 1,Proper - 22,Fort San Pedro Dr - General Hughes St,2000.0,1.0192,Jereos St - Huervana Ext,lapaz - 5,lapaz - 6,429.84,429.62,12.95
jaro - 14,Iloilo-Capiz Rd - Iloilo Circumferential Rd 1,Proper - 22,Fort San Pedro Dr - General Hughes St,2000.0,1.0192,Huervana Ext,lapaz - 6,lapaz - 7,429.84,429.62,12.95
jaro - 14,Iloilo-Capiz Rd - Iloilo Circumferential Rd 1,Proper - 22,Fort San Pedro Dr - General Hughes St,2000.0,1.0192,Burgos St - Huervana St,lapaz - 7,lapaz - 4,429.84,429.62,12.95
jaro - 14,Iloilo-Capiz Rd - Iloilo Circumferential Rd 1,Proper - 22,Fort San Pedro Dr - General Hughes St,2000.0,1.0192,Lopez Jaena St (Rev),lapaz - 8,lapaz - 5,429.84,429.62,12.95
jaro - 14,Iloilo-Capiz Rd - Iloilo Circumferential Rd 1,Proper - 22,Fort San Pedro Dr - General Hughes St,2000.0,1.0192,Baldoza St (Rev),lapaz - 9,lapaz - 8,429.84,429.62,12.95
jaro - 14,Iloilo-Capiz Rd - Iloilo Circumferential Rd 1,mandurriao - 1,Mandurriao - Jaro Rd - Old Iloilo - Capiz Rd,4500.0,1.1998,Balabago Rd (Rev),jaro - 10,jaro - 9,934.9,934.05,51.34
jaro - 14,Iloilo-Capiz Rd - Iloilo Circumferential Rd 1,mandurriao - 6,R Mapa St - Donato Pison Ave,3500.0,1.0763,Old Iloilo - Capiz Rd,mandurriao - 1,Proper - 1,903.15,848.99,3249.48
jaro - 14,Iloilo-Capiz Rd - Iloilo Circumferential Rd 1,jaro - 16,Old Lopez Jaena St - Old Iloilo-Capiz Rd,3500.0,1.0601,Old Lopez Jaena St - Old Iloilo-Capiz Rd,jaro - 18,jaro - 17,737.96,737.68,16.52
jaro - 14,Iloilo-Capiz Rd - Iloilo Circumferential Rd 1,jaro - 19,Monfort Blvd,4500.0,1.3126,Buhang Flyover (Rev),jaro - 13,jaro - 12,926.91,922.82,245.38
jaro - 14,Iloilo-Capiz Rd - Iloilo Circumferential Rd 1,jaro - 19,Monfort Blvd,4500.0,1.3126,Buhang Flyover - Iloilo-Capiz Rd (Rev),jaro - 14,jaro - 13,926.91,922.82,245.38
jaro - 14,Iloilo-Capiz Rd - Iloilo Circumferential Rd 1,jaro - 24,Old Iloilo-Capiz Rd - Pavia,3500.0,1.0577,Old Lopez Jaena St - Old Iloilo-Capiz Rd,jaro - 18,jaro - 17,767.11,766.83,16.52
jaro - 14,Iloilo-Capiz Rd - Iloilo Circumferential Rd 1,lapuz - 2,Rizal St - Quirino-Lopez Bridge,2000.0,1.0654,Huervana St - Burgos St (Rev),lapaz - 4,lapaz - 2,334.0,332.0,119.99
jaro - 14,Iloilo-Capiz Rd - Iloilo Circumferential Rd 1,lapuz - 2,Rizal St - Quirino-Lopez Bridge,2000.0,1.0654,Jereos St - Huervana Ext,lapaz - 5,lapaz - 6,334.0,332.0,119.99
jaro - 14,Iloilo-Capiz Rd - Iloilo Circumferential Rd 1,lapuz - 2,Rizal St - Quirino-Lopez Bridge,2000.0,1.0654,Huervana Ext,lapaz - 6,lapaz - 7,334.0,332.0,119.99
jaro - 14,Iloilo-Capiz Rd - Iloilo Circumferential Rd 1,lapuz - 2,Rizal St - Quirino-Lopez Bridge,2000.0,1.0654,Burgos St - Huervana St,lapaz - 7,lapaz - 4,334.0,332.0,119.99
jaro - 14,Iloilo-Capiz Rd - Iloilo Circumferential Rd 1,lapuz - 2,Rizal St - Quirino-Lopez Bridge,2000.0,1.0654,Lopez Jaena St (Rev),lapaz - 8,lapaz - 5,334.0,332.0,119.99
jaro - 14,Iloilo-Capiz Rd - Iloilo Circumferential Rd 1,lapuz - 2,Rizal St - Quirino-Lopez Bridge,2000.0,1.0654,Baldoza St (Rev),lapaz - 9,lapaz - 8,334.0,332.0,119.99
jaro - 14,Iloilo-Capiz Rd - Iloilo Circumferential Rd 1,lapuz - 7,Lapuz-Mansaya-Roboc Rd - Coastal Rd,4000.0,1.3117,Burgos St (Rev),jaro - 2,lapaz - 7,897.36,896.0,81.89
jaro - 14,Iloilo-Capiz Rd - Iloilo Circumferential Rd 1,lapuz - 7,Lapuz-Mansaya-Roboc Rd - Coastal Rd,4000.0,1.3117,E Lopez St - Plaza Rizal St - Commission Civil St,jaro - 4,jaro - 5,897.36,896.0,81.89
jaro - 14,Iloilo-Capiz Rd - Iloilo Circumferential Rd 1,lapuz - 7,Lapuz-Mansaya-Roboc Rd - Coastal Rd,4000.0,1.3117,Commission Civil St (Rev),jaro - 5,jaro - 2,897.36,896.0,81.89
jaro - 14,Iloilo-Capiz Rd - Iloilo Circumferential Rd 1,lapuz - 7,Lapuz-Mansaya-Roboc Rd - Coastal Rd,4000.0,1.3117,Huervana St - Jereos St,lapaz - 4,lapaz - 5,897.36,896.0,81.89
jaro - 14,Iloilo-Capiz Rd - Iloilo Circumferential Rd 1,lapuz - 7,Lapuz-Mansaya-Roboc Rd - Coastal Rd,4000.0,1.3117,Lopez Jaena St,lapaz - 5,lapaz - 8,897.36,896.0,81.89
jaro - 14,Iloilo-Capiz Rd - Iloilo Circumferential Rd 1,lapuz - 7,Lapuz-Mansaya-Roboc Rd - Coastal Rd,4000.0,1.3117,Burgos St - Huervana St,lapaz - 7,lapaz - 4,897.36,896.0,81.89
jaro - 14,Iloilo-Capiz Rd - Iloilo Circumferential Rd 1,lapuz - 7,Lapuz-Mansaya-Roboc Rd - Coastal Rd,4000.0,1.3117,Baldoza St,lapaz - 8,lapaz - 9,897.36,896.0,81.89
jaro - 15,Iloilo Circumferential Rd 1 - Iloilo Radial By-Pass Rd 4,Molo - 3,Locsin St - San Marcos St.,3500.0,1.0911,Iloilo-Capiz Rd - Buhang Flyover (Rev),jaro - 12,jaro - 14,911.47,907.14,260.06
jaro - 15,Iloilo Circumferential Rd 1 - Iloilo Radial By-Pass Rd 4,Molo - 6,Locsin St. - Baluarte - Calumpag - Villa - Oton Blvd,3000.0,1.1389,Infante St 1,Proper - 1,Proper - 2,787.96,768.72,1154.39
jaro - 15,Iloilo Circumferential Rd 1 - Iloilo Radial By-Pass Rd 4,Molo - 6,Locsin St. - Baluarte - Calumpag - Villa - Oton Blvd,3000.0,1.1389,Infante St 2,Proper - 2,Proper - 3,787.96,768.49,1168.12
jaro - 15,Iloilo Circumferential Rd 1 - Iloilo Radial By-Pass Rd 4,Molo - 6,Locsin St. - Baluarte - Calumpag - Villa - Oton Blvd,3000.0,1.1389,Balabago Rd (Rev),jaro - 10,jaro - 9,787.96,787.77,11.22
jaro - 15,Iloilo Circumferential Rd 1 - Iloilo Radial By-Pass Rd 4,Molo - 7,San Marcos St. - MH del Pilar St. 1 (Rotunda),3500.0,1.1054,Iloilo-Capiz Rd - Buhang Flyover (Rev),jaro - 12,jaro - 14,843.8,839.47,260.06
jaro - 15,Iloilo Circumferential Rd 1 - Iloilo Radial By-Pass Rd 4,Molo - 8,San Marcos St. - MH del Pilar St. 1 (Rotunda),3500.0,1.105,Iloilo-Capiz Rd - Buhang Flyover (Rev),jaro - 12,jaro - 14,846.55,842.21,260.06
jaro - 15,Iloilo Circumferential Rd 1 - Iloilo Radial By-Pass Rd 4,Molo - 9,M.H Del Pilar St. 2,4000.0,1.1008,Balabago Rd (Rev),jaro - 10,jaro - 9,1154.4,1153.22,71.11
jaro - 15,Iloilo Circumferential Rd 1 - Iloilo Radial By-Pass Rd 4,Molo - 9,M.H Del Pilar St. 2,4000.0,1.1008,Iloilo-Capiz Rd - Buhang Flyover (Rev),jaro - 12,jaro - 14,1154.4,1143.66,644.39
jaro - 15,Iloilo Circumferential Rd 1 - Iloilo Radial By-Pass Rd 4,Molo - 10,M.H Del Pilar St. 2,4000.0,1.1006,Balabago Rd (Rev),jaro - 10,jaro - 9,1156.61,1155.42,71.11
jaro - 15,Iloilo Circumferential Rd 1 - Iloilo Radial By-Pass Rd 4,Molo - 10,M.H Del Pilar St. 2,4000.0,1.1006,Iloilo-Capiz Rd - Buhang Flyover (Rev),jaro - 12,jaro - 14,1156.61,1145.87,644.39
jaro - 15,Iloilo Circumferential Rd 1 - Iloilo Radial By-Pass Rd 4,Proper - 3,Rizal St - Infante St,3000.0,1.138,Iloilo-Capiz Rd - Buhang Flyover (Rev),jaro - 12,jaro - 14,697.34,694.68,160.12
jaro - 15,Iloilo Circumferential Rd 1 - Iloilo Radial By-Pass Rd 4,Proper - 4,Baluarte - Calumpang - Villa - Oton Blvd - Infante St,3500.0,1.104,Iloilo-Capiz Rd - Buhang Flyover (Rev),jaro - 12,jaro - 14,887.16,883.01,248.85
jaro - 15,Iloilo Circumferential Rd 1 - Iloilo Radial By-Pass Rd 4,Proper - 6,Ledesma St - Rizal St,3000.0,1.0702,Iloilo-Capiz Rd - Buhang Flyover (Rev),jaro - 12,jaro - 14,674.66,674.49,10.23
jaro - 15,Iloilo Circumferential Rd 1 - Iloilo Radial By-Pass Rd 4,mandurriao - 1,Mandurriao - Jaro Rd - Old Iloilo - Capiz Rd,4000.0,1.1191,Iloilo-Capiz Rd - Buhang Flyover (Rev),jaro - 12,jaro - 14,989.45,985.08,262.1
jaro - 15,Iloilo Circumferential Rd 1 - Iloilo Radial By-Pass Rd 4,mandurriao - 2,Mandurriao - Jaro Rd - Mandurriao - Sn Miguel Rd,4000.0,1.1573,Iloilo-Capiz Rd - Buhang Flyover (Rev),jaro - 12,jaro - 14,1279.76,1275.39,262.1
jaro - 15,Iloilo Circumferential Rd 1 - Iloilo Radial By-Pass Rd 4,mandurriao - 3,Mandurriao - Sn Miguel Rd - R Mapa St,4000.0,1.1471,Iloilo-Capiz Rd - Buhang Flyover (Rev),jaro - 12,jaro - 14,1356.3,1351.93,262.1
jaro - 15,Iloilo Circumferential Rd 1 - Iloilo Radial By-Pass Rd 4,mandurriao - 4,R Mapa St - Mandurriao - Jaro Rd,4000.0,1.1525,Iloilo-Capiz Rd - Buhang Flyover (Rev),jaro - 12,jaro - 14,1318.83,1311.94,413.04
jaro - 15,Iloilo Circumferential Rd 1 - Iloilo Radial By-Pass Rd 4,jaro - 4,Plaza Rizal St - E Lopez St,4500.0,1.078,Iloilo-Capiz Rd - Buhang Flyover (Rev),jaro - 12,jaro - 14,1103.94,1100.39,213.16
jaro - 15,Iloilo Circumferential Rd 1 - Iloilo Radial By-Pass Rd 4,jaro - 5,Plaza Rizal St - Commission Civil St,3500.0,1.0442,Iloilo-Capiz Rd - Buhang Flyover (Rev),jaro - 12,jaro - 14,643.49,641.92,94.62
jaro - 15,Iloilo Circumferential Rd 1 - Iloilo Radial By-Pass Rd 4,jaro - 8,Iloilo-Capiz Rd - Lopez Jaena St,4000.0,1.0433,Iloilo-Capiz Rd - Buhang Flyover (Rev),jaro - 12,jaro - 14,753.6,749.24,261.63
jaro - 15,Iloilo Circumferential Rd 1 - Iloilo Radial By-Pass Rd 4,jaro - 10,Balabago Rd - Iloilo Circumferential Rd 1,5000.0,1.0381,Iloilo-Capiz Rd - Buhang Flyover,jaro - 14,jaro - 12,1207.54,1187.68,1191.36
jaro - 15,Iloilo Circumferential Rd 1 - Iloilo Radial By-Pass Rd 4,jaro - 16,Old Lopez Jaena St - Old Iloilo-Capiz Rd,2500.0,1.0407,Old Lopez Jaena St - Old Iloilo-Capiz Rd,jaro - 18,jaro - 17,539.78,539.57,12.99
jaro - 15,Iloilo Circumferential Rd 1 - Iloilo Radial By-Pass Rd 4,jaro - 24,Old Iloilo-Capiz Rd - Pavia,2500.0,1.0388,Old Lopez Jaena St - Old Iloilo-Capiz Rd,jaro - 18,jaro - 17,559.54,559.51,1.4
jaro - 15,Iloilo Circumferential Rd 1 - Iloilo Radial By-Pass Rd 4,lapaz - 2,Rizal St - Luna St,2500.0,1.0134,Iloilo-Capiz Rd - Buhang Flyover,jaro - 14,jaro - 12,427.55,423.77,226.86
jaro - 15,Iloilo Circumferential Rd 1 - Iloilo Radial By-Pass Rd 4,lapaz - 5,Huervana St - Jereos St,3000.0,1.0719,Iloilo-Capiz Rd - Buhang Flyover,jaro - 14,jaro - 12,550.17,545.39,287.02
jaro - 15,Iloilo Circumferential Rd 1 - Iloilo Radial By-Pass Rd 4,lapaz - 6,Jereos St - Huervana Ext,3000.0,1.0698,Iloilo-Capiz Rd - Buhang Flyover,jaro - 14,jaro - 12,565.66,560.87,287.02
jaro - 15,Iloilo Circumferential Rd 1 - Iloilo Radial By-Pass Rd 4,lapaz - 8,Lopez Jaena St - Baldoza St,3500.0,1.0879,Iloilo-Capiz Rd - Buhang Flyover,jaro - 14,jaro - 12,718.76,713.47,317.26
jaro - 15,Iloilo Circumferential Rd 1 - Iloilo Radial By-Pass Rd 4,lapaz - 9,Baldoza St - Monfort Blvd,4000.0,1.0975,Iloilo-Capiz Rd - Buhang Flyover,jaro - 14,jaro - 12,944.24,941.92,139.05
jaro - 15,Iloilo Circumferential Rd 1 - Iloilo Radial By-Pass Rd 4,lapuz - 2,Rizal St - Quirino-Lopez Bridge,2500.0,1.0116,Iloilo-Capiz Rd - Buhang Flyover,jaro - 14,jaro - 12,483.48,480.27,192.38
jaro - 15,Iloilo Circumferential Rd 1 - Iloilo Radial By-Pass Rd 4,lapuz - 2,Rizal St - Quirino-Lopez Bridge,2500.0,1.0116,Huervana St - Burgos St (Rev),lapaz - 4,lapaz - 2,483.48,482.03,86.63
jaro - 15,Iloilo Circumferential Rd 1 - Iloilo Radial By-Pass Rd 4,lapuz - 2,Rizal St - Quirino-Lopez Bridge,2500.0,1.0116,Jereos St - Huervana Ext,lapaz - 5,lapaz - 6,483.48,482.03,86.63
jaro - 15,Iloilo Circumferential Rd 1 - Iloilo Radial By-Pass Rd 4,lapuz - 2,Rizal St - Quirino-Lopez Bridge,2500.0,1.0116,Huervana Ext,lapaz - 6,lapaz - 7,483.48,482.03,86.63
jaro - 15,Iloilo Circumferential Rd 1 - Iloilo Radial By-Pass Rd 4,lapuz - 2,Rizal St - Quirino-Lopez Bridge,2500.0,1.0116,Burgos St - Huervana St,lapaz - 7,lapaz - 4,483.48,482.03,86.63
jaro - 15,Iloilo Circumferential Rd 1 - Iloilo Radial By-Pass Rd 4,lapuz - 2,Rizal St - Quirino-Lopez Bridge,2500.0,1.0116,Lopez Jaena St (Rev),lapaz - 8,lapaz - 5,483.48,482.03,86.63
jaro - 15,Iloilo Circumferential Rd 1 - Iloilo Radial By-Pass Rd 4,lapuz - 2,Rizal St - Quirino-Lopez Bridge,2500.0,1.0116,Baldoza St (Rev),lapaz - 9,lapaz - 8,483.48,482.03,86.63
jaro - 15,Iloilo Circumferential Rd 1 - Iloilo Radial By-Pass Rd 4,lapuz - 4,Rizal St - New Iloilo Ferry Terminal Access Rd,3000.0,1.0601,Iloilo-Capiz Rd - Buhang Flyover (Rev),jaro - 12,jaro - 14,640.24,640.17,4.23
jaro - 15,Iloilo Circumferential Rd 1 - Iloilo Radial By-Pass Rd 4,lapuz - 4,Rizal St - New Iloilo Ferry Terminal Access Rd,3000.0,1.0601,Iloilo-Capiz Rd - Buhang Flyover,jaro - 14,jaro - 12,640.24,630.99,554.77
jaro - 15,Iloilo Circumferential Rd 1 - Iloilo Radial By-Pass Rd 4,lapuz - 5,New Iloilo Ferry Terminal Access Rd,3000.0,1.0555,Iloilo-Capiz Rd - Buhang Flyover (Rev),jaro - 12,jaro - 14,689.85,689.78,4.23
jaro - 15,Iloilo Circumferential Rd 1 - Iloilo Radial By-Pass Rd 4,lapuz - 5,New Iloilo Ferry Terminal Access Rd,3000.0,1.0555,Iloilo-Capiz Rd - Buhang Flyover,jaro - 14,jaro - 12,689.85,680.6,554.77
jaro - 15,Iloilo Circumferential Rd 1 - Iloilo Radial By-Pass Rd 4,lapuz - 6,Rizal St - Lapuz-Mansaya-Roboc Rd,3500.0,1.1102,Iloilo-Capiz Rd - Buhang Flyover,jaro - 14,jaro - 12,838.7,823.96,884.47
jaro - 15,Iloilo Circumferential Rd 1 - Iloilo Radial By-Pass Rd 4,lapuz - 7,Lapuz-Mansaya-Roboc Rd - Coastal Rd,4000.0,1.1911,Iloilo-Capiz Rd - Buhang Flyover,jaro - 14,jaro - 12,1125.21,1095.25,1798.07
jaro - 16,Old Lopez Jaena St - Old Iloilo-Capiz Rd,Molo - 4,Locsin St. - M.H Del Pilar St. 2,7000.0,1.0683,El 98 St,jaro - 7,mandurriao - 1,1618.55,1590.07,1708.67
jaro - 16,Old Lopez Jaena St - Old Iloilo-Capiz Rd,Molo - 5,Locsin St. - Timawa St.,7000.0,1.0789,El 98 St,jaro - 7,mandurriao - 1,1677.27,1662.35,894.92
jaro - 16,Old Lopez Jaena St - Old Iloilo-Capiz Rd,Molo - 6,Locsin St. - Baluarte - Calumpag - Villa - Oton Blvd,7000.0,1.0788,M.H Del Pilar,Molo - 8,Molo - 9,1755.65,1754.89,45.45
jaro - 16,Old Lopez Jaena St - Old Iloilo-Capiz Rd,Molo - 6,Locsin St. - Baluarte - Calumpag - Villa - Oton Blvd,7000.0,1.0788,M.H Del Pilar (Rev),Molo - 9,Molo - 4,1755.65,1754.89,45.45
jaro - 16,Old Lopez Jaena St - Old Iloilo-Capiz Rd,Molo - 6,Locsin St. - Baluarte - Calumpag - Villa - Oton Blvd,7000.0,1.0788,El 98 St,jaro - 7,mandurriao - 1,1755.65,1730.35,1517.77
jaro - 16,Old Lopez Jaena St - Old Iloilo-Capiz Rd,Proper - 11,Ledesma St - Ruperto Montinola St,4000.0,1.0131,Gen Luna St 1,Proper - 1,Proper - 7,654.96,647.86,425.93
jaro - 16,Old Lopez Jaena St - Old Iloilo-Capiz Rd,Proper - 11,Ledesma St - Ruperto Montinola St,4000.0,1.0131,Delgado St,Proper - 2,Proper - 10,654.96,653.97,59.82
jaro - 16,Old Lopez Jaena St - Old Iloilo-Capiz Rd,Proper - 17,Dela Rama St - Blumentritt,4500.0,1.0513,Gen Luna St 1,Proper - 1,Proper - 7,976.93,973.68,195.01
jaro - 16,Old Lopez Jaena St - Old Iloilo-Capiz Rd,Proper - 18,Muelle Loney St - Blumentritt Left,5500.0,1.0318,Gen Luna St 1,Proper - 1,Proper - 7,1268.57,1261.0,454.35
jaro - 16,Old Lopez Jaena St - Old Iloilo-Capiz Rd,Proper - 18,Muelle Loney St - Blumentritt Left,5500.0,1.0318,Delgado St,Proper - 2,Proper - 10,1268.57,1267.48,65.4
jaro - 16,Old Lopez Jaena St - Old Iloilo-Capiz Rd,Proper - 18,Muelle Loney St - Blumentritt Left,5500.0,1.0318,Arroyo St,Proper - 12,Proper - 11,1268.57,1259.05,571.43
jaro - 16,Old Lopez Jaena St - Old Iloilo-Capiz Rd,Proper - 19,Muelle Loney St - Blumentritt Right,4000.0,1.0487,Ruperto Montinola St 1,Proper - 8,Proper - 10,848.43,847.96,27.79
jaro - 16,Old Lopez Jaena St - Old Iloilo-Capiz Rd,Proper - 19,Muelle Loney St - Blumentritt Right,4000.0,1.0487,Blumentritt 1 (Rev),Proper - 18,Proper - 17,848.43,847.08,81.05
jaro - 16,Old Lopez Jaena St - Old Iloilo-Capiz Rd,lapaz - 3,Luna St - Luna St,5000.0,1.039,Luna St - Huervana St (Rev),lapaz - 1,lapaz - 3,748.45,741.22,433.78
jaro - 16,Old Lopez Jaena St - Old Iloilo-Capiz Rd,lapaz - 8,Lopez Jaena St - Baldoza St,5000.0,1.0985,Bonifacio Drive,Proper - 7,lapaz - 10,1122.16,1088.37,2027.52
jaro - 16,Old Lopez Jaena St - Old Iloilo-Capiz Rd,lapaz - 8,Lopez Jaena St - Baldoza St,5000.0,1.0985,Luna St (Rev),jaro - 1,lapaz - 3,1122.16,1110.85,678.61
jaro - 16,Old Lopez Jaena St - Old Iloilo-Capiz Rd,lapaz - 8,Lopez Jaena St - Baldoza St,5000.0,1.0985,Burgos St (Rev),jaro - 2,lapaz - 7,1122.16,1117.17,299.32
jaro - 16,Old Lopez Jaena St - Old Iloilo-Capiz Rd,lapaz - 8,Lopez Jaena St - Baldoza St,5000.0,1.0985,E Lopez St (Rev),jaro - 4,jaro - 1,1122.16,1110.85,678.61
jaro - 16,Old Lopez Jaena St - Old Iloilo-Capiz Rd,lapaz - 8,Lopez Jaena St - Baldoza St,5000.0,1.0985,E Lopez St - Plaza Rizal St - Commission Civil St,jaro - 4,jaro - 5,1122.16,1117.17,299.32
jaro - 16,Old Lopez Jaena St - Old Iloilo-Capiz Rd,lapaz - 8,Lopez Jaena St - Baldoza St,5000.0,1.0985,Commission Civil St (Rev),jaro - 5,jaro - 2,1122.16,1117.17,299.32
jaro - 16,Old Lopez Jaena St - Old Iloilo-Capiz Rd,lapaz - 8,Lopez Jaena St - Baldoza St,5000.0,1.0985,Iloilo-Capiz Rd - Plaza Rizal St - El 98 St,jaro - 6,jaro - 7,1122.16,1085.31,2211.16
jaro - 16,Old Lopez Jaena St - Old Iloilo-Capiz Rd,lapaz - 8,Lopez Jaena St - Baldoza St,5000.0,1.0985,Huervana St - Rizal St,lapaz - 1,lapaz - 2,1122.16,1117.13,302.15
jaro - 16,Old Lopez Jaena St - Old Iloilo-Capiz Rd,lapaz - 8,Lopez Jaena St - Baldoza St,5000.0,1.0985,Luna St - Huervana St,lapaz - 3,lapaz - 1,1122.16,1110.85,678.61
jaro - 16,Old Lopez Jaena St - Old Iloilo-Capiz Rd,lapaz - 8,Lopez Jaena St - Baldoza St,5000.0,1.0985,Burgos St - Huervana St,lapaz - 7,lapaz - 4,1122.16,1117.17,299.32
jaro - 16,Old Lopez Jaena St - Old Iloilo-Capiz Rd,lapaz - 8,Lopez Jaena St - Baldoza St,5000.0,1.0985,Luna St - Esplanade 5 (Rev),lapaz - 10,lapaz - 1,1122.16,1088.37,2027.52
jaro - 16,Old Lopez Jaena St - Old Iloilo-Capiz Rd,lapaz - 9,Baldoza St - Monfort Blvd,3500.0,1.0526,Bonifacio Drive,Proper - 7,lapaz - 10,700.43,700.27,9.4
jaro - 16,Old Lopez Jaena St - Old Iloilo-Capiz Rd,lapaz - 9,Baldoza St - Monfort Blvd,3500.0,1.0526,Plaza Rizal St - Balabago Rd,jaro - 6,jaro - 9,700.43,695.7,283.66
jaro - 16,Old Lopez Jaena St - Old Iloilo-Capiz Rd,lapaz - 9,Baldoza St - Monfort Blvd,3500.0,1.0526,Iloilo-Capiz Rd - Plaza Rizal St - El 98 St,jaro - 6,jaro - 7,700.43,699.3,67.65
jaro - 16,Old Lopez Jaena St - Old Iloilo-Capiz Rd,lapaz - 9,Baldoza St - Monfort Blvd,3500.0,1.0526,Balabago Rd,jaro - 9,jaro - 10,700.43,695.7,283.66
jaro - 16,Old Lopez Jaena St - Old Iloilo-Capiz Rd,lapaz - 9,Baldoza St - Monfort Blvd,3500.0,1.0526,Iloilo-Capiz Rd - Iloilo Circumferential Rd 1 - Monfort Blvd,jaro - 10,jaro - 11,700.43,695.7,283.66
jaro - 16,Old Lopez Jaena St - Old Iloilo-Capiz Rd,lapaz - 9,Baldoza St - Monfort Blvd,3500.0,1.0526,Lapaz - Monfort Blvd (Rev),jaro - 11,jaro - 19,700.43,695.7,283.66
jaro - 16,Old Lopez Jaena St - Old Iloilo-Capiz Rd,lapaz - 9,Baldoza St - Monfort Blvd,3500.0,1.0526,Monfort Blvd (Rev),jaro - 19,lapaz - 9,700.43,695.7,283.66
jaro - 16,Old Lopez Jaena St - Old Iloilo-Capiz Rd,lapaz - 9,Baldoza St - Monfort Blvd,3500.0,1.0526,Luna St - Esplanade 5 (Rev),lapaz - 10,lapaz - 1,700.43,700.27,9.4
jaro - 16,Old Lopez Jaena St - Old Iloilo-Capiz Rd,lapuz - 6,Rizal St - Lapuz-Mansaya-Roboc Rd,3500.0,1.0943,Infante St 1,Proper - 1,Proper - 2,733.71,731.98,103.9
jaro - 16,Old Lopez Jaena St - Old Iloilo-Capiz Rd,lapuz - 6,Rizal St - Lapuz-Mansaya-Roboc Rd,3500.0,1.0943,Gen Luna St 1,Proper - 1,Proper - 7,733.71,733.52,11.51
jaro - 16,Old Lopez Jaena St - Old Iloilo-Capiz Rd,lapuz - 6,Rizal St - Lapuz-Mansaya-Roboc Rd,3500.0,1.0943,Delgado St,Proper - 2,Proper - 10,733.71,731.98,103.9
jaro - 16,Old Lopez Jaena St - Old Iloilo-Capiz Rd,lapuz - 6,Rizal St - Lapuz-Mansaya-Roboc Rd,3500.0,1.0943,Gen Luna St 2,Proper - 7,Proper - 8,733.71,733.52,11.51
jaro - 16,Old Lopez Jaena St - Old Iloilo-Capiz Rd,lapuz - 6,Rizal St - Lapuz-Mansaya-Roboc Rd,3500.0,1.0943,Ruperto Montinola St 1 (Rev),Proper - 10,Proper - 8,733.71,731.98,103.9
jaro - 17,Iloilo-Capiz Rd - Old Iloilo-Capiz Rd,Molo - 4,Locsin St. - M.H Del Pilar St. 2,7000.0,1.0705,El 98 St,jaro - 7,mandurriao - 1,1570.51,1542.03,1708.67
jaro - 17,Iloilo-Capiz Rd - Old Iloilo-Capiz Rd,Molo - 5,Locsin St. - Timawa St.,7000.0,1.0814,El 98 St,jaro - 7,mandurriao - 1,1629.23,1614.21,901.13
jaro - 17,Iloilo-Capiz Rd - Old Iloilo-Capiz Rd,Proper - 11,Ledesma St - Ruperto Montinola St,4000.0,1.0134,Gen Luna St 1,Proper - 1,Proper - 7,639.53,632.43,425.93
jaro - 17,Iloilo-Capiz Rd - Old Iloilo-Capiz Rd,Proper - 11,Ledesma St - Ruperto Montinola St,4000.0,1.0134,Delgado St,Proper - 2,Proper - 10,639.53,638.53,59.82
jaro - 17,Iloilo-Capiz Rd - Old Iloilo-Capiz Rd,Proper - 17,Dela Rama St - Blumentritt,4500.0,1.0523,Gen Luna St 1,Proper - 1,Proper - 7,958.59,955.34,195.01
jaro - 17,Iloilo-Capiz Rd - Old Iloilo-Capiz Rd,Proper - 18,Muelle Loney St - Blumentritt Left,5500.0,1.0325,Gen Luna St 1,Proper - 1,Proper - 7,1242.27,1234.7,454.35
jaro - 17,Iloilo-Capiz Rd - Old Iloilo-Capiz Rd,Proper - 18,Muelle Loney St - Blumentritt Left,5500.0,1.0325,Delgado St,Proper - 2,Proper - 10,1242.27,1241.18,65.4
jaro - 17,Iloilo-Capiz Rd - Old Iloilo-Capiz Rd,Proper - 18,Muelle Loney St - Blumentritt Left,5500.0,1.0325,Arroyo St,Proper - 12,Proper - 11,1242.27,1232.75,571.43
jaro - 17,Iloilo-Capiz Rd - Old Iloilo-Capiz Rd,Proper - 19,Muelle Loney St - Blumentritt Right,4000.0,1.0497,Ruperto Montinola St 1,Proper - 8,Proper - 10,832.99,832.53,27.79
jaro - 17,Iloilo-Capiz Rd - Old Iloilo-Capiz Rd,Proper - 19,Muelle Loney St - Blumentritt Right,4000.0,1.0497,Blumentritt 1 (Rev),Proper - 18,Proper - 17,832.99,831.64,81.05
jaro - 17,Iloilo-Capiz Rd - Old Iloilo-Capiz Rd,lapaz - 3,Luna St - Luna St,5000.0,1.0399,Luna St - Huervana St (Rev),lapaz - 1,lapaz - 3,726.37,719.34,421.36
jaro - 17,Iloilo-Capiz Rd - Old Iloilo-Capiz Rd,lapaz - 5,Huervana St - Jereos St,7500.0,1.0333,Iloilo-Capiz Rd - Plaza Rizal St - El 98 St,jaro - 6,jaro - 7,1905.01,1767.31,8261.59
jaro - 17,Iloilo-Capiz Rd - Old Iloilo-Capiz Rd,lapaz - 8,Lopez Jaena St - Baldoza St,5000.0,1.1007,Bonifacio Drive,Proper - 7,lapaz - 10,1100.28,1066.49,2027.52
jaro - 17,Iloilo-Capiz Rd - Old Iloilo-Capiz Rd,lapaz - 8,Lopez Jaena St - Baldoza St,5000.0,1.1007,Luna St (Rev),jaro - 1,lapaz - 3,1100.28,1088.97,678.61
jaro - 17,Iloilo-Capiz Rd - Old Iloilo-Capiz Rd,lapaz - 8,Lopez Jaena St - Baldoza St,5000.0,1.1007,Burgos St (Rev),jaro - 2,lapaz - 7,1100.28,1095.3,299.32
jaro - 17,Iloilo-Capiz Rd - Old Iloilo-Capiz Rd,lapaz - 8,Lopez Jaena St - Baldoza St,5000.0,1.1007,E Lopez St (Rev),jaro - 4,jaro - 1,1100.28,1088.97,678.61
jaro - 17,Iloilo-Capiz Rd - Old Iloilo-Capiz Rd,lapaz - 8,Lopez Jaena St - Baldoza St,5000.0,1.1007,E Lopez St - Plaza Rizal St - Commission Civil St,jaro - 4,jaro - 5,1100.28,1095.3,299.32
jaro - 17,Iloilo-Capiz Rd - Old Iloilo-Capiz Rd,lapaz - 8,Lopez Jaena St - Baldoza St,5000.0,1.1007,Commission Civil St (Rev),jaro - 5,jaro - 2,1100.28,1095.3,299.32
jaro - 17,Iloilo-Capiz Rd - Old Iloilo-Capiz Rd,lapaz - 8,Lopez Jaena St - Baldoza St,5000.0,1.1007,Iloilo-Capiz Rd - Plaza Rizal St - El 98 St,jaro - 6,jaro - 7,1100.28,1063.43,2211.16
jaro - 17,Iloilo-Capiz Rd - Old Iloilo-Capiz Rd,lapaz - 8,Lopez Jaena St - Baldoza St,5000.0,1.1007,Huervana St - Rizal St,lapaz - 1,lapaz - 2,1100.28,1095.25,302.15
jaro - 17,Iloilo-Capiz Rd - Old Iloilo-Capiz Rd,lapaz - 8,Lopez Jaena St - Baldoza St,5000.0,1.1007,Luna St - Huervana St,lapaz - 3,lapaz - 1,1100.28,1088.97,678.61
jaro - 17,Iloilo-Capiz Rd - Old Iloilo-Capiz Rd,lapaz - 8,Lopez Jaena St - Baldoza St,5000.0,1.1007,Burgos St - Huervana St,lapaz - 7,lapaz - 4,1100.28,1095.3,299.32
jaro - 17,Iloilo-Capiz Rd - Old Iloilo-Capiz Rd,lapaz - 8,Lopez Jaena St - Baldoza St,5000.0,1.1007,Luna St - Esplanade 5 (Rev),lapaz - 10,lapaz - 1,1100.28,1066.49,2027.52
jaro - 17,Iloilo-Capiz Rd - Old Iloilo-Capiz Rd,lapaz - 9,Baldoza St - Monfort Blvd,3500.0,1.0536,Bonifacio Drive,Proper - 7,lapaz - 10,687.44,687.29,9.4
jaro - 17,Iloilo-Capiz Rd - Old Iloilo-Capiz Rd,lapaz - 9,Baldoza St - Monfort Blvd,3500.0,1.0536,Plaza Rizal St - Balabago Rd,jaro - 6,jaro - 9,687.44,682.71,283.66
jaro - 17,Iloilo-Capiz Rd - Old Iloilo-Capiz Rd,lapaz - 9,Baldoza St - Monfort Blvd,3500.0,1.0536,Iloilo-Capiz Rd - Plaza Rizal St - El 98 St,jaro - 6,jaro - 7,687.44,686.32,67.65
jaro - 17,Iloilo-Capiz Rd - Old Iloilo-Capiz Rd,lapaz - 9,Baldoza St - Monfort Blvd,3500.0,1.0536,Balabago Rd,jaro - 9,jaro - 10,687.44,682.71,283.66
jaro - 17,Iloilo-Capiz Rd - Old Iloilo-Capiz Rd,lapaz - 9,Baldoza St - Monfort Blvd,3500.0,1.0536,Iloilo-Capiz Rd - Iloilo Circumferential Rd 1 - Monfort Blvd,jaro - 10,jaro - 11,687.44,682.71,283.66
jaro - 17,Iloilo-Capiz Rd - Old Iloilo-Capiz Rd,lapaz - 9,Baldoza St - Monfort Blvd,3500.0,1.0536,Lapaz - Monfort Blvd (Rev),jaro - 11,jaro - 19,687.44,682.71,283.66
jaro - 17,Iloilo-Capiz Rd - Old Iloilo-Capiz Rd,lapaz - 9,Baldoza St - Monfort Blvd,3500.0,1.0536,Monfort Blvd (Rev),jaro - 19,lapaz - 9,687.44,682.71,283.66
jaro - 17,Iloilo-Capiz Rd - Old Iloilo-Capiz Rd,lapaz - 9,Baldoza St - Monfort Blvd,3500.0,1.0536,Luna St - Esplanade 5 (Rev),lapaz - 10,lapaz - 1,687.44,687.29,9.4
jaro - 17,Iloilo-Capiz Rd - Old Iloilo-Capiz Rd,lapuz - 6,Rizal St - Lapuz-Mansaya-Roboc Rd,3500.0,1.0962,Infante St 1,Proper - 1,Proper - 2,720.73,718.99,103.9
jaro - 17,Iloilo-Capiz Rd - Old Iloilo-Capiz Rd,lapuz - 6,Rizal St - Lapuz-Mansaya-Roboc Rd,3500.0,1.0962,Gen Luna St 1,Proper - 1,Proper - 7,720.73,720.53,11.51
jaro - 17,Iloilo-Capiz Rd - Old Iloilo-Capiz Rd,lapuz - 6,Rizal St - Lapuz-Mansaya-Roboc Rd,3500.0,1.0962,Delgado St,Proper - 2,Proper - 10,720.73,718.99,103.9
jaro - 17,Iloilo-Capiz Rd - Old Iloilo-Capiz Rd,lapuz - 6,Rizal St - Lapuz-Mansaya-Roboc Rd,3500.0,1.0962,Gen Luna St 2,Proper - 7,Proper - 8,720.73,720.53,11.51
jaro - 17,Iloilo-Capiz Rd - Old Iloilo-Capiz Rd,lapuz - 6,Rizal St - Lapuz-Mansaya-Roboc Rd,3500.0,1.0962,Ruperto Montinola St 1 (Rev),Proper - 10,Proper - 8,720.73,718.99,103.9
jaro - 18,Old Lopez Jaena St - Iloilo-Capiz Rd,Molo - 5,Locsin St. - Timawa St.,6500.0,1.0787,Timawa St (Rev),Proper - 2,Molo - 5,1440.83,1440.25,35.26
jaro - 18,Old Lopez Jaena St - Iloilo-Capiz Rd,Molo - 6,Locsin St. - Baluarte - Calumpag - Villa - Oton Blvd,6500.0,1.0893,El 98 St,jaro - 7,mandurriao - 1,1525.56,1516.44,547.53
jaro - 18,Old Lopez Jaena St - Iloilo-Capiz Rd,Proper - 4,Baluarte - Calumpang - Villa - Oton Blvd - Infante St,5000.0,1.2285,Infante St 1,Proper - 1,Proper - 2,1057.56,1029.36,1692.41
jaro - 18,Old Lopez Jaena St - Iloilo-Capiz Rd,Proper - 4,Baluarte - Calumpang - Villa - Oton Blvd - Infante St,5000.0,1.2285,Infante St 2,Proper - 2,Proper - 3,1057.56,1041.02,992.45
jaro - 18,Old Lopez Jaena St - Iloilo-Capiz Rd,Proper - 11,Ledesma St - Ruperto Montinola St,3500.0,1.0357,Gen Luna St 1,Proper - 1,Proper - 7,541.28,539.16,127.07
jaro - 18,Old Lopez Jaena St - Iloilo-Capiz Rd,Proper - 18,Muelle Loney St - Blumentritt Left,3500.0,1.0464,Gen Luna St 1,Proper - 1,Proper - 7,650.25,647.85,144.12
jaro - 18,Old Lopez Jaena St - Iloilo-Capiz Rd,Proper - 18,Muelle Loney St - Blumentritt Left,3500.0,1.0464,Arroyo St (Rev),Proper - 11,Proper - 12,650.25,649.78,28.54
jaro - 18,Old Lopez Jaena St - Iloilo-Capiz Rd,Proper - 19,Muelle Loney St - Blumentritt Right,3500.0,1.0635,Blumentritt 1 (Rev),Proper - 18,Proper - 17,706.32,704.56,105.64
jaro - 18,Old Lopez Jaena St - Iloilo-Capiz Rd,lapaz - 8,Lopez Jaena St - Baldoza St,5500.0,1.1021,Bonifacio Drive,Proper - 7,lapaz - 10,1260.53,1249.0,691.86
jaro - 18,Old Lopez Jaena St - Iloilo-Capiz Rd,lapaz - 8,Lopez Jaena St - Baldoza St,5500.0,1.1021,Iloilo-Capiz Rd - Plaza Rizal St - El 98 St,jaro - 6,jaro - 7,1260.53,1201.56,3538.05
jaro - 18,Old Lopez Jaena St - Iloilo-Capiz Rd,lapaz - 8,Lopez Jaena St - Baldoza St,5500.0,1.1021,Luna St - Esplanade 5 (Rev),lapaz - 10,lapaz - 1,1260.53,1249.0,691.86
jaro - 18,Old Lopez Jaena St - Iloilo-Capiz Rd,lapaz - 9,Baldoza St - Monfort Blvd,3500.0,1.0618,Iloilo-Capiz Rd - Plaza Rizal St - El 98 St,jaro - 6,jaro - 7,689.98,681.0,538.72
jaro - 19,Monfort Blvd,Molo - 6,Locsin St. - Baluarte - Calumpag - Villa - Oton Blvd,3000.0,1.0208,Gen Luna St 2,Proper - 7,Proper - 8,592.02,591.96,3.55
jaro - 19,Monfort Blvd,Proper - 2,Delgado St - Infante St,2000.0,1.0241,Gen Luna St 1 (Rev),Proper - 7,Proper - 1,319.09,318.38,42.77
jaro - 19,Monfort Blvd,Proper - 2,Delgado St - Infante St,2000.0,1.0241,Luna St - Esplanade 5,lapaz - 1,lapaz - 10,319.09,318.29,48.16
jaro - 19,Monfort Blvd,Proper - 2,Delgado St - Infante St,2000.0,1.0241,Rizal St - Luna St,lapaz - 2,lapaz - 3,319.09,318.29,48.16
jaro - 19,Monfort Blvd,Proper - 2,Delgado St - Infante St,2000.0,1.0241,Luna St - Huervana St,lapaz - 3,lapaz - 1,319.09,318.29,48.16
jaro - 19,Monfort Blvd,Proper - 2,Delgado St - Infante St,2000.0,1.0241,Bonifacio Drive (Rev),lapaz - 10,Proper - 7,319.09,318.29,48.16
jaro - 19,Monfort Blvd,Proper - 3,Rizal St - Infante St,3000.0,1.0137,Gen Luna St 1 (Rev),Proper - 7,Proper - 1,501.8,500.14,99.83
jaro - 19,Monfort Blvd,Proper - 3,Rizal St - Infante St,3000.0,1.0137,Luna St - Esplanade 5,lapaz - 1,lapaz - 10,501.8,501.67,8.37
jaro - 19,Monfort Blvd,Proper - 3,Rizal St - Infante St,3000.0,1.0137,Rizal St - Luna St,lapaz - 2,lapaz - 3,501.8,501.67,8.37
jaro - 19,Monfort Blvd,Proper - 3,Rizal St - Infante St,3000.0,1.0137,Rizal St - Huervana St,lapaz - 2,lapuz - 2,501.8,501.5,18.4
jaro - 19,Monfort Blvd,Proper - 3,Rizal St - Infante St,3000.0,1.0137,Luna St - Huervana St,lapaz - 3,lapaz - 1,501.8,501.67,8.37
jaro - 19,Monfort Blvd,Proper - 3,Rizal St - Infante St,3000.0,1.0137,Bonifacio Drive (Rev),lapaz - 10,Proper - 7,501.8,501.67,8.37
jaro - 19,Monfort Blvd,Proper - 4,Baluarte - Calumpang - Villa - Oton Blvd - Infante St,6000.0,1.0217,Infante St 1,Proper - 1,Proper - 2,1418.13,1416.91,73.11
jaro - 19,Monfort Blvd,Proper - 5,Baluarte - Calumpang - Villa - Oton Blvd - Rizal St,2500.0,1.0465,Gen Luna St 2,Proper - 7,Proper - 8,431.8,431.46,20.23
jaro - 19,Monfort Blvd,Proper - 5,Baluarte - Calumpang - Villa - Oton Blvd - Rizal St,2500.0,1.0465,Rizal St - Huervana St,lapaz - 2,lapuz - 2,431.8,431.5,17.59
jaro - 19,Monfort Blvd,Proper - 7,Gen Luna St - Bonifacio Dr,4500.0,1.2791,Rizal St - Luna St,lapaz - 2,lapaz - 3,841.93,827.55,862.94
jaro - 19,Monfort Blvd,Proper - 8,Gen Luna St - Ruperto Montinola St,4500.0,1.2234,Rizal St - Luna St,lapaz - 2,lapaz - 3,835.27,833.61,99.69
jaro - 19,Monfort Blvd,Proper - 10,Delgado St - Ruperto Montinola St,4500.0,1.2379,Gen Luna St 2,Proper - 7,Proper - 8,891.28,881.99,557.49
jaro - 19,Monfort Blvd,Proper - 10,Delgado St - Ruperto Montinola St,4500.0,1.2379,Gen Luna St 3 (Rev),Proper - 9,Proper - 8,891.28,890.57,42.64
jaro - 19,Monfort Blvd,Proper - 10,Delgado St - Ruperto Montinola St,4500.0,1.2379,Muelle Loney St 1,Proper - 9,Proper - 12,891.28,884.95,380.08
jaro - 19,Monfort Blvd,Proper - 10,Delgado St - Ruperto Montinola St,4500.0,1.2379,Ruperto Montinola St 2 (Rev),Proper - 11,Proper - 10,891.28,884.95,380.08
jaro - 19,Monfort Blvd,Proper - 10,Delgado St - Ruperto Montinola St,4500.0,1.2379,Arroyo St,Proper - 12,Proper - 11,891.28,884.95,380.08
jaro - 19,Monfort Blvd,Proper - 10,Delgado St - Ruperto Montinola St,4500.0,1.2379,Luna St - Esplanade 5,lapaz - 1,lapaz - 10,891.28,881.99,557.49
jaro - 19,Monfort Blvd,Proper - 10,Delgado St - Ruperto Montinola St,4500.0,1.2379,Rizal St - Luna St,lapaz - 2,lapaz - 3,891.28,881.99,557.49
jaro - 19,Monfort Blvd,Proper - 10,Delgado St - Ruperto Montinola St,4500.0,1.2379,Rizal St - Huervana St,lapaz - 2,lapuz - 2,891.28,890.57,42.71
jaro - 19,Monfort Blvd,Proper - 10,Delgado St - Ruperto Montinola St,4500.0,1.2379,Luna St - Huervana St,lapaz - 3,lapaz - 1,891.28,881.99,557.49
jaro - 19,Monfort Blvd,Proper - 10,Delgado St - Ruperto Montinola St,4500.0,1.2379,Bonifacio Drive (Rev),lapaz - 10,Proper - 7,891.28,881.99,557.49
jaro - 19,Monfort Blvd,Proper - 11,Ledesma St - Ruperto Montinola St,4500.0,1.2354,Gen Luna St 3 (Rev),Proper - 9,Proper - 8,912.08,909.8,136.67
jaro - 19,Monfort Blvd,Proper - 12,Arroyo St - Muelle Loney St,4500.0,1.0979,Gen Luna St 3 (Rev),Proper - 9,Proper - 8,898.41,892.33,364.97
jaro - 19,Monfort Blvd,Proper - 12,Arroyo St - Muelle Loney St,4500.0,1.0979,Luna St (Rev),jaro - 1,lapaz - 3,898.41,897.93,29.06
jaro - 19,Monfort Blvd,Proper - 12,Arroyo St - Muelle Loney St,4500.0,1.0979,E Lopez St (Rev),jaro - 4,jaro - 1,898.41,897.93,29.06
jaro - 19,Monfort Blvd,Proper - 12,Arroyo St - Muelle Loney St,4500.0,1.0979,El 98 St - Plaza Rizal St - E Lopez St,jaro - 7,jaro - 4,898.41,897.93,29.06
jaro - 19,Monfort Blvd,Proper - 15,General Hughes St - Duran St,4000.0,1.0625,JM Basa St 2,Proper - 13,Proper - 14,951.67,951.28,23.36
jaro - 19,Monfort Blvd,Proper - 17,Dela Rama St - Blumentritt,4500.0,1.0539,Gen Luna St 3,Proper - 8,Proper - 9,1092.15,1089.47,160.43
jaro - 19,Monfort Blvd,Proper - 17,Dela Rama St - Blumentritt,4500.0,1.0539,Luna St (Rev),jaro - 1,lapaz - 3,1092.15,1089.24,174.75
jaro - 19,Monfort Blvd,Proper - 17,Dela Rama St - Blumentritt,4500.0,1.0539,E Lopez St (Rev),jaro - 4,jaro - 1,1092.15,1089.24,174.75
jaro - 19,Monfort Blvd,Proper - 17,Dela Rama St - Blumentritt,4500.0,1.0539,El 98 St - Plaza Rizal St - E Lopez St,jaro - 7,jaro - 4,1092.15,1089.24,174.75
jaro - 19,Monfort Blvd,Proper - 18,Muelle Loney St - Blumentritt Left,4500.0,1.0622,Gen Luna St 3 (Rev),Proper - 9,Proper - 8,1044.3,1041.46,170.35
jaro - 19,Monfort Blvd,Proper - 18,Muelle Loney St - Blumentritt Left,4500.0,1.0622,Luna St (Rev),jaro - 1,lapaz - 3,1044.3,1043.59,42.75
jaro - 19,Monfort Blvd,Proper - 18,Muelle Loney St - Blumentritt Left,4500.0,1.0622,E Lopez St (Rev),jaro - 4,jaro - 1,1044.3,1043.59,42.75
jaro - 19,Monfort Blvd,Proper - 18,Muelle Loney St - Blumentritt Left,4500.0,1.0622,El 98 St - Plaza Rizal St - E Lopez St,jaro - 7,jaro - 4,1044.3,1043.59,42.75
jaro - 19,Monfort Blvd,Proper - 19,Muelle Loney St - Blumentritt Right,5000.0,1.1279,Ruperto Montinola St 1,Proper - 8,Proper - 10,1353.18,1331.54,1298.75
jaro - 19,Monfort Blvd,Proper - 19,Muelle Loney St - Blumentritt Right,5000.0,1.1279,Gen Luna St 3 (Rev),Proper - 9,Proper - 8,1353.18,1345.94,434.68
jaro - 19,Monfort Blvd,Proper - 19,Muelle Loney St - Blumentritt Right,5000.0,1.1279,Arroyo St (Rev),Proper - 11,Proper - 12,1353.18,1352.74,26.68
jaro - 19,Monfort Blvd,Proper - 19,Muelle Loney St - Blumentritt Right,5000.0,1.1279,JM Basa St 1,Proper - 11,Proper - 13,1353.18,1331.27,1314.61
jaro - 19,Monfort Blvd,Proper - 19,Muelle Loney St - Blumentritt Right,5000.0,1.1279,Blumentritt 1,Proper - 17,Proper - 18,1353.18,1329.71,1408.6
jaro - 19,Monfort Blvd,Proper - 19,Muelle Loney St - Blumentritt Right,5000.0,1.1279,Rizal St - Luna St,lapaz - 2,lapaz - 3,1353.18,1352.31,52.44
jaro - 19,Monfort Blvd,Proper - 21,Fort San Pedro Dr - Muelle Loney St,4500.0,1.0946,Gen Luna St 3,Proper - 8,Proper - 9,1140.58,1138.03,152.79
jaro - 19,Monfort Blvd,Proper - 21,Fort San Pedro Dr - Muelle Loney St,4500.0,1.0946,Blumentritt 1 (Rev),Proper - 18,Proper - 17,1140.58,1132.56,480.84
jaro - 19,Monfort Blvd,Proper - 21,Fort San Pedro Dr - Muelle Loney St,4500.0,1.0946,Luna St (Rev),jaro - 1,lapaz - 3,1140.58,1137.54,182.16
jaro - 19,Monfort Blvd,Proper - 21,Fort San Pedro Dr - Muelle Loney St,4500.0,1.0946,E Lopez St (Rev),jaro - 4,jaro - 1,1140.58,1137.54,182.16
jaro - 19,Monfort Blvd,Proper - 21,Fort San Pedro Dr - Muelle Loney St,4500.0,1.0946,El 98 St - Plaza Rizal St - E Lopez St,jaro - 7,jaro - 4,1140.58,1137.54,182.16
jaro - 19,Monfort Blvd,Proper - 22,Fort San Pedro Dr - General Hughes St,4500.0,1.0314,Ruperto Montinola St 1,Proper - 8,Proper - 10,1136.34,1121.8,871.9
jaro - 19,Monfort Blvd,Proper - 22,Fort San Pedro Dr - General Hughes St,4500.0,1.0314,Gen Luna St 3 (Rev),Proper - 9,Proper - 8,1136.34,1135.94,23.57
jaro - 19,Monfort Blvd,Proper - 22,Fort San Pedro Dr - General Hughes St,4500.0,1.0314,Ruperto Montinola St 2,Proper - 10,Proper - 11,1136.34,1122.46,832.38
jaro - 19,Monfort Blvd,Proper - 22,Fort San Pedro Dr - General Hughes St,4500.0,1.0314,JM Basa St 1,Proper - 11,Proper - 13,1136.34,1109.08,1635.06
jaro - 19,Monfort Blvd,Proper - 22,Fort San Pedro Dr - General Hughes St,4500.0,1.0314,JM Basa St 2,Proper - 13,Proper - 14,1136.34,1100.13,2172.06
jaro - 19,Monfort Blvd,mandurriao - 4,R Mapa St - Mandurriao - Jaro Rd,3500.0,1.0809,Commission Civil St,jaro - 2,jaro - 5,815.98,809.8,370.63
jaro - 19,Monfort Blvd,mandurriao - 4,R Mapa St - Mandurriao - Jaro Rd,3500.0,1.0809,Commission Civil St - Plaza Rizal St - Iloilo-Capiz Rd,jaro - 5,jaro - 6,815.98,809.8,370.63
jaro - 19,Monfort Blvd,mandurriao - 4,R Mapa St - Mandurriao - Jaro Rd,3500.0,1.0809,Burgos St,lapaz - 7,jaro - 2,815.98,809.8,370.63
jaro - 19,Monfort Blvd,mandurriao - 6,R Mapa St - Donato Pison Ave,2000.0,1.0474,Luna St - Esplanade 5,lapaz - 1,lapaz - 10,431.17,430.92,15.05
jaro - 19,Monfort Blvd,mandurriao - 6,R Mapa St - Donato Pison Ave,2000.0,1.0474,Rizal St - Luna St,lapaz - 2,lapaz - 3,431.17,430.92,15.05
jaro - 19,Monfort Blvd,mandurriao - 6,R Mapa St - Donato Pison Ave,2000.0,1.0474,Luna St - Huervana St,lapaz - 3,lapaz - 1,431.17,430.92,15.05
jaro - 19,Monfort Blvd,mandurriao - 6,R Mapa St - Donato Pison Ave,2000.0,1.0474,Bonifacio Drive (Rev),lapaz - 10,Proper - 7,431.17,430.92,15.05
jaro - 19,Monfort Blvd,jaro - 15,Iloilo Circumferential Rd 1 - Iloilo Radial By-Pass Rd 4,4500.0,1.0776,Iloilo-Capiz Rd - Buhang Flyover (Rev),jaro - 12,jaro - 14,1204.32,1174.2,1806.88
jaro - 19,Monfort Blvd,jaro - 16,Old Lopez Jaena St - Old Iloilo-Capiz Rd,1500.0,1.0567,Old Lopez Jaena St - Old Iloilo-Capiz Rd,jaro - 18,jaro - 17,286.29,286.28,0.64
jaro - 19,Monfort Blvd,jaro - 24,Old Iloilo-Capiz Rd - Pavia,1500.0,1.0543,Old Lopez Jaena St - Old Iloilo-Capiz Rd,jaro - 18,jaro - 17,298.1,298.09,0.64
jaro - 19,Monfort Blvd,lapaz - 1,Luna St - Huervana St,4500.0,1.1436,Rizal St - Luna St,lapaz - 2,lapaz - 3,782.02,766.86,909.74
jaro - 19,Monfort Blvd,lapaz - 10,Luna St - Taytay Forbes,4500.0,1.1679,Rizal St - Luna St,lapaz - 2,lapaz - 3,810.26,779.8,1827.64
jaro - 19,Monfort Blvd,lapaz - 10,Luna St - Taytay Forbes,4500.0,1.1679,Huervana St - Burgos St (Rev),lapaz - 4,lapaz - 2,810.26,808.55,102.55
jaro - 19,Monfort Blvd,lapaz - 10,Luna St - Taytay Forbes,4500.0,1.1679,Jereos St - Huervana Ext,lapaz - 5,lapaz - 6,810.26,808.55,102.55
jaro - 19,Monfort Blvd,lapaz - 10,Luna St - Taytay Forbes,4500.0,1.1679,Huervana Ext,lapaz - 6,lapaz - 7,810.26,808.55,102.55
jaro - 19,Monfort Blvd,lapaz - 10,Luna St - Taytay Forbes,4500.0,1.1679,Burgos St - Huervana St,lapaz - 7,lapaz - 4,810.26,808.55,102.55
jaro - 19,Monfort Blvd,lapaz - 10,Luna St - Taytay Forbes,4500.0,1.1679,Lopez Jaena St (Rev),lapaz - 8,lapaz - 5,810.26,808.55,102.55
jaro - 19,Monfort Blvd,lapaz - 10,Luna St - Taytay Forbes,4500.0,1.1679,Baldoza St (Rev),lapaz - 9,lapaz - 8,810.26,808.55,102.55
jaro - 19,Monfort Blvd,lapuz - 4,Rizal St - New Iloilo Ferry Terminal Access Rd,5000.0,1.2098,Huervana St - Rizal St,lapaz - 1,lapaz - 2,1035.74,1034.63,66.57
jaro - 19,Monfort Blvd,lapuz - 5,New Iloilo Ferry Terminal Access Rd,5000.0,1.1813,Huervana St - Rizal St,lapaz - 1,lapaz - 2,1170.03,1168.92,66.57
jaro - 20,Coastal Rd - Leganes,Proper - 17,Dela Rama St - Blumentritt,4500.0,1.0103,Gen Luna St 2,Proper - 7,Proper - 8,1822.34,1819.0,200.73
jaro - 20,Coastal Rd - Leganes,Proper - 17,Dela Rama St - Blumentritt,4500.0,1.0103,Ruperto Montinola St 1,Proper - 8,Proper - 10,1822.34,1810.18,729.56
jaro - 20,Coastal Rd - Leganes,Proper - 17,Dela Rama St - Blumentritt,4500.0,1.0103,Gen Luna St 3 (Rev),Proper - 9,Proper - 8,1822.34,1821.93,24.86
jaro - 20,Coastal Rd - Leganes,Proper - 17,Dela Rama St - Blumentritt,4500.0,1.0103,JM Basa St 1,Proper - 11,Proper - 13,1822.34,1803.72,1117.29
jaro - 20,Coastal Rd - Leganes,Proper - 17,Dela Rama St - Blumentritt,4500.0,1.0103,Luna St - Esplanade 5,lapaz - 1,lapaz - 10,1822.34,1819.0,200.73
jaro - 20,Coastal Rd - Leganes,Proper - 17,Dela Rama St - Blumentritt,4500.0,1.0103,Rizal St - Luna St,lapaz - 2,lapaz - 3,1822.34,1815.69,399.15
jaro - 20,Coastal Rd - Leganes,Proper - 17,Dela Rama St - Blumentritt,4500.0,1.0103,Luna St - Huervana St,lapaz - 3,lapaz - 1,1822.34,1819.0,200.73
jaro - 20,Coastal Rd - Leganes,Proper - 17,Dela Rama St - Blumentritt,4500.0,1.0103,Bonifacio Drive (Rev),lapaz - 10,Proper - 7,1822.34,1819.0,200.73
jaro - 20,Coastal Rd - Leganes,Proper - 19,Muelle Loney St - Blumentritt Right,3500.0,1.0257,Ruperto Montinola St 1,Proper - 8,Proper - 10,1121.99,1119.16,169.61
jaro - 20,Coastal Rd - Leganes,Proper - 19,Muelle Loney St - Blumentritt Right,3500.0,1.0257,Blumentritt 1 (Rev),Proper - 18,Proper - 17,1121.99,1119.29,161.93
jaro - 20,Coastal Rd - Leganes,Proper - 19,Muelle Loney St - Blumentritt Right,3500.0,1.0257,Rizal St - Huervana St,lapaz - 2,lapuz - 2,1121.99,1121.43,33.77
jaro - 20,Coastal Rd - Leganes,Proper - 21,Fort San Pedro Dr - Muelle Loney St,3500.0,1.0372,Ruperto Montinola St 1,Proper - 8,Proper - 10,1142.3,1142.05,14.59
jaro - 20,Coastal Rd - Leganes,Proper - 21,Fort San Pedro Dr - Muelle Loney St,3500.0,1.0372,Gen Luna St 3 (Rev),Proper - 9,Proper - 8,1142.3,1140.83,88.29
jaro - 20,Coastal Rd - Leganes,Proper - 21,Fort San Pedro Dr - Muelle Loney St,3500.0,1.0372,Luna St (Rev),jaro - 1,lapaz - 3,1142.3,1141.62,40.82
jaro - 20,Coastal Rd - Leganes,Proper - 21,Fort San Pedro Dr - Muelle Loney St,3500.0,1.0372,E Lopez St (Rev),jaro - 4,jaro - 1,1142.3,1141.62,40.82
jaro - 20,Coastal Rd - Leganes,Proper - 21,Fort San Pedro Dr - Muelle Loney St,3500.0,1.0372,El 98 St - Plaza Rizal St - E Lopez St,jaro - 7,jaro - 4,1142.3,1141.62,40.82
jaro - 20,Coastal Rd - Leganes,jaro - 16,Old Lopez Jaena St - Old Iloilo-Capiz Rd,2000.0,1.015,Old Lopez Jaena St - Old Iloilo-Capiz Rd,jaro - 18,jaro - 17,457.28,457.24,2.38
jaro - 20,Coastal Rd - Leganes,jaro - 24,Old Iloilo-Capiz Rd - Pavia,2000.0,1.0145,Old Lopez Jaena St - Old Iloilo-Capiz Rd,jaro - 18,jaro - 17,473.09,473.06,2.38
jaro - 21,Iloilo R4 Rd - Leganes,jaro - 16,Old Lopez Jaena St - Old Iloilo-Capiz Rd,3000.0,1.0327,Old Lopez Jaena St - Old Iloilo-Capiz Rd,jaro - 18,jaro - 17,856.52,856.32,12.56
jaro - 21,Iloilo R4 Rd - Leganes,jaro - 24,Old Iloilo-Capiz Rd - Pavia,3000.0,1.0317,Old Lopez Jaena St - Old Iloilo-Capiz Rd,jaro - 18,jaro - 17,880.86,880.65,12.56
jaro - 22,Iloilo Radial By-Pass Rd 4 - Leganes,jaro - 16,Old Lopez Jaena St - Old Iloilo-Capiz Rd,2500.0,1.0303,Old Lopez Jaena St - Old Iloilo-Capiz Rd,jaro - 18,jaro - 17,695.4,695.38,0.91
jaro - 22,Iloilo Radial By-Pass Rd 4 - Leganes,jaro - 24,Old Iloilo-Capiz Rd - Pavia,2500.0,1.0294,Old Lopez Jaena St - Old Iloilo-Capiz Rd,jaro - 18,jaro - 17,715.35,715.33,0.91
jaro - 23,Iloilo Circumferential Rd 1 - Pavia,jaro - 16,Old Lopez Jaena St - Old Iloilo-Capiz Rd,2500.0,1.0303,Old Lopez Jaena St - Old Iloilo-Capiz Rd,jaro - 18,jaro - 17,695.4,695.38,0.91
jaro - 23,Iloilo Circumferential Rd 1 - Pavia,jaro - 24,Old Iloilo-Capiz Rd - Pavia,2500.0,1.0294,Old Lopez Jaena St - Old Iloilo-Capiz Rd,jaro - 18,jaro - 17,715.35,715.33,0.91
jaro - 24,Old Iloilo-Capiz Rd - Pavia,Molo - 4,Locsin St. - M.H Del Pilar St. 2,7000.0,1.0638,El 98 St,jaro - 7,mandurriao - 1,1726.4,1696.06,1820.36
jaro - 24,Old Iloilo-Capiz Rd - Pavia,Molo - 5,Locsin St. - Timawa St.,7000.0,1.0738,El 98 St,jaro - 7,mandurriao - 1,1785.12,1770.2,894.92
jaro - 24,Old Iloilo-Capiz Rd - Pavia,Molo - 6,Locsin St. - Baluarte - Calumpag - Villa - Oton Blvd,7500.0,1.0528,Rotunda,Molo - 7,Molo - 8,2136.44,2115.09,1280.53
jaro - 24,Old Iloilo-Capiz Rd - Pavia,Molo - 6,Locsin St. - Baluarte - Calumpag - Villa - Oton Blvd,7500.0,1.0528,Gen Luna - Molo Connect,Proper - 1,Molo - 7,2136.44,2115.09,1280.53
jaro - 24,Old Iloilo-Capiz Rd - Pavia,Molo - 6,Locsin St. - Baluarte - Calumpag - Villa - Oton Blvd,7500.0,1.0528,El 98 St,jaro - 7,mandurriao - 1,2136.44,2079.51,3415.51
jaro - 24,Old Iloilo-Capiz Rd - Pavia,Proper - 11,Ledesma St - Ruperto Montinola St,4000.0,1.0124,Gen Luna St 1,Proper - 1,Proper - 7,689.61,682.51,425.93
jaro - 24,Old Iloilo-Capiz Rd - Pavia,Proper - 11,Ledesma St - Ruperto Montinola St,4000.0,1.0124,Delgado St,Proper - 2,Proper - 10,689.61,688.62,59.82
jaro - 24,Old Iloilo-Capiz Rd - Pavia,Proper - 17,Dela Rama St - Blumentritt,4500.0,1.0491,Gen Luna St 1,Proper - 1,Proper - 7,1018.09,1014.49,215.95
jaro - 24,Old Iloilo-Capiz Rd - Pavia,Proper - 19,Muelle Loney St - Blumentritt Right,4000.0,1.0467,Ruperto Montinola St 1,Proper - 8,Proper - 10,883.08,882.61,27.79
jaro - 24,Old Iloilo-Capiz Rd - Pavia,Proper - 19,Muelle Loney St - Blumentritt Right,4000.0,1.0467,Blumentritt 1 (Rev),Proper - 18,Proper - 17,883.08,881.72,81.05
jaro - 24,Old Iloilo-Capiz Rd - Pavia,lapaz - 3,Luna St - Luna St,5000.0,1.0365,Luna St - Huervana St (Rev),lapaz - 1,lapaz - 3,797.56,790.33,433.78
jaro - 24,Old Iloilo-Capiz Rd - Pavia,lapaz - 8,Lopez Jaena St - Baldoza St,5000.0,1.094,Bonifacio Drive,Proper - 7,lapaz - 10,1171.27,1137.48,2027.52
jaro - 24,Old Iloilo-Capiz Rd - Pavia,lapaz - 8,Lopez Jaena St - Baldoza St,5000.0,1.094,Luna St (Rev),jaro - 1,lapaz - 3,1171.27,1159.96,678.61
jaro - 24,Old Iloilo-Capiz Rd - Pavia,lapaz - 8,Lopez Jaena St - Baldoza St,5000.0,1.094,Burgos St (Rev),jaro - 2,lapaz - 7,1171.27,1166.29,299.32
jaro - 24,Old Iloilo-Capiz Rd - Pavia,lapaz - 8,Lopez Jaena St - Baldoza St,5000.0,1.094,E Lopez St (Rev),jaro - 4,jaro - 1,1171.27,1159.96,678.61
jaro - 24,Old Iloilo-Capiz Rd - Pavia,lapaz - 8,Lopez Jaena St - Baldoza St,5000.0,1.094,E Lopez St - Plaza Rizal St - Commission Civil St,jaro - 4,jaro - 5,1171.27,1166.29,299.32
jaro - 24,Old Iloilo-Capiz Rd - Pavia,lapaz - 8,Lopez Jaena St - Baldoza St,5000.0,1.094,Commission Civil St (Rev),jaro - 5,jaro - 2,1171.27,1166.29,299.32
jaro - 24,Old Iloilo-Capiz Rd - Pavia,lapaz - 8,Lopez Jaena St - Baldoza St,5000.0,1.094,Iloilo-Capiz Rd - Plaza Rizal St - El 98 St,jaro - 6,jaro - 7,1171.27,1132.48,2327.85
jaro - 24,Old Iloilo-Capiz Rd - Pavia,lapaz - 8,Lopez Jaena St - Baldoza St,5000.0,1.094,Huervana St - Rizal St,lapaz - 1,lapaz - 2,1171.27,1166.24,302.15
jaro - 24,Old Iloilo-Capiz Rd - Pavia,lapaz - 8,Lopez Jaena St - Baldoza St,5000.0,1.094,Luna St - Huervana St,lapaz - 3,lapaz - 1,1171.27,1159.96,678.61
jaro - 24,Old Iloilo-Capiz Rd - Pavia,lapaz - 8,Lopez Jaena St - Baldoza St,5000.0,1.094,Burgos St - Huervana St,lapaz - 7,lapaz - 4,1171.27,1166.29,299.32
jaro - 24,Old Iloilo-Capiz Rd - Pavia,lapaz - 8,Lopez Jaena St - Baldoza St,5000.0,1.094,Luna St - Esplanade 5 (Rev),lapaz - 10,lapaz - 1,1171.27,1137.48,2027.52
jaro - 24,Old Iloilo-Capiz Rd - Pavia,lapaz - 9,Baldoza St - Monfort Blvd,3500.0,1.0504,Bonifacio Drive,Proper - 7,lapaz - 10,729.58,729.42,9.4
jaro - 24,Old Iloilo-Capiz Rd - Pavia,lapaz - 9,Baldoza St - Monfort Blvd,3500.0,1.0504,Plaza Rizal St - Balabago Rd,jaro - 6,jaro - 9,729.58,724.21,322.08
jaro - 24,Old Iloilo-Capiz Rd - Pavia,lapaz - 9,Baldoza St - Monfort Blvd,3500.0,1.0504,Iloilo-Capiz Rd - Plaza Rizal St - El 98 St,jaro - 6,jaro - 7,729.58,728.45,67.65
jaro - 24,Old Iloilo-Capiz Rd - Pavia,lapaz - 9,Baldoza St - Monfort Blvd,3500.0,1.0504,Balabago Rd,jaro - 9,jaro - 10,729.58,724.21,322.08
jaro - 24,Old Iloilo-Capiz Rd - Pavia,lapaz - 9,Baldoza St - Monfort Blvd,3500.0,1.0504,Iloilo-Capiz Rd - Iloilo Circumferential Rd 1 - Monfort Blvd,jaro - 10,jaro - 11,729.58,724.21,322.08
jaro - 24,Old Iloilo-Capiz Rd - Pavia,lapaz - 9,Baldoza St - Monfort Blvd,3500.0,1.0504,Lapaz - Monfort Blvd (Rev),jaro - 11,jaro - 19,729.58,724.21,322.08
jaro - 24,Old Iloilo-Capiz Rd - Pavia,lapaz - 9,Baldoza St - Monfort Blvd,3500.0,1.0504,Monfort Blvd (Rev),jaro - 19,lapaz - 9,729.58,724.21,322.08
jaro - 24,Old Iloilo-Capiz Rd - Pavia,lapaz - 9,Baldoza St - Monfort Blvd,3500.0,1.0504,Luna St - Esplanade 5 (Rev),lapaz - 10,lapaz - 1,729.58,729.42,9.4
lapaz - 1,Luna St - Huervana St,Molo - 4,Locsin St. - M.H Del Pilar St. 2,6000.0,1.1108,Locsin St (Rev),Molo - 6,Molo - 5,808.76,807.29,88.17
lapaz - 1,Luna St - Huervana St,Molo - 4,Locsin St. - M.H Del Pilar St. 2,6000.0,1.1108,Infante St 3,Proper - 3,Proper - 4,808.76,807.29,88.17
lapaz - 1,Luna St - Huervana St,Molo - 4,Locsin St. - M.H Del Pilar St. 2,6000.0,1.1108,Molo Blvd 2 (Rev),Proper - 4,Molo - 6,808.76,807.29,88.17
lapaz - 1,Luna St - Huervana St,Molo - 4,Locsin St. - M.H Del Pilar St. 2,6000.0,1.1108,Rizal St 1,Proper - 5,Proper - 3,808.76,807.29,88.17
lapaz - 1,Luna St - Huervana St,Molo - 4,Locsin St. - M.H Del Pilar St. 2,6000.0,1.1108,Rizal St 2 (Rev),Proper - 6,Proper - 5,808.76,807.29,88.17
lapaz - 1,Luna St - Huervana St,Molo - 4,Locsin St. - M.H Del Pilar St. 2,6000.0,1.1108,Ledesma St (Rev),Proper - 11,Proper - 6,808.76,807.29,88.17
lapaz - 1,Luna St - Huervana St,Molo - 5,Locsin St. - Timawa St.,6500.0,1.0493,M.H Del Pilar,Molo - 8,Molo - 9,880.51,880.34,9.94
lapaz - 1,Luna St - Huervana St,Molo - 5,Locsin St. - Timawa St.,6500.0,1.0493,M.H Del Pilar (Rev),Molo - 9,Molo - 4,880.51,880.34,9.94
lapaz - 1,Luna St - Huervana St,Molo - 5,Locsin St. - Timawa St.,6500.0,1.0493,Infante St 1,Proper - 1,Proper - 2,880.51,871.02,569.13
lapaz - 1,Luna St - Huervana St,Molo - 5,Locsin St. - Timawa St.,6500.0,1.0493,Infante St 1 (Rev),Proper - 2,Proper - 1,880.51,859.35,1269.2
lapaz - 1,Luna St - Huervana St,Molo - 5,Locsin St. - Timawa St.,6500.0,1.0493,Gen Luna St 2 (Rev),Proper - 8,Proper - 7,880.51,863.54,1017.84
lapaz - 1,Luna St - Huervana St,Molo - 5,Locsin St. - Timawa St.,6500.0,1.0493,Ruperto Montinola St 2,Proper - 10,Proper - 11,880.51,857.13,1402.87
lapaz - 1,Luna St - Huervana St,Molo - 6,Locsin St. - Baluarte - Calumpag - Villa - Oton Blvd,3500.0,1.0833,Infante St 1,Proper - 1,Proper - 2,417.23,405.16,724.18
lapaz - 1,Luna St - Huervana St,Molo - 6,Locsin St. - Baluarte - Calumpag - Villa - Oton Blvd,3500.0,1.0833,Infante St 2,Proper - 2,Proper - 3,417.23,410.57,399.23
lapaz - 1,Luna St - Huervana St,Molo - 6,Locsin St. - Baluarte - Calumpag - Villa - Oton Blvd,3500.0,1.0833,Gen Luna St 2,Proper - 7,Proper - 8,417.23,412.79,266.14
lapaz - 1,Luna St - Huervana St,Molo - 9,M.H Del Pilar St. 2,4000.0,1.2114,Gen Luna St 2,Proper - 7,Proper - 8,509.89,509.77,7.48
lapaz - 1,Luna St - Huervana St,Molo - 10,M.H Del Pilar St. 2,4000.0,1.2103,Gen Luna St 2,Proper - 7,Proper - 8,512.1,511.97,7.48
lapaz - 1,Luna St - Huervana St,Proper - 2,Delgado St - Infante St,3500.0,1.0674,Gen Luna St 2,Proper - 7,Proper - 8,281.88,280.35,91.8
lapaz - 1,Luna St - Huervana St,Proper - 3,Rizal St - Infante St,3500.0,1.057,Gen Luna St 2,Proper - 7,Proper - 8,300.12,297.75,142.15
lapaz - 1,Luna St - Huervana St,Proper - 5,Baluarte - Calumpang - Villa - Oton Blvd - Rizal St,3500.0,1.0749,Gen Luna St 2,Proper - 7,Proper - 8,319.11,293.83,1516.83
lapaz - 1,Luna St - Huervana St,Proper - 5,Baluarte - Calumpang - Villa - Oton Blvd - Rizal St,3500.0,1.0749,Ruperto Montinola St 1,Proper - 8,Proper - 10,319.11,318.87,14.06
lapaz - 1,Luna St - Huervana St,Proper - 5,Baluarte - Calumpang - Villa - Oton Blvd - Rizal St,3500.0,1.0749,Ruperto Montinola St 2,Proper - 10,Proper - 11,319.11,316.67,146.02
lapaz - 1,Luna St - Huervana St,Proper - 6,Ledesma St - Rizal St,3500.0,1.147,Gen Luna St 2,Proper - 7,Proper - 8,332.41,302.64,1786.58
lapaz - 1,Luna St - Huervana St,Proper - 6,Ledesma St - Rizal St,3500.0,1.147,Ruperto Montinola St 2,Proper - 10,Proper - 11,332.41,331.2,72.68
lapaz - 1,Luna St - Huervana St,Proper - 11,Ledesma St - Ruperto Montinola St,8500.0,1.4744,Gen Luna St 3 (Rev),Proper - 9,Proper - 8,1279.47,1242.47,2220.32
lapaz - 1,Luna St - Huervana St,Proper - 12,Arroyo St - Muelle Loney St,10000.0,1.3281,Gen Luna St 3 (Rev),Proper - 9,Proper - 8,2170.39,1906.09,15857.86
lapaz - 1,Luna St - Huervana St,Proper - 17,Dela Rama St - Blumentritt,8500.0,1.1886,Gen Luna St 3,Proper - 8,Proper - 9,2061.92,2051.08,650.62
lapaz - 1,Luna St - Huervana St,Proper - 17,Dela Rama St - Blumentritt,8500.0,1.1886,Gen Luna St 3 (Rev),Proper - 9,Proper - 8,2061.92,1971.69,5413.76
lapaz - 1,Luna St - Huervana St,Proper - 17,Dela Rama St - Blumentritt,8500.0,1.1886,Arroyo St (Rev),Proper - 11,Proper - 12,2061.92,2058.01,234.76
lapaz - 1,Luna St - Huervana St,Proper - 18,Muelle Loney St - Blumentritt Left,9000.0,1.2368,Gen Luna St 3,Proper - 8,Proper - 9,2182.25,2172.51,584.02
lapaz - 1,Luna St - Huervana St,Proper - 18,Muelle Loney St - Blumentritt Left,9000.0,1.2368,Gen Luna St 3 (Rev),Proper - 9,Proper - 8,2182.25,2119.85,3743.78
lapaz - 1,Luna St - Huervana St,Proper - 19,Muelle Loney St - Blumentritt Right,5500.0,1.036,Gen Luna St 3,Proper - 8,Proper - 9,660.91,649.42,689.03
lapaz - 1,Luna St - Huervana St,Proper - 19,Muelle Loney St - Blumentritt Right,5500.0,1.036,Arroyo St (Rev),Proper - 11,Proper - 12,660.91,656.37,272.25
lapaz - 1,Luna St - Huervana St,Proper - 19,Muelle Loney St - Blumentritt Right,5500.0,1.036,Arroyo St,Proper - 12,Proper - 11,660.91,660.55,21.26
lapaz - 1,Luna St - Huervana St,Proper - 19,Muelle Loney St - Blumentritt Right,5500.0,1.036,Blumentritt 1,Proper - 17,Proper - 18,660.91,656.31,275.68
lapaz - 1,Luna St - Huervana St,Proper - 19,Muelle Loney St - Blumentritt Right,5500.0,1.036,Blumentritt 1 (Rev),Proper - 18,Proper - 17,660.91,652.95,477.3
lapaz - 1,Luna St - Huervana St,Proper - 21,Fort San Pedro Dr - Muelle Loney St,8500.0,1.0601,Gen Luna St 3 (Rev),Proper - 9,Proper - 8,2149.68,2052.76,5815.06
lapaz - 1,Luna St - Huervana St,mandurriao - 2,Mandurriao - Jaro Rd - Mandurriao - Sn Miguel Rd,4000.0,1.1486,Old Iloilo - Capiz Rd (Rev),Proper - 1,mandurriao - 1,627.24,612.53,882.77
lapaz - 1,Luna St - Huervana St,mandurriao - 3,Mandurriao - Sn Miguel Rd - R Mapa St,4000.0,1.0246,Old Iloilo - Capiz Rd (Rev),Proper - 1,mandurriao - 1,703.78,689.07,882.77
lapaz - 1,Luna St - Huervana St,mandurriao - 6,R Mapa St - Donato Pison Ave,2500.0,1.1894,Rotunda,Molo - 7,Molo - 8,407.52,405.89,97.6
lapaz - 1,Luna St - Huervana St,mandurriao - 6,R Mapa St - Donato Pison Ave,2500.0,1.1894,Gen Luna - Molo Connect,Proper - 1,Molo - 7,407.52,405.89,97.6
lapaz - 1,Luna St - Huervana St,jaro - 5,Plaza Rizal St - Commission Civil St,5500.0,1.2087,Luna St - Huervana St (Rev),lapaz - 1,lapaz - 3,545.84,545.43,24.41
lapaz - 1,Luna St - Huervana St,jaro - 5,Plaza Rizal St - Commission Civil St,5500.0,1.2087,Rizal St - Luna St,lapaz - 2,lapaz - 3,545.84,545.42,25.31
lapaz - 2,Rizal St - Luna St,Molo - 3,Locsin St - San Marcos St.,6000.0,1.0773,Gen Luna St 2 (Rev),Proper - 8,Proper - 7,797.13,796.27,51.71
lapaz - 2,Rizal St - Luna St,Molo - 5,Locsin St. - Timawa St.,5500.0,1.0311,Infante St 1,Proper - 1,Proper - 2,701.12,695.54,335.08
lapaz - 2,Rizal St - Luna St,Molo - 6,Locsin St. - Baluarte - Calumpag - Villa - Oton Blvd,3000.0,1.0373,Infante St 1,Proper - 1,Proper - 2,343.96,342.65,78.58
lapaz - 2,Rizal St - Luna St,Molo - 6,Locsin St. - Baluarte - Calumpag - Villa - Oton Blvd,3000.0,1.0373,Infante St 2,Proper - 2,Proper - 3,343.96,341.64,139.34
lapaz - 2,Rizal St - Luna St,Molo - 10,M.H Del Pilar St. 2,4000.0,1.1453,Gen Luna St 2 (Rev),Proper - 8,Proper - 7,504.71,504.44,15.71
lapaz - 2,Rizal St - Luna St,Proper - 4,Baluarte - Calumpang - Villa - Oton Blvd - Infante St,6000.0,1.0988,Infante St 1,Proper - 1,Proper - 2,886.12,859.45,1600.03
lapaz - 2,Rizal St - Luna St,Proper - 4,Baluarte - Calumpang - Villa - Oton Blvd - Infante St,6000.0,1.0988,Ruperto Montinola St 2,Proper - 10,Proper - 11,886.12,864.87,1274.67
lapaz - 2,Rizal St - Luna St,Proper - 5,Baluarte - Calumpang - Villa - Oton Blvd - Rizal St,2500.0,1.0502,Gen Luna St 2,Proper - 7,Proper - 8,220.67,218.14,151.83
lapaz - 2,Rizal St - Luna St,Proper - 5,Baluarte - Calumpang - Villa - Oton Blvd - Rizal St,2500.0,1.0502,Ruperto Montinola St 1,Proper - 8,Proper - 10,220.67,218.89,107.31
lapaz - 2,Rizal St - Luna St,Proper - 5,Baluarte - Calumpang - Villa - Oton Blvd - Rizal St,2500.0,1.0502,Ruperto Montinola St 2,Proper - 10,Proper - 11,220.67,218.89,107.31
lapaz - 2,Rizal St - Luna St,Proper - 6,Ledesma St - Rizal St,3500.0,1.0979,Gen Luna St 2,Proper - 7,Proper - 8,335.42,328.8,397.04
lapaz - 2,Rizal St - Luna St,Proper - 6,Ledesma St - Rizal St,3500.0,1.0979,Gen Luna St 2 (Rev),Proper - 8,Proper - 7,335.42,334.68,44.39
lapaz - 2,Rizal St - Luna St,Proper - 6,Ledesma St - Rizal St,3500.0,1.0979,Ruperto Montinola St 1,Proper - 8,Proper - 10,335.42,334.4,61.35
lapaz - 2,Rizal St - Luna St,Proper - 6,Ledesma St - Rizal St,3500.0,1.0979,Ruperto Montinola St 2,Proper - 10,Proper - 11,335.42,334.4,61.35
lapaz - 2,Rizal St - Luna St,Proper - 11,Ledesma St - Ruperto Montinola St,8500.0,1.4547,Gen Luna St 3 (Rev),Proper - 9,Proper - 8,1336.77,1298.62,2289.14
lapaz - 2,Rizal St - Luna St,Proper - 11,Ledesma St - Ruperto Montinola St,8500.0,1.4547,Arroyo St,Proper - 12,Proper - 11,1336.77,1330.35,385.58
lapaz - 2,Rizal St - Luna St,Proper - 12,Arroyo St - Muelle Loney St,9500.0,1.2897,Gen Luna St 3,Proper - 8,Proper - 9,1910.13,1899.17,657.28
lapaz - 2,Rizal St - Luna St,Proper - 13,JM Basa St - De la Rama St,7500.0,1.2586,Blumentritt 1 (Rev),Proper - 18,Proper - 17,1255.5,1250.46,302.36
lapaz - 2,Rizal St - Luna St,Proper - 14,JM Basa St - Rizal St,5500.0,1.0699,Gen Luna St 3 (Rev),Proper - 9,Proper - 8,698.93,697.93,60.03
lapaz - 2,Rizal St - Luna St,Proper - 15,General Hughes St - Duran St,4000.0,1.1581,Gen Luna St 3 (Rev),Proper - 9,Proper - 8,451.79,449.57,132.96
lapaz - 2,Rizal St - Luna St,Proper - 15,General Hughes St - Duran St,4000.0,1.1581,Arroyo St,Proper - 12,Proper - 11,451.79,451.71,4.44
lapaz - 2,Rizal St - Luna St,Proper - 17,Dela Rama St - Blumentritt,8500.0,1.2009,Arroyo St (Rev),Proper - 11,Proper - 12,2118.32,2116.33,119.26
lapaz - 2,Rizal St - Luna St,Proper - 17,Dela Rama St - Blumentritt,8500.0,1.2009,JM Basa St 2,Proper - 13,Proper - 14,2118.32,2061.11,3432.22
lapaz - 2,Rizal St - Luna St,Proper - 17,Dela Rama St - Blumentritt,8500.0,1.2009,Muelle Loney St 3,Proper - 18,Proper - 19,2118.32,2101.27,1022.47
lapaz - 2,Rizal St - Luna St,Proper - 18,Muelle Loney St - Blumentritt Left,8500.0,1.2128,Arroyo St (Rev),Proper - 11,Proper - 12,1906.43,1888.36,1084.11
lapaz - 2,Rizal St - Luna St,Proper - 19,Muelle Loney St - Blumentritt Right,8000.0,1.0867,Gen Luna St 3,Proper - 8,Proper - 9,1620.04,1619.28,45.5
lapaz - 2,Rizal St - Luna St,Proper - 19,Muelle Loney St - Blumentritt Right,8000.0,1.0867,Blumentritt 1,Proper - 17,Proper - 18,1620.04,1613.72,378.81
lapaz - 2,Rizal St - Luna St,Proper - 21,Fort San Pedro Dr - Muelle Loney St,8000.0,1.0695,Gen Luna St 3 (Rev),Proper - 9,Proper - 8,1825.8,1824.09,102.58
lapaz - 2,Rizal St - Luna St,Proper - 21,Fort San Pedro Dr - Muelle Loney St,8000.0,1.0695,Blumentritt 1,Proper - 17,Proper - 18,1825.8,1822.28,211.17
lapaz - 2,Rizal St - Luna St,mandurriao - 2,Mandurriao - Jaro Rd - Mandurriao - Sn Miguel Rd,4000.0,1.0993,Old Iloilo - Capiz Rd (Rev),Proper - 1,mandurriao - 1,643.03,639.87,189.55
lapaz - 2,Rizal St - Luna St,mandurriao - 3,Mandurriao - Sn Miguel Rd - R Mapa St,4000.0,1.0878,Old Iloilo - Capiz Rd (Rev),Proper - 1,mandurriao - 1,719.57,716.41,189.55
lapaz - 2,Rizal St - Luna St,mandurriao - 6,R Mapa St - Donato Pison Ave,2500.0,1.1473,Luna St - Esplanade 5,lapaz - 1,lapaz - 10,407.09,406.99,5.93
lapaz - 2,Rizal St - Luna St,mandurriao - 6,R Mapa St - Donato Pison Ave,2500.0,1.1473,Luna St - Huervana St,lapaz - 3,lapaz - 1,407.09,406.99,5.93
lapaz - 2,Rizal St - Luna St,mandurriao - 6,R Mapa St - Donato Pison Ave,2500.0,1.1473,Bonifacio Drive (Rev),lapaz - 10,Proper - 7,407.09,406.99,5.93
lapaz - 2,Rizal St - Luna St,jaro - 13,Buhang Flyover,2500.0,1.0178,Iloilo-Capiz Rd - Buhang Flyover (Rev),jaro - 12,jaro - 14,357.65,354.59,183.59
lapaz - 2,Rizal St - Luna St,jaro - 15,Iloilo Circumferential Rd 1 - Iloilo Radial By-Pass Rd 4,2500.0,1.0156,Iloilo-Capiz Rd - Buhang Flyover (Rev),jaro - 12,jaro - 14,406.76,403.7,183.59
lapaz - 2,Rizal St - Luna St,jaro - 16,Old Lopez Jaena St - Old Iloilo-Capiz Rd,5000.0,1.0584,Old Lopez Jaena St - Old Iloilo-Capiz Rd,jaro - 18,jaro - 17,819.16,819.11,3.13
lapaz - 2,Rizal St - Luna St,jaro - 18,Old Lopez Jaena St - Iloilo-Capiz Rd,5000.0,1.0375,Luna St - Esplanade 5,lapaz - 1,lapaz - 10,809.61,805.57,242.57
lapaz - 2,Rizal St - Luna St,jaro - 18,Old Lopez Jaena St - Iloilo-Capiz Rd,5000.0,1.0375,Luna St - Huervana St,lapaz - 3,lapaz - 1,809.61,805.57,242.57
lapaz - 2,Rizal St - Luna St,jaro - 18,Old Lopez Jaena St - Iloilo-Capiz Rd,5000.0,1.0375,Bonifacio Drive (Rev),lapaz - 10,Proper - 7,809.61,805.57,242.57
lapaz - 2,Rizal St - Luna St,jaro - 24,Old Iloilo-Capiz Rd - Pavia,5000.0,1.055,Old Lopez Jaena St - Old Iloilo-Capiz Rd,jaro - 18,jaro - 17,868.27,868.22,3.13
lapaz - 3,Luna St - Luna St,Molo - 5,Locsin St. - Timawa St.,5000.0,1.1008,Gen Luna St 1 (Rev),Proper - 7,Proper - 1,676.65,664.08,754.15
lapaz - 3,Luna St - Luna St,Molo - 5,Locsin St. - Timawa St.,5000.0,1.1008,Gen Luna St 2,Proper - 7,Proper - 8,676.65,675.6,63.0
lapaz - 3,Luna St - Luna St,Molo - 5,Locsin St. - Timawa St.,5000.0,1.1008,Ruperto Montinola St 1,Proper - 8,Proper - 10,676.65,675.03,97.03
lapaz - 3,Luna St - Luna St,Molo - 5,Locsin St. - Timawa St.,5000.0,1.1008,Gen Luna St 3 (Rev),Proper - 9,Proper - 8,676.65,674.74,114.9
lapaz - 3,Luna St - Luna St,Molo - 5,Locsin St. - Timawa St.,5000.0,1.1008,Delgado St (Rev),Proper - 10,Proper - 2,676.65,664.37,736.97
lapaz - 3,Luna St - Luna St,Molo - 6,Locsin St. - Baluarte - Calumpag - Villa - Oton Blvd,5000.0,1.0976,Timawa St (Rev),Proper - 2,Molo - 5,719.95,716.63,199.17
lapaz - 3,Luna St - Luna St,Molo - 6,Locsin St. - Baluarte - Calumpag - Villa - Oton Blvd,5000.0,1.0976,Ruperto Montinola St 1,Proper - 8,Proper - 10,719.95,718.67,76.49
lapaz - 3,Luna St - Luna St,Molo - 6,Locsin St. - Baluarte - Calumpag - Villa - Oton Blvd,5000.0,1.0976,Gen Luna St 3 (Rev),Proper - 9,Proper - 8,719.95,709.44,630.38
lapaz - 3,Luna St - Luna St,Molo - 6,Locsin St. - Baluarte - Calumpag - Villa - Oton Blvd,5000.0,1.0976,Delgado St (Rev),Proper - 10,Proper - 2,719.95,716.45,209.94
lapaz - 3,Luna St - Luna St,Proper - 2,Delgado St - Infante St,3500.0,1.0607,Gen Luna St 2,Proper - 7,Proper - 8,311.05,309.52,91.8
lapaz - 3,Luna St - Luna St,Proper - 3,Rizal St - Infante St,3500.0,1.0511,Gen Luna St 2,Proper - 7,Proper - 8,329.08,326.92,129.6
lapaz - 3,Luna St - Luna St,Proper - 4,Baluarte - Calumpang - Villa - Oton Blvd - Infante St,5500.0,1.2003,Gen Luna St 1 (Rev),Proper - 7,Proper - 1,814.14,800.26,832.57
lapaz - 3,Luna St - Luna St,Proper - 4,Baluarte - Calumpang - Villa - Oton Blvd - Infante St,5500.0,1.2003,Gen Luna St 3 (Rev),Proper - 9,Proper - 8,814.14,810.57,214.08
lapaz - 3,Luna St - Luna St,Proper - 4,Baluarte - Calumpang - Villa - Oton Blvd - Infante St,5500.0,1.2003,Huervana St - Rizal St,lapaz - 1,lapaz - 2,814.14,811.56,154.8
lapaz - 3,Luna St - Luna St,Proper - 4,Baluarte - Calumpang - Villa - Oton Blvd - Infante St,5500.0,1.2003,Rizal St - Huervana St,lapaz - 2,lapuz - 2,814.14,811.56,154.8
lapaz - 3,Luna St - Luna St,Proper - 4,Baluarte - Calumpang - Villa - Oton Blvd - Infante St,5500.0,1.2003,Quirino - Lopez Bridge (Rev),lapuz - 2,Proper - 9,814.14,811.56,154.8
lapaz - 3,Luna St - Luna St,Proper - 5,Baluarte - Calumpang - Villa - Oton Blvd - Rizal St,5000.0,1.0525,Gen Luna St 1 (Rev),Proper - 7,Proper - 1,602.98,595.08,473.72
lapaz - 3,Luna St - Luna St,Proper - 5,Baluarte - Calumpang - Villa - Oton Blvd - Rizal St,5000.0,1.0525,Gen Luna St 2,Proper - 7,Proper - 8,602.98,599.25,223.91
lapaz - 3,Luna St - Luna St,Proper - 5,Baluarte - Calumpang - Villa - Oton Blvd - Rizal St,5000.0,1.0525,Gen Luna St 2 (Rev),Proper - 8,Proper - 7,602.98,580.75,1333.78
lapaz - 3,Luna St - Luna St,Proper - 5,Baluarte - Calumpang - Villa - Oton Blvd - Rizal St,5000.0,1.0525,Gen Luna St 3 (Rev),Proper - 9,Proper - 8,602.98,585.82,1029.66
lapaz - 3,Luna St - Luna St,Proper - 6,Ledesma St - Rizal St,6000.0,1.1616,Gen Luna St 1 (Rev),Proper - 7,Proper - 1,788.7,766.41,1337.73
lapaz - 3,Luna St - Luna St,Proper - 6,Ledesma St - Rizal St,6000.0,1.1616,Gen Luna St 2 (Rev),Proper - 8,Proper - 7,788.7,776.11,755.32
lapaz - 3,Luna St - Luna St,Proper - 6,Ledesma St - Rizal St,6000.0,1.1616,Gen Luna St 3 (Rev),Proper - 9,Proper - 8,788.7,773.54,909.74
lapaz - 3,Luna St - Luna St,Proper - 7,Gen Luna St - Bonifacio Dr,7500.0,1.5815,Gen Luna St 3 (Rev),Proper - 9,Proper - 8,992.51,989.95,153.56
lapaz - 3,Luna St - Luna St,Proper - 8,Gen Luna St - Ruperto Montinola St,8000.0,1.3794,Burgos St (Rev),jaro - 2,lapaz - 7,1139.43,1132.13,438.06
lapaz - 3,Luna St - Luna St,Proper - 8,Gen Luna St - Ruperto Montinola St,8000.0,1.3794,Commission Civil St (Rev),jaro - 5,jaro - 2,1139.43,1132.13,438.06
lapaz - 3,Luna St - Luna St,Proper - 8,Gen Luna St - Ruperto Montinola St,8000.0,1.3794,Huervana St - Burgos St (Rev),lapaz - 4,lapaz - 2,1139.43,1132.13,438.06
lapaz - 3,Luna St - Luna St,Proper - 8,Gen Luna St - Ruperto Montinola St,8000.0,1.3794,Burgos St - Huervana St,lapaz - 7,lapaz - 4,1139.43,1132.13,438.06
lapaz - 3,Luna St - Luna St,Proper - 9,Gen Luna St - Muelle Loney St,8000.0,1.3905,Burgos St (Rev),jaro - 2,lapaz - 7,1152.43,1144.4,482.11
lapaz - 3,Luna St - Luna St,Proper - 9,Gen Luna St - Muelle Loney St,8000.0,1.3905,Commission Civil St (Rev),jaro - 5,jaro - 2,1152.43,1144.4,482.11
lapaz - 3,Luna St - Luna St,Proper - 9,Gen Luna St - Muelle Loney St,8000.0,1.3905,Huervana St - Burgos St (Rev),lapaz - 4,lapaz - 2,1152.43,1144.4,482.11
lapaz - 3,Luna St - Luna St,Proper - 9,Gen Luna St - Muelle Loney St,8000.0,1.3905,Burgos St - Huervana St,lapaz - 7,lapaz - 4,1152.43,1144.4,482.11
lapaz - 3,Luna St - Luna St,Proper - 11,Ledesma St - Ruperto Montinola St,7000.0,1.2877,Gen Luna St 3 (Rev),Proper - 9,Proper - 8,1067.1,1059.65,447.16
lapaz - 3,Luna St - Luna St,Proper - 12,Arroyo St - Muelle Loney St,7500.0,1.3752,Ruperto Montinola St 1,Proper - 8,Proper - 10,1391.72,1248.91,8568.32
lapaz - 3,Luna St - Luna St,Proper - 12,Arroyo St - Muelle Loney St,7500.0,1.3752,Gen Luna St 3 (Rev),Proper - 9,Proper - 8,1391.72,1292.46,5955.59
lapaz - 3,Luna St - Luna St,Proper - 12,Arroyo St - Muelle Loney St,7500.0,1.3752,Ruperto Montinola St 2,Proper - 10,Proper - 11,1391.72,1298.66,5583.69
lapaz - 3,Luna St - Luna St,Proper - 13,JM Basa St - De la Rama St,6500.0,1.377,Arroyo St,Proper - 12,Proper - 11,1105.55,1091.97,814.95
lapaz - 3,Luna St - Luna St,Proper - 13,JM Basa St - De la Rama St,6500.0,1.377,Dela Rama St 1 (Rev),Proper - 17,Proper - 13,1105.55,1103.06,149.18
lapaz - 3,Luna St - Luna St,Proper - 14,JM Basa St - Rizal St,6000.0,1.3602,Ledesma St (Rev),Proper - 11,Proper - 6,1000.55,998.09,147.84
lapaz - 3,Luna St - Luna St,Proper - 14,JM Basa St - Rizal St,6000.0,1.3602,Arroyo St,Proper - 12,Proper - 11,1000.55,989.71,650.3
lapaz - 3,Luna St - Luna St,Proper - 17,Dela Rama St - Blumentritt,7000.0,1.2175,Gen Luna St 3 (Rev),Proper - 9,Proper - 8,1589.87,1465.16,7482.56
lapaz - 3,Luna St - Luna St,Proper - 17,Dela Rama St - Blumentritt,7000.0,1.2175,Arroyo St (Rev),Proper - 11,Proper - 12,1589.87,1588.66,72.92
lapaz - 3,Luna St - Luna St,Proper - 17,Dela Rama St - Blumentritt,7000.0,1.2175,JM Basa St 2,Proper - 13,Proper - 14,1589.87,1521.39,4109.17
lapaz - 3,Luna St - Luna St,Proper - 17,Dela Rama St - Blumentritt,7000.0,1.2175,Muelle Loney St 3,Proper - 18,Proper - 19,1589.87,1570.72,1149.22
lapaz - 3,Luna St - Luna St,Proper - 18,Muelle Loney St - Blumentritt Left,7000.0,1.3657,Gen Luna St 3,Proper - 8,Proper - 9,1615.82,1612.64,191.24
lapaz - 3,Luna St - Luna St,Proper - 18,Muelle Loney St - Blumentritt Left,7000.0,1.3657,Gen Luna St 3 (Rev),Proper - 9,Proper - 8,1615.82,1503.37,6747.02
lapaz - 3,Luna St - Luna St,Proper - 18,Muelle Loney St - Blumentritt Left,7000.0,1.3657,Arroyo St (Rev),Proper - 11,Proper - 12,1615.82,1584.07,1905.15
lapaz - 3,Luna St - Luna St,Proper - 18,Muelle Loney St - Blumentritt Left,7000.0,1.3657,JM Basa St 1,Proper - 11,Proper - 13,1615.82,1568.59,2833.92
lapaz - 3,Luna St - Luna St,Proper - 18,Muelle Loney St - Blumentritt Left,7000.0,1.3657,Blumentritt 2 (Rev),Proper - 19,Proper - 17,1615.82,1611.1,283.75
lapaz - 3,Luna St - Luna St,Proper - 19,Muelle Loney St - Blumentritt Right,5500.0,1.0645,Gen Luna St 3,Proper - 8,Proper - 9,821.24,809.76,689.03
lapaz - 3,Luna St - Luna St,Proper - 19,Muelle Loney St - Blumentritt Right,5500.0,1.0645,Gen Luna St 3 (Rev),Proper - 9,Proper - 8,821.24,811.23,600.9
lapaz - 3,Luna St - Luna St,Proper - 19,Muelle Loney St - Blumentritt Right,5500.0,1.0645,Arroyo St (Rev),Proper - 11,Proper - 12,821.24,816.71,272.25
lapaz - 3,Luna St - Luna St,Proper - 19,Muelle Loney St - Blumentritt Right,5500.0,1.0645,Arroyo St,Proper - 12,Proper - 11,821.24,820.89,21.26
lapaz - 3,Luna St - Luna St,Proper - 19,Muelle Loney St - Blumentritt Right,5500.0,1.0645,Blumentritt 1,Proper - 17,Proper - 18,821.24,816.65,275.68
lapaz - 3,Luna St - Luna St,Proper - 19,Muelle Loney St - Blumentritt Right,5500.0,1.0645,Blumentritt 1 (Rev),Proper - 18,Proper - 17,821.24,813.29,477.3
lapaz - 3,Luna St - Luna St,lapaz - 9,Baldoza St - Monfort Blvd,7000.0,1.3611,Gen Luna St 2,Proper - 7,Proper - 8,1300.71,1293.66,423.26
lapaz - 3,Luna St - Luna St,lapaz - 9,Baldoza St - Monfort Blvd,7000.0,1.3611,Gen Luna St 3,Proper - 8,Proper - 9,1300.71,1293.66,423.26
lapaz - 3,Luna St - Luna St,lapaz - 9,Baldoza St - Monfort Blvd,7000.0,1.3611,Quirino - Lopez Bridge,Proper - 9,lapuz - 2,1300.71,1293.66,423.26
lapaz - 3,Luna St - Luna St,lapaz - 9,Baldoza St - Monfort Blvd,7000.0,1.3611,Luna St - Esplanade 5,lapaz - 1,lapaz - 10,1300.71,1293.66,423.26
lapaz - 3,Luna St - Luna St,lapaz - 9,Baldoza St - Monfort Blvd,7000.0,1.3611,Rizal St - Huervana St,lapaz - 2,lapuz - 2,1300.71,1293.64,424.33
lapaz - 3,Luna St - Luna St,lapaz - 9,Baldoza St - Monfort Blvd,7000.0,1.3611,Bonifacio Drive (Rev),lapaz - 10,Proper - 7,1300.71,1293.66,423.26
lapaz - 4,Huervana St - Burgos St,Molo - 3,Locsin St - San Marcos St.,8000.0,1.1851,Old Iloilo - Capiz Rd,mandurriao - 1,Proper - 1,1813.84,1811.16,160.3
lapaz - 4,Huervana St - Burgos St,Molo - 3,Locsin St - San Marcos St.,8000.0,1.1851,Rizal St - Huervana St,lapaz - 2,lapuz - 2,1813.84,1767.15,2801.0
lapaz - 4,Huervana St - Burgos St,Molo - 4,Locsin St. - M.H Del Pilar St. 2,8000.0,1.1527,Infante St 1,Proper - 1,Proper - 2,1755.64,1737.02,1117.27
lapaz - 4,Huervana St - Burgos St,Molo - 4,Locsin St. - M.H Del Pilar St. 2,8000.0,1.1527,Rizal St - Huervana St,lapaz - 2,lapuz - 2,1755.64,1723.54,1926.1
lapaz - 4,Huervana St - Burgos St,Molo - 5,Locsin St. - Timawa St.,8000.0,1.1454,Infante St 1,Proper - 1,Proper - 2,1732.6,1606.56,7562.63
lapaz - 4,Huervana St - Burgos St,Molo - 5,Locsin St. - Timawa St.,8000.0,1.1454,Rizal St - Huervana St,lapaz - 2,lapuz - 2,1732.6,1697.86,2084.56
lapaz - 4,Huervana St - Burgos St,Molo - 6,Locsin St. - Baluarte - Calumpag - Villa - Oton Blvd,7500.0,1.1101,Ruperto Montinola St 2,Proper - 10,Proper - 11,1646.09,1645.87,12.81
lapaz - 4,Huervana St - Burgos St,Molo - 7,San Marcos St. - MH del Pilar St. 1 (Rotunda),8000.0,1.0821,Infante St 1 (Rev),Proper - 2,Proper - 1,1787.57,1747.5,2404.51
lapaz - 4,Huervana St - Burgos St,Molo - 7,San Marcos St. - MH del Pilar St. 1 (Rotunda),8000.0,1.0821,Rizal St - Huervana St,lapaz - 2,lapuz - 2,1787.57,1715.59,4318.96
lapaz - 4,Huervana St - Burgos St,Molo - 8,San Marcos St. - MH del Pilar St. 1 (Rotunda),8000.0,1.078,Infante St 1 (Rev),Proper - 2,Proper - 1,1874.7,1834.63,2404.51
lapaz - 4,Huervana St - Burgos St,Molo - 8,San Marcos St. - MH del Pilar St. 1 (Rotunda),8000.0,1.078,Rizal St - Huervana St,lapaz - 2,lapuz - 2,1874.7,1802.72,4318.96
lapaz - 4,Huervana St - Burgos St,Molo - 9,M.H Del Pilar St. 2,6500.0,1.0856,Infante St 1,Proper - 1,Proper - 2,1221.88,1202.17,1182.38
lapaz - 4,Huervana St - Burgos St,Molo - 9,M.H Del Pilar St. 2,6500.0,1.0856,Infante St 1 (Rev),Proper - 2,Proper - 1,1221.88,1217.93,236.78
lapaz - 4,Huervana St - Burgos St,Molo - 9,M.H Del Pilar St. 2,6500.0,1.0856,Gen Luna St 2 (Rev),Proper - 8,Proper - 7,1221.88,1219.86,121.28
lapaz - 4,Huervana St - Burgos St,Molo - 10,M.H Del Pilar St. 2,6500.0,1.0851,Infante St 1,Proper - 1,Proper - 2,1227.45,1207.75,1182.38
lapaz - 4,Huervana St - Burgos St,Molo - 10,M.H Del Pilar St. 2,6500.0,1.0851,Infante St 1 (Rev),Proper - 2,Proper - 1,1227.45,1223.51,236.78
lapaz - 4,Huervana St - Burgos St,Molo - 10,M.H Del Pilar St. 2,6500.0,1.0851,Gen Luna St 2 (Rev),Proper - 8,Proper - 7,1227.45,1225.43,121.28
lapaz - 4,Huervana St - Burgos St,Proper - 1,Gen Luna St - Infante St,8000.0,1.2345,Rizal St - Huervana St,lapaz - 2,lapuz - 2,1497.26,1425.83,4285.33
lapaz - 4,Huervana St - Burgos St,Proper - 3,Rizal St - Infante St,9000.0,1.1191,Ruperto Montinola St 2 (Rev),Proper - 11,Proper - 10,2030.81,2009.44,1281.86
lapaz - 4,Huervana St - Burgos St,Proper - 3,Rizal St - Infante St,9000.0,1.1191,Rizal St - Huervana St,lapaz - 2,lapuz - 2,2030.81,2013.6,1032.6
lapaz - 4,Huervana St - Burgos St,Proper - 4,Baluarte - Calumpang - Villa - Oton Blvd - Infante St,7500.0,1.2039,Locsin St,Molo - 4,Molo - 5,1649.7,1576.23,4408.34
lapaz - 4,Huervana St - Burgos St,Proper - 4,Baluarte - Calumpang - Villa - Oton Blvd - Infante St,7500.0,1.2039,Rotunda,Molo - 7,Molo - 8,1649.7,1576.23,4408.34
lapaz - 4,Huervana St - Burgos St,Proper - 4,Baluarte - Calumpang - Villa - Oton Blvd - Infante St,7500.0,1.2039,Gen Luna - Molo Connect,Proper - 1,Molo - 7,1649.7,1576.23,4408.34
lapaz - 4,Huervana St - Burgos St,Proper - 4,Baluarte - Calumpang - Villa - Oton Blvd - Infante St,7500.0,1.2039,Ruperto Montinola St 2,Proper - 10,Proper - 11,1649.7,1641.3,503.74
lapaz - 4,Huervana St - Burgos St,Proper - 5,Baluarte - Calumpang - Villa - Oton Blvd - Rizal St,4500.0,1.1069,Gen Luna St 2,Proper - 7,Proper - 8,575.79,573.61,131.22
lapaz - 4,Huervana St - Burgos St,Proper - 5,Baluarte - Calumpang - Villa - Oton Blvd - Rizal St,4500.0,1.1069,Gen Luna St 2 (Rev),Proper - 8,Proper - 7,575.79,561.18,877.13
lapaz - 4,Huervana St - Burgos St,Proper - 5,Baluarte - Calumpang - Villa - Oton Blvd - Rizal St,4500.0,1.1069,Gen Luna St 3 (Rev),Proper - 9,Proper - 8,575.79,575.57,13.51
lapaz - 4,Huervana St - Burgos St,Proper - 6,Ledesma St - Rizal St,8000.0,1.2023,Rizal St - Huervana St,lapaz - 2,lapuz - 2,1636.45,1612.36,1445.32
lapaz - 4,Huervana St - Burgos St,Proper - 10,Delgado St - Ruperto Montinola St,7000.0,1.2192,Gen Luna St 3 (Rev),Proper - 9,Proper - 8,1092.11,1089.06,182.86
lapaz - 4,Huervana St - Burgos St,Proper - 10,Delgado St - Ruperto Montinola St,7000.0,1.2192,Rizal St - Huervana St,lapaz - 2,lapuz - 2,1092.11,1090.36,104.92
lapaz - 4,Huervana St - Burgos St,Proper - 11,Ledesma St - Ruperto Montinola St,7000.0,1.2577,Gen Luna St 3 (Rev),Proper - 9,Proper - 8,1165.92,1152.61,798.38
lapaz - 4,Huervana St - Burgos St,Proper - 11,Ledesma St - Ruperto Montinola St,7000.0,1.2577,Rizal St - Huervana St,lapaz - 2,lapuz - 2,1165.92,1164.01,114.77
lapaz - 4,Huervana St - Burgos St,Proper - 11,Ledesma St - Ruperto Montinola St,7000.0,1.2577,Lopez Jaena St,lapaz - 5,lapaz - 8,1165.92,1160.32,336.0
lapaz - 4,Huervana St - Burgos St,Proper - 11,Ledesma St - Ruperto Montinola St,7000.0,1.2577,Baldoza St,lapaz - 8,lapaz - 9,1165.92,1160.32,336.0
lapaz - 4,Huervana St - Burgos St,Proper - 11,Ledesma St - Ruperto Montinola St,7000.0,1.2577,Coastal Rd,lapaz - 9,lapuz - 7,1165.92,1160.32,336.0
lapaz - 4,Huervana St - Burgos St,Proper - 11,Ledesma St - Ruperto Montinola St,7000.0,1.2577,Rizal St - Ferry Terminal Access Rd (Rev),lapuz - 4,lapuz - 2,1165.92,1160.32,336.0
lapaz - 4,Huervana St - Burgos St,Proper - 11,Ledesma St - Ruperto Montinola St,7000.0,1.2577,Rizal St - Iloilo Airport Direct Rd (Rev),lapuz - 6,lapuz - 4,1165.92,1160.32,336.0
lapaz - 4,Huervana St - Burgos St,Proper - 11,Ledesma St - Ruperto Montinola St,7000.0,1.2577,Lapuz Mansaya Loboc Rd (Rev),lapuz - 7,lapuz - 6,1165.92,1160.32,336.0
lapaz - 4,Huervana St - Burgos St,Proper - 14,JM Basa St - Rizal St,5500.0,1.319,Gen Luna St 3 (Rev),Proper - 9,Proper - 8,990.76,990.46,17.73
lapaz - 4,Huervana St - Burgos St,Proper - 14,JM Basa St - Rizal St,5500.0,1.319,Arroyo St,Proper - 12,Proper - 11,990.76,987.33,205.57
lapaz - 4,Huervana St - Burgos St,Proper - 15,General Hughes St - Duran St,4000.0,1.1252,Gen Luna St 3 (Rev),Proper - 9,Proper - 8,542.9,540.99,114.85
lapaz - 4,Huervana St - Burgos St,Proper - 17,Dela Rama St - Blumentritt,6000.0,1.1313,Arroyo St (Rev),Proper - 11,Proper - 12,1274.82,1252.84,1318.53
lapaz - 4,Huervana St - Burgos St,Proper - 17,Dela Rama St - Blumentritt,6000.0,1.1313,Rizal St - Huervana St,lapaz - 2,lapuz - 2,1274.82,1268.22,396.0
lapaz - 4,Huervana St - Burgos St,Proper - 18,Muelle Loney St - Blumentritt Left,7000.0,1.0668,Gen Luna St 3 (Rev),Proper - 9,Proper - 8,1685.48,1667.0,1108.61
lapaz - 4,Huervana St - Burgos St,Proper - 18,Muelle Loney St - Blumentritt Left,7000.0,1.0668,Arroyo St (Rev),Proper - 11,Proper - 12,1685.48,1636.32,2949.77
lapaz - 4,Huervana St - Burgos St,Proper - 18,Muelle Loney St - Blumentritt Left,7000.0,1.0668,Arroyo St,Proper - 12,Proper - 11,1685.48,1668.39,1025.66
lapaz - 4,Huervana St - Burgos St,Proper - 18,Muelle Loney St - Blumentritt Left,7000.0,1.0668,Blumentritt 2 (Rev),Proper - 19,Proper - 17,1685.48,1661.63,1430.8
lapaz - 4,Huervana St - Burgos St,Proper - 18,Muelle Loney St - Blumentritt Left,7000.0,1.0668,Luna St (Rev),jaro - 1,lapaz - 3,1685.48,1645.19,2417.11
lapaz - 4,Huervana St - Burgos St,Proper - 18,Muelle Loney St - Blumentritt Left,7000.0,1.0668,Commission Civil St,jaro - 2,jaro - 5,1685.48,1679.84,338.7
lapaz - 4,Huervana St - Burgos St,Proper - 18,Muelle Loney St - Blumentritt Left,7000.0,1.0668,E Lopez St (Rev),jaro - 4,jaro - 1,1685.48,1645.19,2417.11
lapaz - 4,Huervana St - Burgos St,Proper - 18,Muelle Loney St - Blumentritt Left,7000.0,1.0668,Commission Civil St - Plaza Rizal St - Iloilo-Capiz Rd,jaro - 5,jaro - 6,1685.48,1679.84,338.7
lapaz - 4,Huervana St - Burgos St,Proper - 18,Muelle Loney St - Blumentritt Left,7000.0,1.0668,Iloilo-Capiz Rd - Plaza Rizal St - El 98 St,jaro - 6,jaro - 7,1685.48,1679.84,338.7
lapaz - 4,Huervana St - Burgos St,Proper - 18,Muelle Loney St - Blumentritt Left,7000.0,1.0668,El 98 St - Plaza Rizal St - E Lopez St,jaro - 7,jaro - 4,1685.48,1645.19,2417.11
lapaz - 4,Huervana St - Burgos St,Proper - 18,Muelle Loney St - Blumentritt Left,7000.0,1.0668,Jereos St - Huervana Ext,lapaz - 5,lapaz - 6,1685.48,1679.84,338.7
lapaz - 4,Huervana St - Burgos St,Proper - 18,Muelle Loney St - Blumentritt Left,7000.0,1.0668,Huervana Ext,lapaz - 6,lapaz - 7,1685.48,1679.84,338.7
lapaz - 4,Huervana St - Burgos St,Proper - 18,Muelle Loney St - Blumentritt Left,7000.0,1.0668,Burgos St,lapaz - 7,jaro - 2,1685.48,1679.84,338.7
lapaz - 4,Huervana St - Burgos St,Proper - 19,Muelle Loney St - Blumentritt Right,7000.0,1.1058,Arroyo St (Rev),Proper - 11,Proper - 12,1632.2,1612.46,1184.39
lapaz - 4,Huervana St - Burgos St,Proper - 19,Muelle Loney St - Blumentritt Right,7000.0,1.1058,Blumentritt 1,Proper - 17,Proper - 18,1632.2,1606.79,1524.38
lapaz - 4,Huervana St - Burgos St,Proper - 19,Muelle Loney St - Blumentritt Right,7000.0,1.1058,Blumentritt 1 (Rev),Proper - 18,Proper - 17,1632.2,1621.11,665.13
lapaz - 4,Huervana St - Burgos St,Proper - 19,Muelle Loney St - Blumentritt Right,7000.0,1.1058,Luna St (Rev),jaro - 1,lapaz - 3,1632.2,1585.4,2807.94
lapaz - 4,Huervana St - Burgos St,Proper - 19,Muelle Loney St - Blumentritt Right,7000.0,1.1058,Commission Civil St,jaro - 2,jaro - 5,1632.2,1625.96,374.08
lapaz - 4,Huervana St - Burgos St,Proper - 19,Muelle Loney St - Blumentritt Right,7000.0,1.1058,E Lopez St (Rev),jaro - 4,jaro - 1,1632.2,1585.4,2807.94
lapaz - 4,Huervana St - Burgos St,Proper - 19,Muelle Loney St - Blumentritt Right,7000.0,1.1058,Commission Civil St - Plaza Rizal St - Iloilo-Capiz Rd,jaro - 5,jaro - 6,1632.2,1625.96,374.08
lapaz - 4,Huervana St - Burgos St,Proper - 19,Muelle Loney St - Blumentritt Right,7000.0,1.1058,Iloilo-Capiz Rd - Plaza Rizal St - El 98 St,jaro - 6,jaro - 7,1632.2,1625.96,374.08
lapaz - 4,Huervana St - Burgos St,Proper - 19,Muelle Loney St - Blumentritt Right,7000.0,1.1058,El 98 St - Plaza Rizal St - E Lopez St,jaro - 7,jaro - 4,1632.2,1585.4,2807.94
lapaz - 4,Huervana St - Burgos St,Proper - 19,Muelle Loney St - Blumentritt Right,7000.0,1.1058,Rizal St - Huervana St,lapaz - 2,lapuz - 2,1632.2,1618.82,802.54
lapaz - 4,Huervana St - Burgos St,Proper - 19,Muelle Loney St - Blumentritt Right,7000.0,1.1058,Jereos St - Huervana Ext,lapaz - 5,lapaz - 6,1632.2,1625.96,374.08
lapaz - 4,Huervana St - Burgos St,Proper - 19,Muelle Loney St - Blumentritt Right,7000.0,1.1058,Huervana Ext,lapaz - 6,lapaz - 7,1632.2,1625.96,374.08
lapaz - 4,Huervana St - Burgos St,Proper - 19,Muelle Loney St - Blumentritt Right,7000.0,1.1058,Burgos St,lapaz - 7,jaro - 2,1632.2,1625.96,374.08
lapaz - 4,Huervana St - Burgos St,Proper - 22,Fort San Pedro Dr - General Hughes St,3500.0,1.0817,Gen Luna St 3 (Rev),Proper - 9,Proper - 8,424.74,421.93,168.66
lapaz - 4,Huervana St - Burgos St,Proper - 22,Fort San Pedro Dr - General Hughes St,3500.0,1.0817,Arroyo St,Proper - 12,Proper - 11,424.74,424.13,36.67
lapaz - 4,Huervana St - Burgos St,mandurriao - 6,R Mapa St - Donato Pison Ave,2500.0,1.1285,Rotunda,Molo - 7,Molo - 8,431.59,431.11,28.92
lapaz - 4,Huervana St - Burgos St,mandurriao - 6,R Mapa St - Donato Pison Ave,2500.0,1.1285,San Marcos St,Molo - 8,Molo - 3,431.59,431.18,24.42
lapaz - 4,Huervana St - Burgos St,mandurriao - 6,R Mapa St - Donato Pison Ave,2500.0,1.1285,Gen Luna - Molo Connect,Proper - 1,Molo - 7,431.59,431.11,28.92
lapaz - 4,Huervana St - Burgos St,mandurriao - 6,R Mapa St - Donato Pison Ave,2500.0,1.1285,Gen Luna St 1 (Rev),Proper - 7,Proper - 1,431.59,431.23,21.68
lapaz - 4,Huervana St - Burgos St,mandurriao - 6,R Mapa St - Donato Pison Ave,2500.0,1.1285,Luna St - Esplanade 5,lapaz - 1,lapaz - 10,431.59,431.2,23.47
lapaz - 4,Huervana St - Burgos St,mandurriao - 6,R Mapa St - Donato Pison Ave,2500.0,1.1285,Luna St - Huervana St,lapaz - 3,lapaz - 1,431.59,431.2,23.47
lapaz - 4,Huervana St - Burgos St,mandurriao - 6,R Mapa St - Donato Pison Ave,2500.0,1.1285,Bonifacio Drive (Rev),lapaz - 10,Proper - 7,431.59,431.2,23.47
lapaz - 4,Huervana St - Burgos St,jaro - 13,Buhang Flyover,3000.0,1.054,Iloilo-Capiz Rd - Buhang Flyover (Rev),jaro - 12,jaro - 14,461.59,454.27,439.32
lapaz - 4,Huervana St - Burgos St,jaro - 13,Buhang Flyover,3000.0,1.054,Iloilo-Capiz Rd - Buhang Flyover,jaro - 14,jaro - 12,461.59,460.4,70.99
lapaz - 4,Huervana St - Burgos St,jaro - 15,Iloilo Circumferential Rd 1 - Iloilo Radial By-Pass Rd 4,3000.0,1.0464,Iloilo-Capiz Rd - Buhang Flyover (Rev),jaro - 12,jaro - 14,533.18,525.86,439.32
lapaz - 4,Huervana St - Burgos St,jaro - 15,Iloilo Circumferential Rd 1 - Iloilo Radial By-Pass Rd 4,3000.0,1.0464,Iloilo-Capiz Rd - Buhang Flyover,jaro - 14,jaro - 12,533.18,532.0,70.99
lapaz - 5,Huervana St - Jereos St,Molo - 3,Locsin St - San Marcos St.,7000.0,1.0949,Gen Luna St 2 (Rev),Proper - 8,Proper - 7,1482.07,1473.31,525.14
lapaz - 5,Huervana St - Jereos St,Molo - 3,Locsin St - San Marcos St.,7000.0,1.0949,Rizal St - Huervana St,lapaz - 2,lapuz - 2,1482.07,1459.84,1333.43
lapaz - 5,Huervana St - Jereos St,Molo - 4,Locsin St. - M.H Del Pilar St. 2,6500.0,1.0597,Infante St 1,Proper - 1,Proper - 2,1275.83,1267.65,490.46
lapaz - 5,Huervana St - Jereos St,Molo - 4,Locsin St. - M.H Del Pilar St. 2,6500.0,1.0597,Gen Luna St 2 (Rev),Proper - 8,Proper - 7,1275.83,1271.9,235.77
lapaz - 5,Huervana St - Jereos St,Molo - 5,Locsin St. - Timawa St.,6500.0,1.037,Infante St 1,Proper - 1,Proper - 2,1269.87,1214.13,3344.45
lapaz - 5,Huervana St - Jereos St,Molo - 5,Locsin St. - Timawa St.,6500.0,1.037,Gen Luna St 2,Proper - 7,Proper - 8,1269.87,1269.56,18.63
lapaz - 5,Huervana St - Jereos St,Molo - 6,Locsin St. - Baluarte - Calumpag - Villa - Oton Blvd,6000.0,1.0721,Ruperto Montinola St 2,Proper - 10,Proper - 11,1125.27,1125.05,13.27
lapaz - 5,Huervana St - Jereos St,Molo - 7,San Marcos St. - MH del Pilar St. 1 (Rotunda),7000.0,1.1143,Gen Luna St 2 (Rev),Proper - 8,Proper - 7,1429.78,1429.03,44.99
lapaz - 5,Huervana St - Jereos St,Molo - 7,San Marcos St. - MH del Pilar St. 1 (Rotunda),7000.0,1.1143,Rizal St - Huervana St,lapaz - 2,lapuz - 2,1429.78,1369.6,3611.27
lapaz - 5,Huervana St - Jereos St,Molo - 8,San Marcos St. - MH del Pilar St. 1 (Rotunda),7000.0,1.1103,Gen Luna St 2 (Rev),Proper - 8,Proper - 7,1475.63,1474.88,44.99
lapaz - 5,Huervana St - Jereos St,Molo - 8,San Marcos St. - MH del Pilar St. 1 (Rotunda),7000.0,1.1103,Rizal St - Huervana St,lapaz - 2,lapuz - 2,1475.63,1415.44,3611.27
lapaz - 5,Huervana St - Jereos St,Molo - 9,M.H Del Pilar St. 2,6500.0,1.0908,Infante St 1,Proper - 1,Proper - 2,1382.49,1366.48,960.8
lapaz - 5,Huervana St - Jereos St,Molo - 9,M.H Del Pilar St. 2,6500.0,1.0908,Gen Luna St 2 (Rev),Proper - 8,Proper - 7,1382.49,1380.92,94.48
lapaz - 5,Huervana St - Jereos St,Molo - 10,M.H Del Pilar St. 2,6500.0,1.0904,Infante St 1,Proper - 1,Proper - 2,1388.06,1372.05,960.8
lapaz - 5,Huervana St - Jereos St,Molo - 10,M.H Del Pilar St. 2,6500.0,1.0904,Gen Luna St 2 (Rev),Proper - 8,Proper - 7,1388.06,1386.49,94.48
lapaz - 5,Huervana St - Jereos St,Proper - 1,Gen Luna St - Infante St,7000.0,1.136,Gen Luna St 2 (Rev),Proper - 8,Proper - 7,1241.16,1240.3,51.88
lapaz - 5,Huervana St - Jereos St,Proper - 1,Gen Luna St - Infante St,7000.0,1.136,Rizal St - Huervana St,lapaz - 2,lapuz - 2,1241.16,1180.86,3618.17
lapaz - 5,Huervana St - Jereos St,Proper - 2,Delgado St - Infante St,6500.0,1.1227,Ruperto Montinola St 2,Proper - 10,Proper - 11,1035.49,1031.93,213.98
lapaz - 5,Huervana St - Jereos St,Proper - 4,Baluarte - Calumpang - Villa - Oton Blvd - Infante St,6500.0,1.0811,Locsin St,Molo - 4,Molo - 5,1361.65,1343.2,1107.28
lapaz - 5,Huervana St - Jereos St,Proper - 4,Baluarte - Calumpang - Villa - Oton Blvd - Infante St,6500.0,1.0811,Rotunda,Molo - 7,Molo - 8,1361.65,1343.2,1107.28
lapaz - 5,Huervana St - Jereos St,Proper - 4,Baluarte - Calumpang - Villa - Oton Blvd - Infante St,6500.0,1.0811,Gen Luna - Molo Connect,Proper - 1,Molo - 7,1361.65,1343.2,1107.28
lapaz - 5,Huervana St - Jereos St,Proper - 4,Baluarte - Calumpang - Villa - Oton Blvd - Infante St,6500.0,1.0811,Infante St 1,Proper - 1,Proper - 2,1361.65,1359.18,148.69
lapaz - 5,Huervana St - Jereos St,Proper - 5,Baluarte - Calumpang - Villa - Oton Blvd - Rizal St,7000.0,1.0533,Gen Luna St 2,Proper - 7,Proper - 8,1385.95,1383.22,163.51
lapaz - 5,Huervana St - Jereos St,Proper - 5,Baluarte - Calumpang - Villa - Oton Blvd - Rizal St,7000.0,1.0533,Gen Luna St 2 (Rev),Proper - 8,Proper - 7,1385.95,1377.89,483.4
lapaz - 5,Huervana St - Jereos St,Proper - 6,Ledesma St - Rizal St,6500.0,1.1979,Gen Luna St 1 (Rev),Proper - 7,Proper - 1,1216.96,1204.0,777.78
lapaz - 5,Huervana St - Jereos St,Proper - 6,Ledesma St - Rizal St,6500.0,1.1979,Gen Luna St 2,Proper - 7,Proper - 8,1216.96,1211.3,339.96
lapaz - 5,Huervana St - Jereos St,Proper - 6,Ledesma St - Rizal St,6500.0,1.1979,Gen Luna St 2 (Rev),Proper - 8,Proper - 7,1216.96,1181.01,2156.92
lapaz - 5,Huervana St - Jereos St,Proper - 6,Ledesma St - Rizal St,6500.0,1.1979,Gen Luna St 3 (Rev),Proper - 9,Proper - 8,1216.96,1193.19,1426.5
lapaz - 5,Huervana St - Jereos St,Proper - 7,Gen Luna St - Bonifacio Dr,5500.0,1.22,Rizal St - Huervana St,lapaz - 2,lapuz - 2,642.65,641.68,58.0
lapaz - 5,Huervana St - Jereos St,Proper - 10,Delgado St - Ruperto Montinola St,7000.0,1.1664,Rizal St - Huervana St,lapaz - 2,lapuz - 2,1108.54,1091.83,1002.69
lapaz - 5,Huervana St - Jereos St,Proper - 11,Ledesma St - Ruperto Montinola St,7000.0,1.2027,Rizal St - Huervana St,lapaz - 2,lapuz - 2,1178.43,1163.11,919.05
lapaz - 5,Huervana St - Jereos St,Proper - 12,Arroyo St - Muelle Loney St,8500.0,1.0572,Gen Luna St 3,Proper - 8,Proper - 9,1957.45,1934.79,1359.68
lapaz - 5,Huervana St - Jereos St,Proper - 12,Arroyo St - Muelle Loney St,8500.0,1.0572,Gen Luna St 3 (Rev),Proper - 9,Proper - 8,1957.45,1942.48,897.98
lapaz - 5,Huervana St - Jereos St,Proper - 12,Arroyo St - Muelle Loney St,8500.0,1.0572,Rizal St - Huervana St,lapaz - 2,lapuz - 2,1957.45,1889.88,4054.43
lapaz - 5,Huervana St - Jereos St,Proper - 12,Arroyo St - Muelle Loney St,8500.0,1.0572,Rizal St - Huervana St (Rev),lapuz - 2,lapaz - 2,1957.45,1944.63,769.47
lapaz - 5,Huervana St - Jereos St,Proper - 13,JM Basa St - De la Rama St,6000.0,1.2098,Gen Luna St 3,Proper - 8,Proper - 9,1117.38,1114.77,156.46
lapaz - 5,Huervana St - Jereos St,Proper - 13,JM Basa St - De la Rama St,6000.0,1.2098,Arroyo St,Proper - 12,Proper - 11,1117.38,1116.56,49.15
lapaz - 5,Huervana St - Jereos St,Proper - 13,JM Basa St - De la Rama St,6000.0,1.2098,Rizal St - Huervana St,lapaz - 2,lapuz - 2,1117.38,1092.66,1483.19
lapaz - 5,Huervana St - Jereos St,Proper - 14,JM Basa St - Rizal St,5000.0,1.0993,Gen Luna St 3 (Rev),Proper - 9,Proper - 8,880.58,878.95,97.6
lapaz - 5,Huervana St - Jereos St,Proper - 15,General Hughes St - Duran St,5000.0,1.1018,Gen Luna St 3 (Rev),Proper - 9,Proper - 8,932.82,929.26,213.68
lapaz - 5,Huervana St - Jereos St,Proper - 15,General Hughes St - Duran St,5000.0,1.1018,Arroyo St,Proper - 12,Proper - 11,932.82,932.74,4.87
lapaz - 5,Huervana St - Jereos St,Proper - 18,Muelle Loney St - Blumentritt Left,7000.0,1.1122,Arroyo St (Rev),Proper - 11,Proper - 12,1654.47,1644.1,622.0
lapaz - 5,Huervana St - Jereos St,Proper - 18,Muelle Loney St - Blumentritt Left,7000.0,1.1122,Arroyo St,Proper - 12,Proper - 11,1654.47,1652.71,105.08
lapaz - 5,Huervana St - Jereos St,Proper - 19,Muelle Loney St - Blumentritt Right,6000.0,1.0535,Arroyo St (Rev),Proper - 11,Proper - 12,1236.87,1228.2,519.88
lapaz - 5,Huervana St - Jereos St,Proper - 19,Muelle Loney St - Blumentritt Right,6000.0,1.0535,Blumentritt 1,Proper - 17,Proper - 18,1236.87,1228.06,528.8
lapaz - 5,Huervana St - Jereos St,Proper - 19,Muelle Loney St - Blumentritt Right,6000.0,1.0535,Blumentritt 1 (Rev),Proper - 18,Proper - 17,1236.87,1228.82,483.02
lapaz - 5,Huervana St - Jereos St,Proper - 22,Fort San Pedro Dr - General Hughes St,3500.0,1.0713,Gen Luna St 3 (Rev),Proper - 9,Proper - 8,481.85,479.04,168.66
lapaz - 5,Huervana St - Jereos St,Proper - 22,Fort San Pedro Dr - General Hughes St,3500.0,1.0713,Arroyo St,Proper - 12,Proper - 11,481.85,481.24,36.67
lapaz - 5,Huervana St - Jereos St,mandurriao - 1,Mandurriao - Jaro Rd - Old Iloilo - Capiz Rd,7000.0,1.2258,E Lopez St,jaro - 1,jaro - 4,1377.42,1343.68,2024.23
lapaz - 5,Huervana St - Jereos St,mandurriao - 1,Mandurriao - Jaro Rd - Old Iloilo - Capiz Rd,7000.0,1.2258,E Lopez St - Plaza Rizal St - Commission Civil St,jaro - 4,jaro - 5,1377.42,1343.68,2024.23
lapaz - 5,Huervana St - Jereos St,mandurriao - 1,Mandurriao - Jaro Rd - Old Iloilo - Capiz Rd,7000.0,1.2258,Luna St,lapaz - 3,jaro - 1,1377.42,1343.68,2024.23
lapaz - 5,Huervana St - Jereos St,jaro - 13,Buhang Flyover,3000.0,1.0387,Iloilo-Capiz Rd - Buhang Flyover (Rev),jaro - 12,jaro - 14,448.7,446.7,120.01
lapaz - 5,Huervana St - Jereos St,jaro - 13,Buhang Flyover,3000.0,1.0387,Iloilo-Capiz Rd - Buhang Flyover,jaro - 14,jaro - 12,448.7,447.56,68.48
lapaz - 5,Huervana St - Jereos St,jaro - 15,Iloilo Circumferential Rd 1 - Iloilo Radial By-Pass Rd 4,3000.0,1.0332,Iloilo-Capiz Rd - Buhang Flyover (Rev),jaro - 12,jaro - 14,520.3,518.3,120.01
lapaz - 5,Huervana St - Jereos St,jaro - 15,Iloilo Circumferential Rd 1 - Iloilo Radial By-Pass Rd 4,3000.0,1.0332,Iloilo-Capiz Rd - Buhang Flyover,jaro - 14,jaro - 12,520.3,519.16,68.48
lapaz - 6,Jereos St - Huervana Ext,Molo - 7,San Marcos St. - MH del Pilar St. 1 (Rotunda),8000.0,1.0711,Infante St 1 (Rev),Proper - 2,Proper - 1,2058.67,2019.52,2348.77
lapaz - 6,Jereos St - Huervana Ext,Molo - 7,San Marcos St. - MH del Pilar St. 1 (Rotunda),8000.0,1.0711,Gen Luna St 2 (Rev),Proper - 8,Proper - 7,2058.67,2058.14,31.81
lapaz - 6,Jereos St - Huervana Ext,Molo - 7,San Marcos St. - MH del Pilar St. 1 (Rotunda),8000.0,1.0711,Rizal St - Huervana St,lapaz - 2,lapuz - 2,2058.67,2027.16,1890.07
lapaz - 6,Jereos St - Huervana Ext,Molo - 8,San Marcos St. - MH del Pilar St. 1 (Rotunda),8000.0,1.0679,Infante St 1 (Rev),Proper - 2,Proper - 1,2145.67,2106.65,2341.08
lapaz - 6,Jereos St - Huervana Ext,Molo - 8,San Marcos St. - MH del Pilar St. 1 (Rotunda),8000.0,1.0679,Gen Luna St 2 (Rev),Proper - 8,Proper - 7,2145.67,2145.26,24.11
lapaz - 6,Jereos St - Huervana Ext,Molo - 8,San Marcos St. - MH del Pilar St. 1 (Rotunda),8000.0,1.0679,Rizal St - Huervana St,lapaz - 2,lapuz - 2,2145.67,2114.29,1882.38
lapaz - 6,Jereos St - Huervana Ext,Proper - 5,Baluarte - Calumpang - Villa - Oton Blvd - Rizal St,3000.0,1.013,Gen Luna St 2,Proper - 7,Proper - 8,336.98,333.68,198.01
lapaz - 6,Jereos St - Huervana Ext,Proper - 5,Baluarte - Calumpang - Villa - Oton Blvd - Rizal St,3000.0,1.013,Gen Luna St 2 (Rev),Proper - 8,Proper - 7,336.98,336.96,1.54
lapaz - 6,Jereos St - Huervana Ext,Proper - 6,Ledesma St - Rizal St,3500.0,1.0828,Gen Luna St 2,Proper - 7,Proper - 8,434.03,427.41,397.04
lapaz - 6,Jereos St - Huervana Ext,Proper - 6,Ledesma St - Rizal St,3500.0,1.0828,Gen Luna St 2 (Rev),Proper - 8,Proper - 7,434.03,431.71,139.3
lapaz - 6,Jereos St - Huervana Ext,Proper - 6,Ledesma St - Rizal St,3500.0,1.0828,Ruperto Montinola St 1,Proper - 8,Proper - 10,434.03,433.29,44.44
lapaz - 6,Jereos St - Huervana Ext,Proper - 6,Ledesma St - Rizal St,3500.0,1.0828,Ruperto Montinola St 2,Proper - 10,Proper - 11,434.03,433.29,44.44
lapaz - 6,Jereos St - Huervana Ext,Proper - 11,Ledesma St - Ruperto Montinola St,6500.0,1.1736,Gen Luna St 3,Proper - 8,Proper - 9,1087.81,1080.46,440.67
lapaz - 6,Jereos St - Huervana Ext,Proper - 11,Ledesma St - Ruperto Montinola St,6500.0,1.1736,Gen Luna St 3 (Rev),Proper - 9,Proper - 8,1087.81,1072.97,890.17
lapaz - 6,Jereos St - Huervana Ext,Proper - 11,Ledesma St - Ruperto Montinola St,6500.0,1.1736,Huervana St - Jereos St,lapaz - 4,lapaz - 5,1087.81,1078.64,550.13
lapaz - 6,Jereos St - Huervana Ext,Proper - 11,Ledesma St - Ruperto Montinola St,6500.0,1.1736,Lopez Jaena St,lapaz - 5,lapaz - 8,1087.81,1078.64,550.13
lapaz - 6,Jereos St - Huervana Ext,Proper - 11,Ledesma St - Ruperto Montinola St,6500.0,1.1736,Baldoza St,lapaz - 8,lapaz - 9,1087.81,1078.64,550.13
lapaz - 6,Jereos St - Huervana Ext,Proper - 11,Ledesma St - Ruperto Montinola St,6500.0,1.1736,Coastal Rd,lapaz - 9,lapuz - 7,1087.81,1078.64,550.13
lapaz - 6,Jereos St - Huervana Ext,Proper - 11,Ledesma St - Ruperto Montinola St,6500.0,1.1736,Rizal St - Ferry Terminal Access Rd (Rev),lapuz - 4,lapuz - 2,1087.81,1078.64,550.13
lapaz - 6,Jereos St - Huervana Ext,Proper - 11,Ledesma St - Ruperto Montinola St,6500.0,1.1736,Rizal St - Iloilo Airport Direct Rd (Rev),lapuz - 6,lapuz - 4,1087.81,1078.64,550.13
lapaz - 6,Jereos St - Huervana Ext,Proper - 11,Ledesma St - Ruperto Montinola St,6500.0,1.1736,Lapuz Mansaya Loboc Rd (Rev),lapuz - 7,lapuz - 6,1087.81,1078.64,550.13
lapaz - 6,Jereos St - Huervana Ext,Proper - 13,JM Basa St - De la Rama St,6500.0,1.0824,Gen Luna St 3 (Rev),Proper - 9,Proper - 8,1229.21,1227.85,81.64
lapaz - 6,Jereos St - Huervana Ext,Proper - 15,General Hughes St - Duran St,5000.0,1.0229,Gen Luna St 3 (Rev),Proper - 9,Proper - 8,901.57,898.01,213.68
lapaz - 6,Jereos St - Huervana Ext,Proper - 15,General Hughes St - Duran St,5000.0,1.0229,Arroyo St,Proper - 12,Proper - 11,901.57,901.49,4.87
lapaz - 6,Jereos St - Huervana Ext,Proper - 17,Dela Rama St - Blumentritt,6000.0,1.1463,Arroyo St (Rev),Proper - 11,Proper - 12,1386.88,1376.98,594.26
lapaz - 6,Jereos St - Huervana Ext,Proper - 17,Dela Rama St - Blumentritt,6000.0,1.1463,JM Basa St 1,Proper - 11,Proper - 13,1386.88,1314.09,4367.52
lapaz - 6,Jereos St - Huervana Ext,Proper - 17,Dela Rama St - Blumentritt,6000.0,1.1463,Rizal St - Huervana St,lapaz - 2,lapuz - 2,1386.88,1375.71,670.75
lapaz - 6,Jereos St - Huervana Ext,Proper - 18,Muelle Loney St - Blumentritt Left,3500.0,1.011,Gen Luna St 3,Proper - 8,Proper - 9,368.0,367.39,36.62
lapaz - 6,Jereos St - Huervana Ext,Proper - 19,Muelle Loney St - Blumentritt Right,5500.0,1.0323,Gen Luna St 3,Proper - 8,Proper - 9,1104.97,1103.32,98.94
lapaz - 6,Jereos St - Huervana Ext,Proper - 19,Muelle Loney St - Blumentritt Right,5500.0,1.0323,Arroyo St (Rev),Proper - 11,Proper - 12,1104.97,1099.46,330.75
lapaz - 6,Jereos St - Huervana Ext,Proper - 19,Muelle Loney St - Blumentritt Right,5500.0,1.0323,Arroyo St,Proper - 12,Proper - 11,1104.97,1101.1,231.85
lapaz - 6,Jereos St - Huervana Ext,Proper - 19,Muelle Loney St - Blumentritt Right,5500.0,1.0323,Blumentritt 1,Proper - 17,Proper - 18,1104.97,1086.57,1103.68
lapaz - 6,Jereos St - Huervana Ext,Proper - 19,Muelle Loney St - Blumentritt Right,5500.0,1.0323,Blumentritt 1 (Rev),Proper - 18,Proper - 17,1104.97,1098.87,365.97
lapaz - 6,Jereos St - Huervana Ext,Proper - 22,Fort San Pedro Dr - General Hughes St,3500.0,1.0744,Gen Luna St 3 (Rev),Proper - 9,Proper - 8,463.3,460.49,168.66
lapaz - 6,Jereos St - Huervana Ext,Proper - 22,Fort San Pedro Dr - General Hughes St,3500.0,1.0744,Arroyo St,Proper - 12,Proper - 11,463.3,462.69,36.67
lapaz - 6,Jereos St - Huervana Ext,jaro - 6,Plaza Rizal St - Iloilo-Capiz Rd/Lopez Jaena St,7500.0,1.1919,Gen Luna St 1 (Rev),Proper - 7,Proper - 1,1513.41,1499.56,831.42
lapaz - 7,Huervana Ext - Burgos St,Molo - 3,Locsin St - San Marcos St.,8000.0,1.1847,Infante St 1,Proper - 1,Proper - 2,1841.96,1828.8,789.7
lapaz - 7,Huervana Ext - Burgos St,Molo - 3,Locsin St - San Marcos St.,8000.0,1.1847,Infante St 1 (Rev),Proper - 2,Proper - 1,1841.96,1829.76,732.15
lapaz - 7,Huervana Ext - Burgos St,Molo - 3,Locsin St - San Marcos St.,8000.0,1.1847,Ruperto Montinola St 2,Proper - 10,Proper - 11,1841.96,1838.72,194.83
lapaz - 7,Huervana Ext - Burgos St,Molo - 3,Locsin St - San Marcos St.,8000.0,1.1847,Rizal St - Huervana St,lapaz - 2,lapuz - 2,1841.96,1819.06,1374.36
lapaz - 7,Huervana Ext - Burgos St,Molo - 4,Locsin St. - M.H Del Pilar St. 2,8000.0,1.1634,Infante St 1,Proper - 1,Proper - 2,1798.87,1792.52,381.12
lapaz - 7,Huervana Ext - Burgos St,Molo - 4,Locsin St. - M.H Del Pilar St. 2,8000.0,1.1634,Gen Luna St 2,Proper - 7,Proper - 8,1798.87,1797.9,58.01
lapaz - 7,Huervana Ext - Burgos St,Molo - 4,Locsin St. - M.H Del Pilar St. 2,8000.0,1.1634,Rizal St - Huervana St,lapaz - 2,lapuz - 2,1798.87,1774.85,1441.48
lapaz - 7,Huervana Ext - Burgos St,Molo - 5,Locsin St. - Timawa St.,8000.0,1.1653,Infante St 1,Proper - 1,Proper - 2,1788.97,1632.25,9403.35
lapaz - 7,Huervana Ext - Burgos St,Molo - 5,Locsin St. - Timawa St.,8000.0,1.1653,Gen Luna St 2,Proper - 7,Proper - 8,1788.97,1786.18,167.18
lapaz - 7,Huervana Ext - Burgos St,Molo - 5,Locsin St. - Timawa St.,8000.0,1.1653,Rizal St - Huervana St,lapaz - 2,lapuz - 2,1788.97,1732.1,3411.98
lapaz - 7,Huervana Ext - Burgos St,Molo - 7,San Marcos St. - MH del Pilar St. 1 (Rotunda),8000.0,1.0822,Infante St 1 (Rev),Proper - 2,Proper - 1,1799.07,1759.93,2348.47
lapaz - 7,Huervana Ext - Burgos St,Molo - 7,San Marcos St. - MH del Pilar St. 1 (Rotunda),8000.0,1.0822,Gen Luna St 2 (Rev),Proper - 8,Proper - 7,1799.07,1798.54,31.81
lapaz - 7,Huervana Ext - Burgos St,Molo - 7,San Marcos St. - MH del Pilar St. 1 (Rotunda),8000.0,1.0822,Rizal St - Huervana St,lapaz - 2,lapuz - 2,1799.07,1767.57,1890.07
lapaz - 7,Huervana Ext - Burgos St,Molo - 8,San Marcos St. - MH del Pilar St. 1 (Rotunda),8000.0,1.0781,Infante St 1 (Rev),Proper - 2,Proper - 1,1886.2,1847.06,2348.47
lapaz - 7,Huervana Ext - Burgos St,Molo - 8,San Marcos St. - MH del Pilar St. 1 (Rotunda),8000.0,1.0781,Gen Luna St 2 (Rev),Proper - 8,Proper - 7,1886.2,1885.67,31.81
lapaz - 7,Huervana Ext - Burgos St,Molo - 8,San Marcos St. - MH del Pilar St. 1 (Rotunda),8000.0,1.0781,Rizal St - Huervana St,lapaz - 2,lapuz - 2,1886.2,1854.7,1890.07
lapaz - 7,Huervana Ext - Burgos St,Proper - 2,Delgado St - Infante St,8000.0,1.1721,Locsin St,Molo - 4,Molo - 5,1524.41,1390.91,8010.06
lapaz - 7,Huervana Ext - Burgos St,Proper - 2,Delgado St - Infante St,8000.0,1.1721,Rotunda,Molo - 7,Molo - 8,1524.41,1390.91,8010.06
lapaz - 7,Huervana Ext - Burgos St,Proper - 2,Delgado St - Infante St,8000.0,1.1721,Gen Luna - Molo Connect,Proper - 1,Molo - 7,1524.41,1390.91,8010.06
lapaz - 7,Huervana Ext - Burgos St,Proper - 3,Rizal St - Infante St,8000.0,1.1417,Locsin St,Molo - 4,Molo - 5,1625.08,1528.45,5797.26
lapaz - 7,Huervana Ext - Burgos St,Proper - 3,Rizal St - Infante St,8000.0,1.1417,Locsin St,Molo - 5,Molo - 6,1625.08,1528.45,5797.26
lapaz - 7,Huervana Ext - Burgos St,Proper - 3,Rizal St - Infante St,8000.0,1.1417,Molo Blvd 2,Molo - 6,Proper - 4,1625.08,1528.45,5797.26
lapaz - 7,Huervana Ext - Burgos St,Proper - 3,Rizal St - Infante St,8000.0,1.1417,Rotunda,Molo - 7,Molo - 8,1625.08,1528.45,5797.26
lapaz - 7,Huervana Ext - Burgos St,Proper - 3,Rizal St - Infante St,8000.0,1.1417,Gen Luna - Molo Connect,Proper - 1,Molo - 7,1625.08,1528.45,5797.26
lapaz - 7,Huervana Ext - Burgos St,Proper - 3,Rizal St - Infante St,8000.0,1.1417,Baluarte - Oton Blvd,Proper - 4,Proper - 5,1625.08,1528.45,5797.26
lapaz - 7,Huervana Ext - Burgos St,Proper - 3,Rizal St - Infante St,8000.0,1.1417,Gen Luna St 3,Proper - 8,Proper - 9,1625.08,1624.21,51.74
lapaz - 7,Huervana Ext - Burgos St,Proper - 4,Baluarte - Calumpang - Villa - Oton Blvd - Infante St,8000.0,1.2095,Locsin St,Molo - 4,Molo - 5,1913.56,1807.29,6375.83
lapaz - 7,Huervana Ext - Burgos St,Proper - 4,Baluarte - Calumpang - Villa - Oton Blvd - Infante St,8000.0,1.2095,Ruperto Montinola St 2,Proper - 10,Proper - 11,1913.56,1896.65,1014.17
lapaz - 7,Huervana Ext - Burgos St,Proper - 4,Baluarte - Calumpang - Villa - Oton Blvd - Infante St,8000.0,1.2095,Rizal St - Huervana St,lapaz - 2,lapuz - 2,1913.56,1880.55,1980.13
lapaz - 7,Huervana Ext - Burgos St,Proper - 6,Ledesma St - Rizal St,8000.0,1.2099,Gen Luna St 2 (Rev),Proper - 8,Proper - 7,1674.27,1671.63,158.54
lapaz - 7,Huervana Ext - Burgos St,Proper - 6,Ledesma St - Rizal St,8000.0,1.2099,Rizal St - Huervana St,lapaz - 2,lapuz - 2,1674.27,1661.46,768.66
lapaz - 7,Huervana Ext - Burgos St,Proper - 7,Gen Luna St - Bonifacio Dr,6500.0,1.4675,Rizal St - Huervana St,lapaz - 2,lapuz - 2,850.26,849.3,57.62
lapaz - 7,Huervana Ext - Burgos St,Proper - 7,Gen Luna St - Bonifacio Dr,6500.0,1.4675,Huervana St - Jereos St,lapaz - 4,lapaz - 5,850.26,845.13,308.28
lapaz - 7,Huervana Ext - Burgos St,Proper - 7,Gen Luna St - Bonifacio Dr,6500.0,1.4675,Lopez Jaena St,lapaz - 5,lapaz - 8,850.26,845.13,308.28
lapaz - 7,Huervana Ext - Burgos St,Proper - 7,Gen Luna St - Bonifacio Dr,6500.0,1.4675,Baldoza St,lapaz - 8,lapaz - 9,850.26,845.13,308.28
lapaz - 7,Huervana Ext - Burgos St,Proper - 7,Gen Luna St - Bonifacio Dr,6500.0,1.4675,Coastal Rd,lapaz - 9,lapuz - 7,850.26,845.13,308.28
lapaz - 7,Huervana Ext - Burgos St,Proper - 7,Gen Luna St - Bonifacio Dr,6500.0,1.4675,Rizal St - Ferry Terminal Access Rd (Rev),lapuz - 4,lapuz - 2,850.26,845.13,308.28
lapaz - 7,Huervana Ext - Burgos St,Proper - 7,Gen Luna St - Bonifacio Dr,6500.0,1.4675,Rizal St - Iloilo Airport Direct Rd (Rev),lapuz - 6,lapuz - 4,850.26,845.13,308.28
lapaz - 7,Huervana Ext - Burgos St,Proper - 7,Gen Luna St - Bonifacio Dr,6500.0,1.4675,Lapuz Mansaya Loboc Rd (Rev),lapuz - 7,lapuz - 6,850.26,845.13,308.28
lapaz - 7,Huervana Ext - Burgos St,Proper - 10,Delgado St - Ruperto Montinola St,6000.0,1.3343,Gen Luna St 3 (Rev),Proper - 9,Proper - 8,836.61,836.46,9.18
lapaz - 7,Huervana Ext - Burgos St,Proper - 11,Ledesma St - Ruperto Montinola St,6500.0,1.1973,Gen Luna St 3,Proper - 8,Proper - 9,976.63,969.29,440.67
lapaz - 7,Huervana Ext - Burgos St,Proper - 11,Ledesma St - Ruperto Montinola St,6500.0,1.1973,Gen Luna St 3 (Rev),Proper - 9,Proper - 8,976.63,961.8,890.17
lapaz - 7,Huervana Ext - Burgos St,Proper - 11,Ledesma St - Ruperto Montinola St,6500.0,1.1973,Huervana St - Jereos St,lapaz - 4,lapaz - 5,976.63,967.47,550.13
lapaz - 7,Huervana Ext - Burgos St,Proper - 11,Ledesma St - Ruperto Montinola St,6500.0,1.1973,Lopez Jaena St,lapaz - 5,lapaz - 8,976.63,967.47,550.13
lapaz - 7,Huervana Ext - Burgos St,Proper - 11,Ledesma St - Ruperto Montinola St,6500.0,1.1973,Baldoza St,lapaz - 8,lapaz - 9,976.63,967.47,550.13
lapaz - 7,Huervana Ext - Burgos St,Proper - 11,Ledesma St - Ruperto Montinola St,6500.0,1.1973,Coastal Rd,lapaz - 9,lapuz - 7,976.63,967.47,550.13
lapaz - 7,Huervana Ext - Burgos St,Proper - 11,Ledesma St - Ruperto Montinola St,6500.0,1.1973,Rizal St - Ferry Terminal Access Rd (Rev),lapuz - 4,lapuz - 2,976.63,967.47,550.13
lapaz - 7,Huervana Ext - Burgos St,Proper - 11,Ledesma St - Ruperto Montinola St,6500.0,1.1973,Rizal St - Iloilo Airport Direct Rd (Rev),lapuz - 6,lapuz - 4,976.63,967.47,550.13
lapaz - 7,Huervana Ext - Burgos St,Proper - 11,Ledesma St - Ruperto Montinola St,6500.0,1.1973,Lapuz Mansaya Loboc Rd (Rev),lapuz - 7,lapuz - 6,976.63,967.47,550.13
lapaz - 7,Huervana Ext - Burgos St,Proper - 13,JM Basa St - De la Rama St,5500.0,1.2973,Gen Luna St 3 (Rev),Proper - 9,Proper - 8,921.38,920.28,66.04
lapaz - 7,Huervana Ext - Burgos St,Proper - 13,JM Basa St - De la Rama St,5500.0,1.2973,Blumentritt 1 (Rev),Proper - 18,Proper - 17,921.38,912.94,506.42
lapaz - 7,Huervana Ext - Burgos St,Proper - 15,General Hughes St - Duran St,4000.0,1.1203,Gen Luna St 3 (Rev),Proper - 9,Proper - 8,562.74,560.83,114.85
lapaz - 7,Huervana Ext - Burgos St,Proper - 17,Dela Rama St - Blumentritt,6000.0,1.1571,Arroyo St (Rev),Proper - 11,Proper - 12,1303.75,1293.84,594.26
lapaz - 7,Huervana Ext - Burgos St,Proper - 17,Dela Rama St - Blumentritt,6000.0,1.1571,JM Basa St 1,Proper - 11,Proper - 13,1303.75,1230.96,4367.52
lapaz - 7,Huervana Ext - Burgos St,Proper - 17,Dela Rama St - Blumentritt,6000.0,1.1571,Rizal St - Huervana St,lapaz - 2,lapuz - 2,1303.75,1292.57,670.75
lapaz - 7,Huervana Ext - Burgos St,Proper - 18,Muelle Loney St - Blumentritt Left,7000.0,1.0598,Delgado St,Proper - 2,Proper - 10,1679.68,1651.47,1692.69
lapaz - 7,Huervana Ext - Burgos St,Proper - 18,Muelle Loney St - Blumentritt Left,7000.0,1.0598,Gen Luna St 3,Proper - 8,Proper - 9,1679.68,1672.77,414.19
lapaz - 7,Huervana Ext - Burgos St,Proper - 18,Muelle Loney St - Blumentritt Left,7000.0,1.0598,Gen Luna St 3 (Rev),Proper - 9,Proper - 8,1679.68,1676.61,184.04
lapaz - 7,Huervana Ext - Burgos St,Proper - 18,Muelle Loney St - Blumentritt Left,7000.0,1.0598,Arroyo St (Rev),Proper - 11,Proper - 12,1679.68,1664.33,921.01
lapaz - 7,Huervana Ext - Burgos St,Proper - 18,Muelle Loney St - Blumentritt Left,7000.0,1.0598,Blumentritt 2 (Rev),Proper - 19,Proper - 17,1679.68,1679.13,32.52
lapaz - 7,Huervana Ext - Burgos St,Proper - 18,Muelle Loney St - Blumentritt Left,7000.0,1.0598,Luna St (Rev),jaro - 1,lapaz - 3,1679.68,1661.38,1097.66
lapaz - 7,Huervana Ext - Burgos St,Proper - 18,Muelle Loney St - Blumentritt Left,7000.0,1.0598,E Lopez St (Rev),jaro - 4,jaro - 1,1679.68,1661.38,1097.66
lapaz - 7,Huervana Ext - Burgos St,Proper - 18,Muelle Loney St - Blumentritt Left,7000.0,1.0598,El 98 St - Plaza Rizal St - E Lopez St,jaro - 7,jaro - 4,1679.68,1661.38,1097.66
lapaz - 7,Huervana Ext - Burgos St,Proper - 18,Muelle Loney St - Blumentritt Left,7000.0,1.0598,Rizal St - Huervana St,lapaz - 2,lapuz - 2,1679.68,1646.51,1990.18
lapaz - 7,Huervana Ext - Burgos St,Proper - 19,Muelle Loney St - Blumentritt Right,7000.0,1.0579,Gen Luna St 3,Proper - 8,Proper - 9,1576.7,1568.02,520.8
lapaz - 7,Huervana Ext - Burgos St,Proper - 19,Muelle Loney St - Blumentritt Right,7000.0,1.0579,Gen Luna St 3 (Rev),Proper - 9,Proper - 8,1576.7,1562.79,834.7
lapaz - 7,Huervana Ext - Burgos St,Proper - 19,Muelle Loney St - Blumentritt Right,7000.0,1.0579,Arroyo St (Rev),Proper - 11,Proper - 12,1576.7,1572.18,270.94
lapaz - 7,Huervana Ext - Burgos St,Proper - 19,Muelle Loney St - Blumentritt Right,7000.0,1.0579,Blumentritt 1,Proper - 17,Proper - 18,1576.7,1562.97,823.55
lapaz - 7,Huervana Ext - Burgos St,Proper - 19,Muelle Loney St - Blumentritt Right,7000.0,1.0579,Blumentritt 1 (Rev),Proper - 18,Proper - 17,1576.7,1528.13,2914.42
lapaz - 7,Huervana Ext - Burgos St,Proper - 19,Muelle Loney St - Blumentritt Right,7000.0,1.0579,Luna St (Rev),jaro - 1,lapaz - 3,1576.7,1564.21,749.38
lapaz - 7,Huervana Ext - Burgos St,Proper - 19,Muelle Loney St - Blumentritt Right,7000.0,1.0579,E Lopez St (Rev),jaro - 4,jaro - 1,1576.7,1564.21,749.38
lapaz - 7,Huervana Ext - Burgos St,Proper - 19,Muelle Loney St - Blumentritt Right,7000.0,1.0579,El 98 St - Plaza Rizal St - E Lopez St,jaro - 7,jaro - 4,1576.7,1564.21,749.38
lapaz - 7,Huervana Ext - Burgos St,Proper - 19,Muelle Loney St - Blumentritt Right,7000.0,1.0579,Rizal St - Huervana St,lapaz - 2,lapuz - 2,1576.7,1563.31,803.16
lapaz - 7,Huervana Ext - Burgos St,Proper - 22,Fort San Pedro Dr - General Hughes St,3500.0,1.0784,Gen Luna St 3 (Rev),Proper - 9,Proper - 8,441.43,438.62,168.66
lapaz - 7,Huervana Ext - Burgos St,Proper - 22,Fort San Pedro Dr - General Hughes St,3500.0,1.0784,Arroyo St,Proper - 12,Proper - 11,441.43,440.82,36.67
lapaz - 8,Lopez Jaena St - Baldoza St,Molo - 3,Locsin St - San Marcos St.,4500.0,1.1199,Gen Luna St 2 (Rev),Proper - 8,Proper - 7,830.72,830.55,10.2
lapaz - 8,Lopez Jaena St - Baldoza St,Molo - 4,Locsin St. - M.H Del Pilar St. 2,4500.0,1.1018,Rizal St - Huervana St,lapaz - 2,lapuz - 2,819.48,817.97,90.33
lapaz - 8,Lopez Jaena St - Baldoza St,Molo - 5,Locsin St. - Timawa St.,4500.0,1.0844,Rizal St - Huervana St,lapaz - 2,lapuz - 2,825.23,821.64,215.14
lapaz - 8,Lopez Jaena St - Baldoza St,Molo - 6,Locsin St. - Baluarte - Calumpag - Villa - Oton Blvd,4000.0,1.0667,Locsin St,Molo - 4,Molo - 5,744.02,739.21,288.98
lapaz - 8,Lopez Jaena St - Baldoza St,Molo - 6,Locsin St. - Baluarte - Calumpag - Villa - Oton Blvd,4000.0,1.0667,Rotunda,Molo - 7,Molo - 8,744.02,739.21,288.98
lapaz - 8,Lopez Jaena St - Baldoza St,Molo - 6,Locsin St. - Baluarte - Calumpag - Villa - Oton Blvd,4000.0,1.0667,M.H Del Pilar,Molo - 8,Molo - 9,744.02,739.21,288.98
lapaz - 8,Lopez Jaena St - Baldoza St,Molo - 6,Locsin St. - Baluarte - Calumpag - Villa - Oton Blvd,4000.0,1.0667,M.H Del Pilar (Rev),Molo - 9,Molo - 4,744.02,739.21,288.98
lapaz - 8,Lopez Jaena St - Baldoza St,Molo - 6,Locsin St. - Baluarte - Calumpag - Villa - Oton Blvd,4000.0,1.0667,Gen Luna - Molo Connect,Proper - 1,Molo - 7,744.02,739.21,288.98
lapaz - 8,Lopez Jaena St - Baldoza St,Molo - 8,San Marcos St. - MH del Pilar St. 1 (Rotunda),4500.0,1.0764,Gen Luna St 2 (Rev),Proper - 8,Proper - 7,779.92,779.28,38.13
lapaz - 8,Lopez Jaena St - Baldoza St,Proper - 1,Gen Luna St - Infante St,4500.0,1.1745,Gen Luna St 2 (Rev),Proper - 8,Proper - 7,702.56,701.48,65.05
lapaz - 8,Lopez Jaena St - Baldoza St,Proper - 3,Rizal St - Infante St,3500.0,1.0638,Gen Luna St 1 (Rev),Proper - 7,Proper - 1,498.9,498.74,9.54
lapaz - 8,Lopez Jaena St - Baldoza St,Proper - 4,Baluarte - Calumpang - Villa - Oton Blvd - Infante St,5000.0,1.0708,Gen Luna St 2,Proper - 7,Proper - 8,926.91,925.62,76.99
lapaz - 8,Lopez Jaena St - Baldoza St,Proper - 4,Baluarte - Calumpang - Villa - Oton Blvd - Infante St,5000.0,1.0708,Rizal St - Huervana St,lapaz - 2,lapuz - 2,926.91,919.74,430.07
lapaz - 8,Lopez Jaena St - Baldoza St,Proper - 5,Baluarte - Calumpang - Villa - Oton Blvd - Rizal St,4000.0,1.0957,Gen Luna St 1 (Rev),Proper - 7,Proper - 1,648.4,648.03,22.11
lapaz - 8,Lopez Jaena St - Baldoza St,Proper - 5,Baluarte - Calumpang - Villa - Oton Blvd - Rizal St,4000.0,1.0957,Gen Luna St 2,Proper - 7,Proper - 8,648.4,637.18,672.94
lapaz - 8,Lopez Jaena St - Baldoza St,Proper - 5,Baluarte - Calumpang - Villa - Oton Blvd - Rizal St,4000.0,1.0957,Gen Luna St 2 (Rev),Proper - 8,Proper - 7,648.4,645.09,198.5
lapaz - 8,Lopez Jaena St - Baldoza St,Proper - 5,Baluarte - Calumpang - Villa - Oton Blvd - Rizal St,4000.0,1.0957,Gen Luna St 3 (Rev),Proper - 9,Proper - 8,648.4,644.37,241.63
lapaz - 8,Lopez Jaena St - Baldoza St,Proper - 5,Baluarte - Calumpang - Villa - Oton Blvd - Rizal St,4000.0,1.0957,Rizal St - Huervana St,lapaz - 2,lapuz - 2,648.4,643.13,316.03
lapaz - 8,Lopez Jaena St - Baldoza St,Proper - 6,Ledesma St - Rizal St,4000.0,1.1368,Gen Luna St 2,Proper - 7,Proper - 8,663.82,640.98,1370.27
lapaz - 8,Lopez Jaena St - Baldoza St,Proper - 6,Ledesma St - Rizal St,4000.0,1.1368,Rizal St - Huervana St,lapaz - 2,lapuz - 2,663.82,654.79,541.66
lapaz - 8,Lopez Jaena St - Baldoza St,Proper - 9,Gen Luna St - Muelle Loney St,4000.0,1.0788,Rizal St - Huervana St,lapaz - 2,lapuz - 2,397.1,394.31,166.87
lapaz - 8,Lopez Jaena St - Baldoza St,Proper - 12,Arroyo St - Muelle Loney St,9500.0,1.053,Gen Luna St 3,Proper - 8,Proper - 9,3155.49,3149.04,386.93
lapaz - 8,Lopez Jaena St - Baldoza St,Proper - 12,Arroyo St - Muelle Loney St,9500.0,1.053,Ruperto Montinola St 1,Proper - 8,Proper - 10,3155.49,3154.03,87.35
lapaz - 8,Lopez Jaena St - Baldoza St,Proper - 12,Arroyo St - Muelle Loney St,9500.0,1.053,Gen Luna St 3 (Rev),Proper - 9,Proper - 8,3155.49,3143.17,739.19
lapaz - 8,Lopez Jaena St - Baldoza St,Proper - 12,Arroyo St - Muelle Loney St,9500.0,1.053,Commission Civil St,jaro - 2,jaro - 5,3155.49,3143.79,701.78
lapaz - 8,Lopez Jaena St - Baldoza St,Proper - 12,Arroyo St - Muelle Loney St,9500.0,1.053,Commission Civil St - Plaza Rizal St - Iloilo-Capiz Rd,jaro - 5,jaro - 6,3155.49,3143.79,701.78
lapaz - 8,Lopez Jaena St - Baldoza St,Proper - 12,Arroyo St - Muelle Loney St,9500.0,1.053,Rizal St - Luna St,lapaz - 2,lapaz - 3,3155.49,3134.79,1242.1
lapaz - 8,Lopez Jaena St - Baldoza St,Proper - 12,Arroyo St - Muelle Loney St,9500.0,1.053,Rizal St - Huervana St,lapaz - 2,lapuz - 2,3155.49,3107.39,2885.91
lapaz - 8,Lopez Jaena St - Baldoza St,Proper - 12,Arroyo St - Muelle Loney St,9500.0,1.053,Burgos St,lapaz - 7,jaro - 2,3155.49,3143.79,701.78
lapaz - 8,Lopez Jaena St - Baldoza St,Proper - 12,Arroyo St - Muelle Loney St,9500.0,1.053,Rizal St - Huervana St (Rev),lapuz - 2,lapaz - 2,3155.49,2957.26,11893.59
lapaz - 8,Lopez Jaena St - Baldoza St,Proper - 13,JM Basa St - De la Rama St,4000.0,1.1614,Arroyo St,Proper - 12,Proper - 11,611.71,610.66,63.0
lapaz - 8,Lopez Jaena St - Baldoza St,Proper - 13,JM Basa St - De la Rama St,4000.0,1.1614,Rizal St - Huervana St,lapaz - 2,lapuz - 2,611.71,610.84,52.47
lapaz - 8,Lopez Jaena St - Baldoza St,Proper - 14,JM Basa St - Rizal St,4000.0,1.1233,Gen Luna St 3 (Rev),Proper - 9,Proper - 8,651.3,650.75,33.21
lapaz - 8,Lopez Jaena St - Baldoza St,Proper - 14,JM Basa St - Rizal St,4000.0,1.1233,Arroyo St,Proper - 12,Proper - 11,651.3,650.25,63.0
lapaz - 8,Lopez Jaena St - Baldoza St,Proper - 14,JM Basa St - Rizal St,4000.0,1.1233,Rizal St - Huervana St,lapaz - 2,lapuz - 2,651.3,650.03,76.42
lapaz - 8,Lopez Jaena St - Baldoza St,Proper - 15,General Hughes St - Duran St,4000.0,1.2044,Gen Luna St 3 (Rev),Proper - 9,Proper - 8,728.95,727.61,80.18
lapaz - 8,Lopez Jaena St - Baldoza St,Proper - 15,General Hughes St - Duran St,4000.0,1.2044,Arroyo St,Proper - 12,Proper - 11,728.95,727.13,108.84
lapaz - 8,Lopez Jaena St - Baldoza St,Proper - 15,General Hughes St - Duran St,4000.0,1.2044,Rizal St - Huervana St,lapaz - 2,lapuz - 2,728.95,726.69,135.23
lapaz - 8,Lopez Jaena St - Baldoza St,Proper - 17,Dela Rama St - Blumentritt,4000.0,1.0352,Rizal St - Huervana St,lapaz - 2,lapuz - 2,630.03,629.56,28.39
lapaz - 8,Lopez Jaena St - Baldoza St,Proper - 18,Muelle Loney St - Blumentritt Left,8000.0,1.0681,Rizal St - Huervana St,lapaz - 2,lapuz - 2,2423.23,2401.99,1273.88
lapaz - 8,Lopez Jaena St - Baldoza St,Proper - 18,Muelle Loney St - Blumentritt Left,8000.0,1.0681,Rizal St - Huervana St (Rev),lapuz - 2,lapaz - 2,2423.23,2365.68,3452.83
lapaz - 8,Lopez Jaena St - Baldoza St,Proper - 19,Muelle Loney St - Blumentritt Right,4000.0,1.0848,Gen Luna St 3,Proper - 8,Proper - 9,667.97,665.35,157.57
lapaz - 8,Lopez Jaena St - Baldoza St,Proper - 19,Muelle Loney St - Blumentritt Right,4000.0,1.0848,Blumentritt 1,Proper - 17,Proper - 18,667.97,663.15,289.42
lapaz - 8,Lopez Jaena St - Baldoza St,Proper - 19,Muelle Loney St - Blumentritt Right,4000.0,1.0848,Blumentritt 1 (Rev),Proper - 18,Proper - 17,667.97,648.73,1154.27
lapaz - 8,Lopez Jaena St - Baldoza St,Proper - 19,Muelle Loney St - Blumentritt Right,4000.0,1.0848,Rizal St - Huervana St,lapaz - 2,lapuz - 2,667.97,663.73,254.7
lapaz - 8,Lopez Jaena St - Baldoza St,Proper - 21,Fort San Pedro Dr - Muelle Loney St,4000.0,1.0851,Blumentritt 2,Proper - 17,Proper - 19,692.84,687.82,301.24
lapaz - 8,Lopez Jaena St - Baldoza St,Proper - 21,Fort San Pedro Dr - Muelle Loney St,4000.0,1.0851,Blumentritt 1 (Rev),Proper - 18,Proper - 17,692.84,692.31,31.67
lapaz - 8,Lopez Jaena St - Baldoza St,Proper - 21,Fort San Pedro Dr - Muelle Loney St,4000.0,1.0851,Rizal St - Huervana St,lapaz - 2,lapuz - 2,692.84,690.18,159.6
lapaz - 8,Lopez Jaena St - Baldoza St,Proper - 22,Fort San Pedro Dr - General Hughes St,4000.0,1.1245,Gen Luna St 3 (Rev),Proper - 9,Proper - 8,697.13,696.49,38.01
lapaz - 8,Lopez Jaena St - Baldoza St,Proper - 22,Fort San Pedro Dr - General Hughes St,4000.0,1.1245,Arroyo St,Proper - 12,Proper - 11,697.13,696.84,16.98
lapaz - 8,Lopez Jaena St - Baldoza St,mandurriao - 1,Mandurriao - Jaro Rd - Old Iloilo - Capiz Rd,4500.0,1.1571,Luna St - Esplanade 5,lapaz - 1,lapaz - 10,735.27,706.59,1721.19
lapaz - 8,Lopez Jaena St - Baldoza St,mandurriao - 1,Mandurriao - Jaro Rd - Old Iloilo - Capiz Rd,4500.0,1.1571,Luna St - Huervana St,lapaz - 3,lapaz - 1,735.27,706.59,1721.19
lapaz - 8,Lopez Jaena St - Baldoza St,mandurriao - 1,Mandurriao - Jaro Rd - Old Iloilo - Capiz Rd,4500.0,1.1571,Bonifacio Drive (Rev),lapaz - 10,Proper - 7,735.27,706.59,1721.19
lapaz - 8,Lopez Jaena St - Baldoza St,mandurriao - 2,Mandurriao - Jaro Rd - Mandurriao - Sn Miguel Rd,4500.0,1.1875,Old Iloilo - Capiz Rd (Rev),Proper - 1,mandurriao - 1,1069.94,1069.16,46.9
lapaz - 8,Lopez Jaena St - Baldoza St,mandurriao - 2,Mandurriao - Jaro Rd - Mandurriao - Sn Miguel Rd,4500.0,1.1875,Luna St - Esplanade 5,lapaz - 1,lapaz - 10,1069.94,1056.27,820.25
lapaz - 8,Lopez Jaena St - Baldoza St,mandurriao - 2,Mandurriao - Jaro Rd - Mandurriao - Sn Miguel Rd,4500.0,1.1875,Luna St - Huervana St,lapaz - 3,lapaz - 1,1069.94,1056.27,820.25
lapaz - 8,Lopez Jaena St - Baldoza St,mandurriao - 2,Mandurriao - Jaro Rd - Mandurriao - Sn Miguel Rd,4500.0,1.1875,Bonifacio Drive (Rev),lapaz - 10,Proper - 7,1069.94,1056.27,820.25
lapaz - 8,Lopez Jaena St - Baldoza St,mandurriao - 3,Mandurriao - Sn Miguel Rd - R Mapa St,4500.0,1.1642,Luna St - Esplanade 5,lapaz - 1,lapaz - 10,1186.59,1174.56,721.84
lapaz - 8,Lopez Jaena St - Baldoza St,mandurriao - 3,Mandurriao - Sn Miguel Rd - R Mapa St,4500.0,1.1642,Luna St - Huervana St,lapaz - 3,lapaz - 1,1186.59,1174.56,721.84
lapaz - 8,Lopez Jaena St - Baldoza St,mandurriao - 3,Mandurriao - Sn Miguel Rd - R Mapa St,4500.0,1.1642,Bonifacio Drive (Rev),lapaz - 10,Proper - 7,1186.59,1174.56,721.84
lapaz - 8,Lopez Jaena St - Baldoza St,mandurriao - 4,R Mapa St - Mandurriao - Jaro Rd,4500.0,1.1147,Luna St - Esplanade 5,lapaz - 1,lapaz - 10,1066.08,1042.85,1393.72
lapaz - 8,Lopez Jaena St - Baldoza St,mandurriao - 4,R Mapa St - Mandurriao - Jaro Rd,4500.0,1.1147,Luna St - Huervana St,lapaz - 3,lapaz - 1,1066.08,1042.85,1393.72
lapaz - 8,Lopez Jaena St - Baldoza St,mandurriao - 4,R Mapa St - Mandurriao - Jaro Rd,4500.0,1.1147,Bonifacio Drive (Rev),lapaz - 10,Proper - 7,1066.08,1042.85,1393.72
lapaz - 8,Lopez Jaena St - Baldoza St,jaro - 18,Old Lopez Jaena St - Iloilo-Capiz Rd,4000.0,1.0812,E Lopez St,jaro - 1,jaro - 4,814.41,810.07,260.58
lapaz - 8,Lopez Jaena St - Baldoza St,jaro - 18,Old Lopez Jaena St - Iloilo-Capiz Rd,4000.0,1.0812,Commission Civil St,jaro - 2,jaro - 5,814.41,813.16,74.92
lapaz - 8,Lopez Jaena St - Baldoza St,jaro - 18,Old Lopez Jaena St - Iloilo-Capiz Rd,4000.0,1.0812,E Lopez St - Plaza Rizal St - Commission Civil St,jaro - 4,jaro - 5,814.41,810.07,260.58
lapaz - 8,Lopez Jaena St - Baldoza St,jaro - 18,Old Lopez Jaena St - Iloilo-Capiz Rd,4000.0,1.0812,Plaza Rizal St - Balabago Rd,jaro - 6,jaro - 9,814.41,801.11,798.06
lapaz - 8,Lopez Jaena St - Baldoza St,jaro - 18,Old Lopez Jaena St - Iloilo-Capiz Rd,4000.0,1.0812,Rizal St - Luna St,lapaz - 2,lapaz - 3,814.41,813.43,59.23
lapaz - 8,Lopez Jaena St - Baldoza St,jaro - 18,Old Lopez Jaena St - Iloilo-Capiz Rd,4000.0,1.0812,Luna St,lapaz - 3,jaro - 1,814.41,810.07,260.58
lapaz - 8,Lopez Jaena St - Baldoza St,jaro - 18,Old Lopez Jaena St - Iloilo-Capiz Rd,4000.0,1.0812,Burgos St,lapaz - 7,jaro - 2,814.41,813.16,74.92
lapaz - 8,Lopez Jaena St - Baldoza St,lapaz - 7,Huervana Ext - Burgos St,9000.0,1.339,Rizal St - Huervana St (Rev),lapuz - 2,lapaz - 2,1933.33,1932.01,79.13
lapaz - 9,Baldoza St - Monfort Blvd,Molo - 3,Locsin St - San Marcos St.,6500.0,1.0825,Gen Luna St 2 (Rev),Proper - 8,Proper - 7,1383.78,1374.06,582.82
lapaz - 9,Baldoza St - Monfort Blvd,Molo - 3,Locsin St - San Marcos St.,6500.0,1.0825,Commission Civil St,jaro - 2,jaro - 5,1383.78,1373.01,645.63
lapaz - 9,Baldoza St - Monfort Blvd,Molo - 3,Locsin St - San Marcos St.,6500.0,1.0825,Commission Civil St - Plaza Rizal St - Iloilo-Capiz Rd,jaro - 5,jaro - 6,1383.78,1373.01,645.63
lapaz - 9,Baldoza St - Monfort Blvd,Molo - 3,Locsin St - San Marcos St.,6500.0,1.0825,Burgos St,lapaz - 7,jaro - 2,1383.78,1373.01,645.63
lapaz - 9,Baldoza St - Monfort Blvd,Molo - 4,Locsin St. - M.H Del Pilar St. 2,6500.0,1.0844,Gen Luna St 2 (Rev),Proper - 8,Proper - 7,1391.63,1384.78,410.85
lapaz - 9,Baldoza St - Monfort Blvd,Molo - 4,Locsin St. - M.H Del Pilar St. 2,6500.0,1.0844,Commission Civil St,jaro - 2,jaro - 5,1391.63,1369.79,1310.27
lapaz - 9,Baldoza St - Monfort Blvd,Molo - 4,Locsin St. - M.H Del Pilar St. 2,6500.0,1.0844,Commission Civil St - Plaza Rizal St - Iloilo-Capiz Rd,jaro - 5,jaro - 6,1391.63,1369.79,1310.27
lapaz - 9,Baldoza St - Monfort Blvd,Molo - 4,Locsin St. - M.H Del Pilar St. 2,6500.0,1.0844,Burgos St,lapaz - 7,jaro - 2,1391.63,1369.79,1310.27
lapaz - 9,Baldoza St - Monfort Blvd,Molo - 5,Locsin St. - Timawa St.,6500.0,1.0614,Infante St 1,Proper - 1,Proper - 2,1384.78,1381.07,222.31
lapaz - 9,Baldoza St - Monfort Blvd,Molo - 5,Locsin St. - Timawa St.,6500.0,1.0614,Gen Luna St 2 (Rev),Proper - 8,Proper - 7,1384.78,1382.72,123.51
lapaz - 9,Baldoza St - Monfort Blvd,Molo - 6,Locsin St. - Baluarte - Calumpag - Villa - Oton Blvd,3000.0,1.0282,Infante St 1,Proper - 1,Proper - 2,512.04,511.95,5.61
lapaz - 9,Baldoza St - Monfort Blvd,Molo - 6,Locsin St. - Baluarte - Calumpag - Villa - Oton Blvd,3000.0,1.0282,Infante St 2,Proper - 2,Proper - 3,512.04,510.2,110.59
lapaz - 9,Baldoza St - Monfort Blvd,Molo - 7,San Marcos St. - MH del Pilar St. 1 (Rotunda),6500.0,1.0681,Gen Luna St 2 (Rev),Proper - 8,Proper - 7,1301.34,1300.7,38.43
lapaz - 9,Baldoza St - Monfort Blvd,Molo - 7,San Marcos St. - MH del Pilar St. 1 (Rotunda),6500.0,1.0681,Commission Civil St,jaro - 2,jaro - 5,1301.34,1299.14,131.88
lapaz - 9,Baldoza St - Monfort Blvd,Molo - 7,San Marcos St. - MH del Pilar St. 1 (Rotunda),6500.0,1.0681,Luna St - Esplanade 5,lapaz - 1,lapaz - 10,1301.34,1298.71,157.71
lapaz - 9,Baldoza St - Monfort Blvd,Molo - 7,San Marcos St. - MH del Pilar St. 1 (Rotunda),6500.0,1.0681,Rizal St - Luna St,lapaz - 2,lapaz - 3,1301.34,1298.71,157.71
lapaz - 9,Baldoza St - Monfort Blvd,Molo - 7,San Marcos St. - MH del Pilar St. 1 (Rotunda),6500.0,1.0681,Luna St - Huervana St,lapaz - 3,lapaz - 1,1301.34,1298.71,157.71
lapaz - 9,Baldoza St - Monfort Blvd,Molo - 7,San Marcos St. - MH del Pilar St. 1 (Rotunda),6500.0,1.0681,Burgos St,lapaz - 7,jaro - 2,1301.34,1299.14,131.88
lapaz - 9,Baldoza St - Monfort Blvd,Molo - 7,San Marcos St. - MH del Pilar St. 1 (Rotunda),6500.0,1.0681,Bonifacio Drive (Rev),lapaz - 10,Proper - 7,1301.34,1298.71,157.71
lapaz - 9,Baldoza St - Monfort Blvd,Molo - 8,San Marcos St. - MH del Pilar St. 1 (Rotunda),6500.0,1.0663,Gen Luna St 2 (Rev),Proper - 8,Proper - 7,1333.66,1333.02,38.43
lapaz - 9,Baldoza St - Monfort Blvd,Molo - 8,San Marcos St. - MH del Pilar St. 1 (Rotunda),6500.0,1.0663,Commission Civil St,jaro - 2,jaro - 5,1333.66,1331.46,131.88
lapaz - 9,Baldoza St - Monfort Blvd,Molo - 8,San Marcos St. - MH del Pilar St. 1 (Rotunda),6500.0,1.0663,Luna St - Esplanade 5,lapaz - 1,lapaz - 10,1333.66,1331.03,157.71
lapaz - 9,Baldoza St - Monfort Blvd,Molo - 8,San Marcos St. - MH del Pilar St. 1 (Rotunda),6500.0,1.0663,Rizal St - Luna St,lapaz - 2,lapaz - 3,1333.66,1331.03,157.71
lapaz - 9,Baldoza St - Monfort Blvd,Molo - 8,San Marcos St. - MH del Pilar St. 1 (Rotunda),6500.0,1.0663,Luna St - Huervana St,lapaz - 3,lapaz - 1,1333.66,1331.03,157.71
lapaz - 9,Baldoza St - Monfort Blvd,Molo - 8,San Marcos St. - MH del Pilar St. 1 (Rotunda),6500.0,1.0663,Burgos St,lapaz - 7,jaro - 2,1333.66,1331.46,131.88
lapaz - 9,Baldoza St - Monfort Blvd,Molo - 8,San Marcos St. - MH del Pilar St. 1 (Rotunda),6500.0,1.0663,Bonifacio Drive (Rev),lapaz - 10,Proper - 7,1333.66,1331.03,157.71
lapaz - 9,Baldoza St - Monfort Blvd,Molo - 9,M.H Del Pilar St. 2,4000.0,1.077,Gen Luna St 2 (Rev),Proper - 8,Proper - 7,727.15,725.47,101.01
lapaz - 9,Baldoza St - Monfort Blvd,Molo - 10,M.H Del Pilar St. 2,4000.0,1.0768,Gen Luna St 2 (Rev),Proper - 8,Proper - 7,729.36,727.67,101.01
lapaz - 9,Baldoza St - Monfort Blvd,Proper - 1,Gen Luna St - Infante St,6500.0,1.0966,Gen Luna St 2 (Rev),Proper - 8,Proper - 7,1148.12,1147.48,38.43
lapaz - 9,Baldoza St - Monfort Blvd,Proper - 1,Gen Luna St - Infante St,6500.0,1.0966,Commission Civil St,jaro - 2,jaro - 5,1148.12,1145.49,157.79
lapaz - 9,Baldoza St - Monfort Blvd,Proper - 1,Gen Luna St - Infante St,6500.0,1.0966,Luna St - Esplanade 5,lapaz - 1,lapaz - 10,1148.12,1145.49,157.71
lapaz - 9,Baldoza St - Monfort Blvd,Proper - 1,Gen Luna St - Infante St,6500.0,1.0966,Rizal St - Luna St,lapaz - 2,lapaz - 3,1148.12,1145.49,157.71
lapaz - 9,Baldoza St - Monfort Blvd,Proper - 1,Gen Luna St - Infante St,6500.0,1.0966,Luna St - Huervana St,lapaz - 3,lapaz - 1,1148.12,1145.49,157.71
lapaz - 9,Baldoza St - Monfort Blvd,Proper - 1,Gen Luna St - Infante St,6500.0,1.0966,Burgos St,lapaz - 7,jaro - 2,1148.12,1145.49,157.79
lapaz - 9,Baldoza St - Monfort Blvd,Proper - 1,Gen Luna St - Infante St,6500.0,1.0966,Bonifacio Drive (Rev),lapaz - 10,Proper - 7,1148.12,1145.49,157.71
lapaz - 9,Baldoza St - Monfort Blvd,Proper - 2,Delgado St - Infante St,7000.0,1.0459,Gen Luna St 1 (Rev),Proper - 7,Proper - 1,1354.2,1325.82,1702.86
lapaz - 9,Baldoza St - Monfort Blvd,Proper - 2,Delgado St - Infante St,7000.0,1.0459,Commission Civil St,jaro - 2,jaro - 5,1354.2,1328.23,1558.17
lapaz - 9,Baldoza St - Monfort Blvd,Proper - 2,Delgado St - Infante St,7000.0,1.0459,Commission Civil St - Plaza Rizal St - Iloilo-Capiz Rd,jaro - 5,jaro - 6,1354.2,1328.23,1558.17
lapaz - 9,Baldoza St - Monfort Blvd,Proper - 2,Delgado St - Infante St,7000.0,1.0459,Burgos St,lapaz - 7,jaro - 2,1354.2,1328.23,1558.17
lapaz - 9,Baldoza St - Monfort Blvd,Proper - 5,Baluarte - Calumpang - Villa - Oton Blvd - Rizal St,7500.0,1.0633,Gen Luna St 1 (Rev),Proper - 7,Proper - 1,1718.31,1707.59,643.0
lapaz - 9,Baldoza St - Monfort Blvd,Proper - 5,Baluarte - Calumpang - Villa - Oton Blvd - Rizal St,7500.0,1.0633,Gen Luna St 2 (Rev),Proper - 8,Proper - 7,1718.31,1716.12,131.48
lapaz - 9,Baldoza St - Monfort Blvd,Proper - 5,Baluarte - Calumpang - Villa - Oton Blvd - Rizal St,7500.0,1.0633,Commission Civil St,jaro - 2,jaro - 5,1718.31,1717.05,75.59
lapaz - 9,Baldoza St - Monfort Blvd,Proper - 5,Baluarte - Calumpang - Villa - Oton Blvd - Rizal St,7500.0,1.0633,Commission Civil St - Plaza Rizal St - Iloilo-Capiz Rd,jaro - 5,jaro - 6,1718.31,1717.05,75.59
lapaz - 9,Baldoza St - Monfort Blvd,Proper - 5,Baluarte - Calumpang - Villa - Oton Blvd - Rizal St,7500.0,1.0633,Burgos St,lapaz - 7,jaro - 2,1718.31,1717.05,75.59
lapaz - 9,Baldoza St - Monfort Blvd,Proper - 6,Ledesma St - Rizal St,3500.0,1.0568,Gen Luna St 2,Proper - 7,Proper - 8,533.9,528.59,318.57
lapaz - 9,Baldoza St - Monfort Blvd,Proper - 6,Ledesma St - Rizal St,3500.0,1.0568,Gen Luna St 2 (Rev),Proper - 8,Proper - 7,533.9,533.68,13.5
lapaz - 9,Baldoza St - Monfort Blvd,Proper - 6,Ledesma St - Rizal St,3500.0,1.0568,Muelle Loney St 1,Proper - 9,Proper - 12,533.9,533.57,20.02
lapaz - 9,Baldoza St - Monfort Blvd,Proper - 6,Ledesma St - Rizal St,3500.0,1.0568,Arroyo St,Proper - 12,Proper - 11,533.9,533.57,20.02
lapaz - 9,Baldoza St - Monfort Blvd,Proper - 9,Gen Luna St - Muelle Loney St,8500.0,1.1821,Rizal St - Luna St,lapaz - 2,lapaz - 3,1867.3,1849.68,1057.25
lapaz - 9,Baldoza St - Monfort Blvd,Proper - 9,Gen Luna St - Muelle Loney St,8500.0,1.1821,Rizal St - Huervana St (Rev),lapuz - 2,lapaz - 2,1867.3,1651.25,12962.81
lapaz - 9,Baldoza St - Monfort Blvd,Proper - 11,Ledesma St - Ruperto Montinola St,8000.0,1.2999,Gen Luna St 3 (Rev),Proper - 9,Proper - 8,1880.49,1869.32,670.1
lapaz - 9,Baldoza St - Monfort Blvd,Proper - 12,Arroyo St - Muelle Loney St,8500.0,1.2109,Gen Luna St 3,Proper - 8,Proper - 9,2470.7,2454.6,965.63
lapaz - 9,Baldoza St - Monfort Blvd,Proper - 12,Arroyo St - Muelle Loney St,8500.0,1.2109,Ruperto Montinola St 1,Proper - 8,Proper - 10,2470.7,2326.32,8662.57
lapaz - 9,Baldoza St - Monfort Blvd,Proper - 12,Arroyo St - Muelle Loney St,8500.0,1.2109,Gen Luna St 3 (Rev),Proper - 9,Proper - 8,2470.7,2461.82,532.72
lapaz - 9,Baldoza St - Monfort Blvd,Proper - 12,Arroyo St - Muelle Loney St,8500.0,1.2109,Ruperto Montinola St 2,Proper - 10,Proper - 11,2470.7,2399.28,4285.03
lapaz - 9,Baldoza St - Monfort Blvd,Proper - 12,Arroyo St - Muelle Loney St,8500.0,1.2109,Luna St - Esplanade 5,lapaz - 1,lapaz - 10,2470.7,2376.21,5669.32
lapaz - 9,Baldoza St - Monfort Blvd,Proper - 12,Arroyo St - Muelle Loney St,8500.0,1.2109,Rizal St - Luna St,lapaz - 2,lapaz - 3,2470.7,2430.53,2410.12
lapaz - 9,Baldoza St - Monfort Blvd,Proper - 12,Arroyo St - Muelle Loney St,8500.0,1.2109,Rizal St - Huervana St,lapaz - 2,lapuz - 2,2470.7,2426.34,2661.2
lapaz - 9,Baldoza St - Monfort Blvd,Proper - 12,Arroyo St - Muelle Loney St,8500.0,1.2109,Luna St - Huervana St,lapaz - 3,lapaz - 1,2470.7,2376.21,5669.32
lapaz - 9,Baldoza St - Monfort Blvd,Proper - 12,Arroyo St - Muelle Loney St,8500.0,1.2109,Bonifacio Drive (Rev),lapaz - 10,Proper - 7,2470.7,2376.21,5669.32
lapaz - 9,Baldoza St - Monfort Blvd,Proper - 12,Arroyo St - Muelle Loney St,8500.0,1.2109,Rizal St - Huervana St (Rev),lapuz - 2,lapaz - 2,2470.7,2272.75,11876.54
lapaz - 9,Baldoza St - Monfort Blvd,Proper - 13,JM Basa St - De la Rama St,7000.0,1.241,Gen Luna St 2,Proper - 7,Proper - 8,1722.23,1640.53,4901.66
lapaz - 9,Baldoza St - Monfort Blvd,Proper - 13,JM Basa St - De la Rama St,7000.0,1.241,Luna St - Esplanade 5,lapaz - 1,lapaz - 10,1722.23,1676.5,2743.56
lapaz - 9,Baldoza St - Monfort Blvd,Proper - 13,JM Basa St - De la Rama St,7000.0,1.241,Rizal St - Luna St,lapaz - 2,lapaz - 3,1722.23,1676.5,2743.56
lapaz - 9,Baldoza St - Monfort Blvd,Proper - 13,JM Basa St - De la Rama St,7000.0,1.241,Rizal St - Huervana St,lapaz - 2,lapuz - 2,1722.23,1702.61,1176.79
lapaz - 9,Baldoza St - Monfort Blvd,Proper - 13,JM Basa St - De la Rama St,7000.0,1.241,Luna St - Huervana St,lapaz - 3,lapaz - 1,1722.23,1676.5,2743.56
lapaz - 9,Baldoza St - Monfort Blvd,Proper - 13,JM Basa St - De la Rama St,7000.0,1.241,Bonifacio Drive (Rev),lapaz - 10,Proper - 7,1722.23,1676.5,2743.56
lapaz - 9,Baldoza St - Monfort Blvd,Proper - 14,JM Basa St - Rizal St,7500.0,1.0628,Ledesma St (Rev),Proper - 11,Proper - 6,1897.5,1879.97,1052.1
lapaz - 9,Baldoza St - Monfort Blvd,Proper - 14,JM Basa St - Rizal St,7500.0,1.0628,Arroyo St,Proper - 12,Proper - 11,1897.5,1882.13,922.28
lapaz - 9,Baldoza St - Monfort Blvd,Proper - 14,JM Basa St - Rizal St,7500.0,1.0628,Commission Civil St,jaro - 2,jaro - 5,1897.5,1894.21,197.35
lapaz - 9,Baldoza St - Monfort Blvd,Proper - 14,JM Basa St - Rizal St,7500.0,1.0628,Commission Civil St - Plaza Rizal St - Iloilo-Capiz Rd,jaro - 5,jaro - 6,1897.5,1894.21,197.35
lapaz - 9,Baldoza St - Monfort Blvd,Proper - 14,JM Basa St - Rizal St,7500.0,1.0628,Luna St - Esplanade 5,lapaz - 1,lapaz - 10,1897.5,1882.81,881.53
lapaz - 9,Baldoza St - Monfort Blvd,Proper - 14,JM Basa St - Rizal St,7500.0,1.0628,Rizal St - Luna St,lapaz - 2,lapaz - 3,1897.5,1882.81,881.53
lapaz - 9,Baldoza St - Monfort Blvd,Proper - 14,JM Basa St - Rizal St,7500.0,1.0628,Luna St - Huervana St,lapaz - 3,lapaz - 1,1897.5,1882.81,881.53
lapaz - 9,Baldoza St - Monfort Blvd,Proper - 14,JM Basa St - Rizal St,7500.0,1.0628,Burgos St,lapaz - 7,jaro - 2,1897.5,1894.21,197.35
lapaz - 9,Baldoza St - Monfort Blvd,Proper - 14,JM Basa St - Rizal St,7500.0,1.0628,Bonifacio Drive (Rev),lapaz - 10,Proper - 7,1897.5,1882.81,881.53
lapaz - 9,Baldoza St - Monfort Blvd,Proper - 15,General Hughes St - Duran St,7500.0,1.1486,Gen Luna St 3 (Rev),Proper - 9,Proper - 8,2147.73,2133.4,860.09
lapaz - 9,Baldoza St - Monfort Blvd,Proper - 15,General Hughes St - Duran St,7500.0,1.1486,Ledesma St (Rev),Proper - 11,Proper - 6,2147.73,2132.62,907.05
lapaz - 9,Baldoza St - Monfort Blvd,Proper - 15,General Hughes St - Duran St,7500.0,1.1486,Arroyo St,Proper - 12,Proper - 11,2147.73,2101.36,2782.4
lapaz - 9,Baldoza St - Monfort Blvd,Proper - 17,Dela Rama St - Blumentritt,8000.0,1.1594,Gen Luna St 3,Proper - 8,Proper - 9,2635.09,2611.8,1397.71
lapaz - 9,Baldoza St - Monfort Blvd,Proper - 17,Dela Rama St - Blumentritt,8000.0,1.1594,Gen Luna St 3 (Rev),Proper - 9,Proper - 8,2635.09,2502.54,7953.56
lapaz - 9,Baldoza St - Monfort Blvd,Proper - 17,Dela Rama St - Blumentritt,8000.0,1.1594,JM Basa St 2,Proper - 13,Proper - 14,2635.09,2597.14,2277.21
lapaz - 9,Baldoza St - Monfort Blvd,Proper - 17,Dela Rama St - Blumentritt,8000.0,1.1594,Muelle Loney St 3,Proper - 18,Proper - 19,2635.09,2568.59,3990.02
lapaz - 9,Baldoza St - Monfort Blvd,Proper - 17,Dela Rama St - Blumentritt,8000.0,1.1594,Luna St - Esplanade 5,lapaz - 1,lapaz - 10,2635.09,2585.94,2949.18
lapaz - 9,Baldoza St - Monfort Blvd,Proper - 17,Dela Rama St - Blumentritt,8000.0,1.1594,Rizal St - Luna St,lapaz - 2,lapaz - 3,2635.09,2594.76,2420.26
lapaz - 9,Baldoza St - Monfort Blvd,Proper - 17,Dela Rama St - Blumentritt,8000.0,1.1594,Rizal St - Huervana St,lapaz - 2,lapuz - 2,2635.09,2573.6,3689.76
lapaz - 9,Baldoza St - Monfort Blvd,Proper - 17,Dela Rama St - Blumentritt,8000.0,1.1594,Luna St - Huervana St,lapaz - 3,lapaz - 1,2635.09,2585.94,2949.18
lapaz - 9,Baldoza St - Monfort Blvd,Proper - 17,Dela Rama St - Blumentritt,8000.0,1.1594,Bonifacio Drive (Rev),lapaz - 10,Proper - 7,2635.09,2585.94,2949.18
lapaz - 9,Baldoza St - Monfort Blvd,Proper - 17,Dela Rama St - Blumentritt,8000.0,1.1594,Rizal St - Huervana St (Rev),lapuz - 2,lapaz - 2,2635.09,2518.09,7020.51
lapaz - 9,Baldoza St - Monfort Blvd,Proper - 18,Muelle Loney St - Blumentritt Left,8000.0,1.2094,Gen Luna St 3,Proper - 8,Proper - 9,2589.79,2580.68,546.47
lapaz - 9,Baldoza St - Monfort Blvd,Proper - 18,Muelle Loney St - Blumentritt Left,8000.0,1.2094,Gen Luna St 3 (Rev),Proper - 9,Proper - 8,2589.79,2560.22,1774.48
lapaz - 9,Baldoza St - Monfort Blvd,Proper - 18,Muelle Loney St - Blumentritt Left,8000.0,1.2094,Arroyo St (Rev),Proper - 11,Proper - 12,2589.79,2562.25,1652.59
lapaz - 9,Baldoza St - Monfort Blvd,Proper - 18,Muelle Loney St - Blumentritt Left,8000.0,1.2094,Luna St - Esplanade 5,lapaz - 1,lapaz - 10,2589.79,2535.52,3256.42
lapaz - 9,Baldoza St - Monfort Blvd,Proper - 18,Muelle Loney St - Blumentritt Left,8000.0,1.2094,Rizal St - Luna St,lapaz - 2,lapaz - 3,2589.79,2550.82,2338.09
lapaz - 9,Baldoza St - Monfort Blvd,Proper - 18,Muelle Loney St - Blumentritt Left,8000.0,1.2094,Rizal St - Huervana St,lapaz - 2,lapuz - 2,2589.79,2560.48,1758.34
lapaz - 9,Baldoza St - Monfort Blvd,Proper - 18,Muelle Loney St - Blumentritt Left,8000.0,1.2094,Luna St - Huervana St,lapaz - 3,lapaz - 1,2589.79,2535.52,3256.42
lapaz - 9,Baldoza St - Monfort Blvd,Proper - 18,Muelle Loney St - Blumentritt Left,8000.0,1.2094,Bonifacio Drive (Rev),lapaz - 10,Proper - 7,2589.79,2535.52,3256.42
lapaz - 9,Baldoza St - Monfort Blvd,Proper - 18,Muelle Loney St - Blumentritt Left,8000.0,1.2094,Rizal St - Huervana St (Rev),lapuz - 2,lapaz - 2,2589.79,2433.75,9362.49
lapaz - 9,Baldoza St - Monfort Blvd,Proper - 19,Muelle Loney St - Blumentritt Right,6500.0,1.0317,Gen Luna St 3,Proper - 8,Proper - 9,1483.01,1473.93,545.09
lapaz - 9,Baldoza St - Monfort Blvd,Proper - 19,Muelle Loney St - Blumentritt Right,6500.0,1.0317,Arroyo St (Rev),Proper - 11,Proper - 12,1483.01,1474.7,499.14
lapaz - 9,Baldoza St - Monfort Blvd,Proper - 19,Muelle Loney St - Blumentritt Right,6500.0,1.0317,Blumentritt 1 (Rev),Proper - 18,Proper - 17,1483.01,1475.59,445.57
lapaz - 9,Baldoza St - Monfort Blvd,Proper - 19,Muelle Loney St - Blumentritt Right,6500.0,1.0317,Rizal St - Huervana St (Rev),lapuz - 2,lapaz - 2,1483.01,1471.32,701.88
lapaz - 9,Baldoza St - Monfort Blvd,Proper - 21,Fort San Pedro Dr - Muelle Loney St,2000.0,1.0246,Rizal St - Huervana St,lapaz - 2,lapuz - 2,299.05,294.93,247.55
lapaz - 9,Baldoza St - Monfort Blvd,mandurriao - 1,Mandurriao - Jaro Rd - Old Iloilo - Capiz Rd,2500.0,1.0719,Luna St - Esplanade 5,lapaz - 1,lapaz - 10,353.53,353.26,16.56
lapaz - 9,Baldoza St - Monfort Blvd,mandurriao - 1,Mandurriao - Jaro Rd - Old Iloilo - Capiz Rd,2500.0,1.0719,Luna St - Huervana St,lapaz - 3,lapaz - 1,353.53,353.26,16.56
lapaz - 9,Baldoza St - Monfort Blvd,mandurriao - 1,Mandurriao - Jaro Rd - Old Iloilo - Capiz Rd,2500.0,1.0719,Bonifacio Drive (Rev),lapaz - 10,Proper - 7,353.53,353.26,16.56
lapaz - 9,Baldoza St - Monfort Blvd,mandurriao - 2,Mandurriao - Jaro Rd - Mandurriao - Sn Miguel Rd,4000.0,1.1113,Luna St - Esplanade 5,lapaz - 1,lapaz - 10,877.67,877.17,29.9
lapaz - 9,Baldoza St - Monfort Blvd,mandurriao - 2,Mandurriao - Jaro Rd - Mandurriao - Sn Miguel Rd,4000.0,1.1113,Luna St - Huervana St,lapaz - 3,lapaz - 1,877.67,877.17,29.9
lapaz - 9,Baldoza St - Monfort Blvd,mandurriao - 2,Mandurriao - Jaro Rd - Mandurriao - Sn Miguel Rd,4000.0,1.1113,Bonifacio Drive (Rev),lapaz - 10,Proper - 7,877.67,877.17,29.9
lapaz - 9,Baldoza St - Monfort Blvd,mandurriao - 3,Mandurriao - Sn Miguel Rd - R Mapa St,4000.0,1.1015,Luna St - Esplanade 5,lapaz - 1,lapaz - 10,954.2,953.71,29.9
lapaz - 9,Baldoza St - Monfort Blvd,mandurriao - 3,Mandurriao - Sn Miguel Rd - R Mapa St,4000.0,1.1015,Luna St - Huervana St,lapaz - 3,lapaz - 1,954.2,953.71,29.9
lapaz - 9,Baldoza St - Monfort Blvd,mandurriao - 3,Mandurriao - Sn Miguel Rd - R Mapa St,4000.0,1.1015,Bonifacio Drive (Rev),lapaz - 10,Proper - 7,954.2,953.71,29.9
lapaz - 9,Baldoza St - Monfort Blvd,mandurriao - 4,R Mapa St - Mandurriao - Jaro Rd,3500.0,1.0828,Luna St - Esplanade 5,lapaz - 1,lapaz - 10,750.05,749.48,34.27
lapaz - 9,Baldoza St - Monfort Blvd,mandurriao - 4,R Mapa St - Mandurriao - Jaro Rd,3500.0,1.0828,Luna St - Huervana St,lapaz - 3,lapaz - 1,750.05,749.48,34.27
lapaz - 9,Baldoza St - Monfort Blvd,mandurriao - 4,R Mapa St - Mandurriao - Jaro Rd,3500.0,1.0828,Bonifacio Drive (Rev),lapaz - 10,Proper - 7,750.05,749.48,34.27
lapaz - 9,Baldoza St - Monfort Blvd,mandurriao - 6,R Mapa St - Donato Pison Ave,2500.0,1.0415,Luna St - Esplanade 5,lapaz - 1,lapaz - 10,510.5,501.76,524.6
lapaz - 9,Baldoza St - Monfort Blvd,mandurriao - 6,R Mapa St - Donato Pison Ave,2500.0,1.0415,Rizal St - Luna St,lapaz - 2,lapaz - 3,510.5,501.76,524.6
lapaz - 9,Baldoza St - Monfort Blvd,mandurriao - 6,R Mapa St - Donato Pison Ave,2500.0,1.0415,Luna St - Huervana St,lapaz - 3,lapaz - 1,510.5,501.76,524.6
lapaz - 9,Baldoza St - Monfort Blvd,mandurriao - 6,R Mapa St - Donato Pison Ave,2500.0,1.0415,Huervana St - Burgos St (Rev),lapaz - 4,lapaz - 2,510.5,496.74,826.01
lapaz - 9,Baldoza St - Monfort Blvd,mandurriao - 6,R Mapa St - Donato Pison Ave,2500.0,1.0415,Burgos St - Huervana St,lapaz - 7,lapaz - 4,510.5,496.74,826.01
lapaz - 9,Baldoza St - Monfort Blvd,mandurriao - 6,R Mapa St - Donato Pison Ave,2500.0,1.0415,Bonifacio Drive (Rev),lapaz - 10,Proper - 7,510.5,501.76,524.6
lapaz - 9,Baldoza St - Monfort Blvd,jaro - 1,E Lopez St - Luna St,4000.0,1.2826,Rizal St - Luna St,lapaz - 2,lapaz - 3,622.37,580.94,2485.83
lapaz - 9,Baldoza St - Monfort Blvd,jaro - 1,E Lopez St - Luna St,4000.0,1.2826,Huervana St - Burgos St (Rev),lapaz - 4,lapaz - 2,622.37,604.77,1056.4
lapaz - 9,Baldoza St - Monfort Blvd,jaro - 1,E Lopez St - Luna St,4000.0,1.2826,Burgos St - Huervana St,lapaz - 7,lapaz - 4,622.37,604.77,1056.4
lapaz - 9,Baldoza St - Monfort Blvd,jaro - 8,Iloilo-Capiz Rd - Lopez Jaena St,5500.0,1.1967,E Lopez St,jaro - 1,jaro - 4,1366.63,1354.09,752.16
lapaz - 9,Baldoza St - Monfort Blvd,jaro - 8,Iloilo-Capiz Rd - Lopez Jaena St,5500.0,1.1967,Commission Civil St,jaro - 2,jaro - 5,1366.63,1363.81,168.91
lapaz - 9,Baldoza St - Monfort Blvd,jaro - 8,Iloilo-Capiz Rd - Lopez Jaena St,5500.0,1.1967,E Lopez St - Plaza Rizal St - Commission Civil St,jaro - 4,jaro - 5,1366.63,1354.09,752.16
lapaz - 9,Baldoza St - Monfort Blvd,jaro - 8,Iloilo-Capiz Rd - Lopez Jaena St,5500.0,1.1967,Luna St,lapaz - 3,jaro - 1,1366.63,1354.09,752.16
lapaz - 9,Baldoza St - Monfort Blvd,jaro - 8,Iloilo-Capiz Rd - Lopez Jaena St,5500.0,1.1967,Burgos St,lapaz - 7,jaro - 2,1366.63,1363.81,168.91
lapaz - 9,Baldoza St - Monfort Blvd,lapaz - 3,Luna St - Luna St,8500.0,1.3356,Bonifacio Drive,Proper - 7,lapaz - 10,1625.29,1616.08,552.43
lapaz - 9,Baldoza St - Monfort Blvd,lapaz - 3,Luna St - Luna St,8500.0,1.3356,Gen Luna St 2 (Rev),Proper - 8,Proper - 7,1625.29,1616.08,552.43
lapaz - 9,Baldoza St - Monfort Blvd,lapaz - 3,Luna St - Luna St,8500.0,1.3356,Gen Luna St 3 (Rev),Proper - 9,Proper - 8,1625.29,1616.08,552.43
lapaz - 9,Baldoza St - Monfort Blvd,lapaz - 3,Luna St - Luna St,8500.0,1.3356,Luna St - Huervana St (Rev),lapaz - 1,lapaz - 3,1625.29,1603.98,1278.55
lapaz - 9,Baldoza St - Monfort Blvd,lapaz - 3,Luna St - Luna St,8500.0,1.3356,Luna St - Esplanade 5 (Rev),lapaz - 10,lapaz - 1,1625.29,1616.08,552.43
lapaz - 9,Baldoza St - Monfort Blvd,lapaz - 3,Luna St - Luna St,8500.0,1.3356,Quirino - Lopez Bridge (Rev),lapuz - 2,Proper - 9,1625.29,1616.08,552.43
lapaz - 9,Baldoza St - Monfort Blvd,lapaz - 3,Luna St - Luna St,8500.0,1.3356,Rizal St - Huervana St (Rev),lapuz - 2,lapaz - 2,1625.29,1616.13,549.17
lapaz - 10,Luna St - Taytay Forbes,Molo - 5,Locsin St. - Timawa St.,9000.0,1.0181,M.H Del Pilar,Molo - 8,Molo - 9,1477.59,1474.02,214.4
lapaz - 10,Luna St - Taytay Forbes,Molo - 5,Locsin St. - Timawa St.,9000.0,1.0181,M.H Del Pilar (Rev),Molo - 9,Molo - 4,1477.59,1474.02,214.4
lapaz - 10,Luna St - Taytay Forbes,Molo - 5,Locsin St. - Timawa St.,9000.0,1.0181,Infante St 1 (Rev),Proper - 2,Proper - 1,1477.59,1458.61,1138.52
lapaz - 10,Luna St - Taytay Forbes,Molo - 5,Locsin St. - Timawa St.,9000.0,1.0181,Ruperto Montinola St 2,Proper - 10,Proper - 11,1477.59,1469.24,500.63
lapaz - 10,Luna St - Taytay Forbes,Molo - 5,Locsin St. - Timawa St.,9000.0,1.0181,Ruperto Montinola St 2 (Rev),Proper - 11,Proper - 10,1477.59,1472.2,323.11
lapaz - 10,Luna St - Taytay Forbes,Molo - 6,Locsin St. - Baluarte - Calumpag - Villa - Oton Blvd,4000.0,1.0716,Locsin St,Molo - 4,Molo - 5,488.76,487.54,72.79
lapaz - 10,Luna St - Taytay Forbes,Molo - 6,Locsin St. - Baluarte - Calumpag - Villa - Oton Blvd,4000.0,1.0716,Rotunda,Molo - 7,Molo - 8,488.76,487.54,72.79
lapaz - 10,Luna St - Taytay Forbes,Molo - 6,Locsin St. - Baluarte - Calumpag - Villa - Oton Blvd,4000.0,1.0716,M.H Del Pilar,Molo - 8,Molo - 9,488.76,487.54,72.79
lapaz - 10,Luna St - Taytay Forbes,Molo - 6,Locsin St. - Baluarte - Calumpag - Villa - Oton Blvd,4000.0,1.0716,M.H Del Pilar (Rev),Molo - 9,Molo - 4,488.76,487.54,72.79
lapaz - 10,Luna St - Taytay Forbes,Molo - 6,Locsin St. - Baluarte - Calumpag - Villa - Oton Blvd,4000.0,1.0716,Gen Luna - Molo Connect,Proper - 1,Molo - 7,488.76,487.54,72.79
lapaz - 10,Luna St - Taytay Forbes,Molo - 6,Locsin St. - Baluarte - Calumpag - Villa - Oton Blvd,4000.0,1.0716,Infante St 1,Proper - 1,Proper - 2,488.76,478.97,587.3
lapaz - 10,Luna St - Taytay Forbes,Molo - 9,M.H Del Pilar St. 2,4000.0,1.2592,Infante St 1 (Rev),Proper - 2,Proper - 1,522.6,521.34,75.45
lapaz - 10,Luna St - Taytay Forbes,Molo - 10,M.H Del Pilar St. 2,4000.0,1.2578,Infante St 1 (Rev),Proper - 2,Proper - 1,524.8,523.55,75.45
lapaz - 10,Luna St - Taytay Forbes,Proper - 2,Delgado St - Infante St,4500.0,1.0866,Gen Luna St 2,Proper - 7,Proper - 8,402.8,391.45,681.02
lapaz - 10,Luna St - Taytay Forbes,Proper - 3,Rizal St - Infante St,9500.0,1.0931,Gen Luna St 3,Proper - 8,Proper - 9,1704.49,1676.28,1692.73
lapaz - 10,Luna St - Taytay Forbes,Proper - 3,Rizal St - Infante St,9500.0,1.0931,Gen Luna St 3 (Rev),Proper - 9,Proper - 8,1704.49,1655.5,2939.92
lapaz - 10,Luna St - Taytay Forbes,Proper - 3,Rizal St - Infante St,9500.0,1.0931,Ruperto Montinola St 2 (Rev),Proper - 11,Proper - 10,1704.49,1661.43,2583.6
lapaz - 10,Luna St - Taytay Forbes,Proper - 4,Baluarte - Calumpang - Villa - Oton Blvd - Infante St,6000.0,1.1542,Infante St 1,Proper - 1,Proper - 2,875.25,825.85,2963.91
lapaz - 10,Luna St - Taytay Forbes,Proper - 4,Baluarte - Calumpang - Villa - Oton Blvd - Infante St,6000.0,1.1542,Gen Luna St 3,Proper - 8,Proper - 9,875.25,870.69,273.56
lapaz - 10,Luna St - Taytay Forbes,Proper - 4,Baluarte - Calumpang - Villa - Oton Blvd - Infante St,6000.0,1.1542,Ruperto Montinola St 2,Proper - 10,Proper - 11,875.25,865.43,588.88
lapaz - 10,Luna St - Taytay Forbes,Proper - 5,Baluarte - Calumpang - Villa - Oton Blvd - Rizal St,4000.0,1.099,Gen Luna St 2,Proper - 7,Proper - 8,385.46,352.14,1998.95
lapaz - 10,Luna St - Taytay Forbes,Proper - 6,Ledesma St - Rizal St,3500.0,1.1529,Gen Luna St 2,Proper - 7,Proper - 8,327.36,294.99,1942.11
lapaz - 10,Luna St - Taytay Forbes,Proper - 10,Delgado St - Ruperto Montinola St,9000.0,1.4004,Gen Luna St 3 (Rev),Proper - 9,Proper - 8,1387.52,1383.55,237.96
lapaz - 10,Luna St - Taytay Forbes,Proper - 11,Ledesma St - Ruperto Montinola St,9500.0,1.317,Gen Luna St 3 (Rev),Proper - 9,Proper - 8,1611.21,1603.49,463.49
lapaz - 10,Luna St - Taytay Forbes,Proper - 11,Ledesma St - Ruperto Montinola St,9500.0,1.317,Muelle Loney St 2,Proper - 12,Proper - 18,1611.21,1569.82,2483.69
lapaz - 10,Luna St - Taytay Forbes,Proper - 11,Ledesma St - Ruperto Montinola St,9500.0,1.317,JM Basa St 1 (Rev),Proper - 13,Proper - 11,1611.21,1569.82,2483.69
lapaz - 10,Luna St - Taytay Forbes,Proper - 11,Ledesma St - Ruperto Montinola St,9500.0,1.317,Dela Rama St 1 (Rev),Proper - 17,Proper - 13,1611.21,1569.82,2483.69
lapaz - 10,Luna St - Taytay Forbes,Proper - 11,Ledesma St - Ruperto Montinola St,9500.0,1.317,Blumentritt 1 (Rev),Proper - 18,Proper - 17,1611.21,1569.82,2483.69
lapaz - 10,Luna St - Taytay Forbes,Proper - 12,Arroyo St - Muelle Loney St,10000.0,1.2639,Gen Luna St 3 (Rev),Proper - 9,Proper - 8,2126.19,1909.07,13027.15
lapaz - 10,Luna St - Taytay Forbes,Proper - 13,JM Basa St - De la Rama St,4000.0,1.2514,Gen Luna St 3,Proper - 8,Proper - 9,352.31,350.94,82.15
lapaz - 10,Luna St - Taytay Forbes,Proper - 14,JM Basa St - Rizal St,4000.0,1.172,Gen Luna St 3,Proper - 8,Proper - 9,391.34,389.97,82.76
lapaz - 10,Luna St - Taytay Forbes,Proper - 15,General Hughes St - Duran St,4000.0,1.2971,Gen Luna St 3,Proper - 8,Proper - 9,469.13,467.0,127.51
lapaz - 10,Luna St - Taytay Forbes,Proper - 17,Dela Rama St - Blumentritt,9000.0,1.1458,Gen Luna St 3,Proper - 8,Proper - 9,2469.77,2409.98,3587.07
lapaz - 10,Luna St - Taytay Forbes,Proper - 17,Dela Rama St - Blumentritt,9000.0,1.1458,Gen Luna St 3 (Rev),Proper - 9,Proper - 8,2469.77,2383.62,5168.63
lapaz - 10,Luna St - Taytay Forbes,Proper - 17,Dela Rama St - Blumentritt,9000.0,1.1458,JM Basa St 2,Proper - 13,Proper - 14,2469.77,2400.99,4126.81
lapaz - 10,Luna St - Taytay Forbes,Proper - 17,Dela Rama St - Blumentritt,9000.0,1.1458,Muelle Loney St 3,Proper - 18,Proper - 19,2469.77,2444.07,1542.07
lapaz - 10,Luna St - Taytay Forbes,Proper - 18,Muelle Loney St - Blumentritt Left,9000.0,1.208,Gen Luna St 3,Proper - 8,Proper - 9,2188.78,2163.45,1520.09
lapaz - 10,Luna St - Taytay Forbes,Proper - 18,Muelle Loney St - Blumentritt Left,9000.0,1.208,Gen Luna St 3 (Rev),Proper - 9,Proper - 8,2188.78,2082.93,6351.02
lapaz - 10,Luna St - Taytay Forbes,Proper - 18,Muelle Loney St - Blumentritt Left,9000.0,1.208,Arroyo St (Rev),Proper - 11,Proper - 12,2188.78,2176.28,750.08
lapaz - 10,Luna St - Taytay Forbes,Proper - 19,Muelle Loney St - Blumentritt Right,8500.0,1.0705,Gen Luna St 3,Proper - 8,Proper - 9,1886.01,1804.49,4890.9
lapaz - 10,Luna St - Taytay Forbes,Proper - 19,Muelle Loney St - Blumentritt Right,8500.0,1.0705,Gen Luna St 3 (Rev),Proper - 9,Proper - 8,1886.01,1804.09,4915.28
lapaz - 10,Luna St - Taytay Forbes,Proper - 19,Muelle Loney St - Blumentritt Right,8500.0,1.0705,Blumentritt 1,Proper - 17,Proper - 18,1886.01,1873.62,743.46
lapaz - 10,Luna St - Taytay Forbes,Proper - 21,Fort San Pedro Dr - Muelle Loney St,3500.0,1.0248,Gen Luna St 3,Proper - 8,Proper - 9,353.06,348.01,303.06
lapaz - 10,Luna St - Taytay Forbes,Proper - 21,Fort San Pedro Dr - Muelle Loney St,3500.0,1.0248,Dela Rama St 1,Proper - 13,Proper - 17,353.06,353.03,1.44
lapaz - 10,Luna St - Taytay Forbes,mandurriao - 2,Mandurriao - Jaro Rd - Mandurriao - Sn Miguel Rd,4000.0,1.0527,Old Iloilo - Capiz Rd (Rev),Proper - 1,mandurriao - 1,634.46,608.16,1578.28
lapaz - 10,Luna St - Taytay Forbes,mandurriao - 3,Mandurriao - Sn Miguel Rd - R Mapa St,4000.0,1.0468,Old Iloilo - Capiz Rd (Rev),Proper - 1,mandurriao - 1,711.0,684.7,1578.28
lapaz - 10,Luna St - Taytay Forbes,mandurriao - 4,R Mapa St - Mandurriao - Jaro Rd,3500.0,1.0236,Old Iloilo - Capiz Rd (Rev),Proper - 1,mandurriao - 1,540.97,516.7,1456.28
lapaz - 10,Luna St - Taytay Forbes,mandurriao - 6,R Mapa St - Donato Pison Ave,2500.0,1.2189,Rotunda,Molo - 7,Molo - 8,414.76,399.48,917.24
lapaz - 10,Luna St - Taytay Forbes,mandurriao - 6,R Mapa St - Donato Pison Ave,2500.0,1.2189,Gen Luna - Molo Connect,Proper - 1,Molo - 7,414.76,399.48,917.24
lapaz - 10,Luna St - Taytay Forbes,jaro - 9,Iloilo-Capiz Rd - Balabago Rd,3000.0,1.3413,E Lopez St,jaro - 1,jaro - 4,506.61,503.04,214.4
lapaz - 10,Luna St - Taytay Forbes,jaro - 9,Iloilo-Capiz Rd - Balabago Rd,3000.0,1.3413,Luna St,lapaz - 3,jaro - 1,506.61,503.04,214.4
lapaz - 10,Luna St - Taytay Forbes,jaro - 19,Monfort Blvd,4500.0,1.1768,Huervana St - Rizal St,lapaz - 1,lapaz - 2,775.61,762.0,816.62
lapuz - 2,Rizal St - Quirino-Lopez Bridge,Molo - 3,Locsin St - San Marcos St.,6500.0,1.1266,Gen Luna St 2,Proper - 7,Proper - 8,957.75,955.59,129.71
lapuz - 2,Rizal St - Quirino-Lopez Bridge,Molo - 3,Locsin St - San Marcos St.,6500.0,1.1266,Gen Luna St 2 (Rev),Proper - 8,Proper - 7,957.75,840.44,7038.84
lapuz - 2,Rizal St - Quirino-Lopez Bridge,Molo - 3,Locsin St - San Marcos St.,6500.0,1.1266,Ruperto Montinola St 2,Proper - 10,Proper - 11,957.75,957.73,1.49
lapuz - 2,Rizal St - Quirino-Lopez Bridge,Molo - 4,Locsin St. - M.H Del Pilar St. 2,5500.0,1.1269,Gen Luna St 2 (Rev),Proper - 8,Proper - 7,729.81,666.6,3792.7
lapuz - 2,Rizal St - Quirino-Lopez Bridge,Molo - 5,Locsin St. - Timawa St.,5500.0,1.1272,Gen Luna St 2 (Rev),Proper - 8,Proper - 7,696.18,670.75,1526.02
lapuz - 2,Rizal St - Quirino-Lopez Bridge,Molo - 7,San Marcos St. - MH del Pilar St. 1 (Rotunda),6000.0,1.1874,Infante St 1 (Rev),Proper - 2,Proper - 1,810.83,806.44,263.86
lapuz - 2,Rizal St - Quirino-Lopez Bridge,Molo - 7,San Marcos St. - MH del Pilar St. 1 (Rotunda),6000.0,1.1874,Gen Luna St 2 (Rev),Proper - 8,Proper - 7,810.83,709.43,6084.22
lapuz - 2,Rizal St - Quirino-Lopez Bridge,Molo - 7,San Marcos St. - MH del Pilar St. 1 (Rotunda),6000.0,1.1874,Ruperto Montinola St 2,Proper - 10,Proper - 11,810.83,808.55,136.8
lapuz - 2,Rizal St - Quirino-Lopez Bridge,Molo - 8,San Marcos St. - MH del Pilar St. 1 (Rotunda),6000.0,1.1815,Infante St 1 (Rev),Proper - 2,Proper - 1,833.15,828.28,292.47
lapuz - 2,Rizal St - Quirino-Lopez Bridge,Molo - 8,San Marcos St. - MH del Pilar St. 1 (Rotunda),6000.0,1.1815,Gen Luna St 2 (Rev),Proper - 8,Proper - 7,833.15,731.75,6084.22
lapuz - 2,Rizal St - Quirino-Lopez Bridge,Molo - 8,San Marcos St. - MH del Pilar St. 1 (Rotunda),6000.0,1.1815,Ruperto Montinola St 2,Proper - 10,Proper - 11,833.15,830.87,136.8
lapuz - 2,Rizal St - Quirino-Lopez Bridge,Proper - 2,Delgado St - Infante St,5500.0,1.2007,Gen Luna St 2 (Rev),Proper - 8,Proper - 7,541.79,513.54,1695.24
lapuz - 2,Rizal St - Quirino-Lopez Bridge,Proper - 3,Rizal St - Infante St,6000.0,1.1496,Gen Luna St 2 (Rev),Proper - 8,Proper - 7,652.62,627.16,1527.6
lapuz - 2,Rizal St - Quirino-Lopez Bridge,Proper - 3,Rizal St - Infante St,6000.0,1.1496,Ruperto Montinola St 2 (Rev),Proper - 11,Proper - 10,652.62,638.0,876.73
lapuz - 2,Rizal St - Quirino-Lopez Bridge,Proper - 4,Baluarte - Calumpang - Villa - Oton Blvd - Infante St,6000.0,1.2866,Infante St 1,Proper - 1,Proper - 2,909.17,891.45,1063.12
lapuz - 2,Rizal St - Quirino-Lopez Bridge,Proper - 4,Baluarte - Calumpang - Villa - Oton Blvd - Infante St,6000.0,1.2866,Timawa St (Rev),Proper - 2,Molo - 5,909.17,909.16,0.54
lapuz - 2,Rizal St - Quirino-Lopez Bridge,Proper - 4,Baluarte - Calumpang - Villa - Oton Blvd - Infante St,6000.0,1.2866,Gen Luna St 2 (Rev),Proper - 8,Proper - 7,909.17,892.17,1020.05
lapuz - 2,Rizal St - Quirino-Lopez Bridge,Proper - 4,Baluarte - Calumpang - Villa - Oton Blvd - Infante St,6000.0,1.2866,Ruperto Montinola St 2,Proper - 10,Proper - 11,909.17,894.55,877.01
lapuz - 2,Rizal St - Quirino-Lopez Bridge,Proper - 4,Baluarte - Calumpang - Villa - Oton Blvd - Infante St,6000.0,1.2866,Ruperto Montinola St 2 (Rev),Proper - 11,Proper - 10,909.17,895.41,825.38
lapuz - 2,Rizal St - Quirino-Lopez Bridge,Proper - 12,Arroyo St - Muelle Loney St,6000.0,1.3346,Gen Luna St 3 (Rev),Proper - 9,Proper - 8,476.95,422.8,3248.82
lapuz - 2,Rizal St - Quirino-Lopez Bridge,Proper - 13,JM Basa St - De la Rama St,6000.0,1.1206,Gen Luna St 3 (Rev),Proper - 9,Proper - 8,733.95,692.29,2499.81
lapuz - 2,Rizal St - Quirino-Lopez Bridge,Proper - 14,JM Basa St - Rizal St,5500.0,1.1937,Gen Luna St 3 (Rev),Proper - 9,Proper - 8,696.33,667.34,1739.34
lapuz - 2,Rizal St - Quirino-Lopez Bridge,Proper - 15,General Hughes St - Duran St,6000.0,1.1382,Gen Luna St 3 (Rev),Proper - 9,Proper - 8,913.08,846.49,3995.76
lapuz - 2,Rizal St - Quirino-Lopez Bridge,Proper - 15,General Hughes St - Duran St,6000.0,1.1382,Arroyo St,Proper - 12,Proper - 11,913.08,906.49,395.37
lapuz - 2,Rizal St - Quirino-Lopez Bridge,Proper - 17,Dela Rama St - Blumentritt,6000.0,1.267,Gen Luna St 3 (Rev),Proper - 9,Proper - 8,867.27,828.56,2322.44
lapuz - 2,Rizal St - Quirino-Lopez Bridge,Proper - 17,Dela Rama St - Blumentritt,6000.0,1.267,Arroyo St (Rev),Proper - 11,Proper - 12,867.27,849.19,1084.43
lapuz - 2,Rizal St - Quirino-Lopez Bridge,Proper - 18,Muelle Loney St - Blumentritt Left,6000.0,1.1248,Gen Luna St 3 (Rev),Proper - 9,Proper - 8,794.58,749.98,2675.95
lapuz - 2,Rizal St - Quirino-Lopez Bridge,Proper - 19,Muelle Loney St - Blumentritt Right,5000.0,1.1582,Arroyo St (Rev),Proper - 11,Proper - 12,553.39,552.68,43.12
lapuz - 2,Rizal St - Quirino-Lopez Bridge,Proper - 19,Muelle Loney St - Blumentritt Right,5000.0,1.1582,Blumentritt 1,Proper - 17,Proper - 18,553.39,526.63,1605.7
lapuz - 2,Rizal St - Quirino-Lopez Bridge,Proper - 19,Muelle Loney St - Blumentritt Right,5000.0,1.1582,Blumentritt 1 (Rev),Proper - 18,Proper - 17,553.39,552.62,46.25
lapuz - 2,Rizal St - Quirino-Lopez Bridge,mandurriao - 2,Mandurriao - Jaro Rd - Mandurriao - Sn Miguel Rd,3500.0,1.1527,Old Iloilo - Capiz Rd (Rev),Proper - 1,mandurriao - 1,535.19,521.33,831.41
lapuz - 2,Rizal St - Quirino-Lopez Bridge,mandurriao - 4,R Mapa St - Mandurriao - Jaro Rd,3500.0,1.1071,Old Iloilo - Capiz Rd (Rev),Proper - 1,mandurriao - 1,552.87,542.41,627.49
lapuz - 2,Rizal St - Quirino-Lopez Bridge,mandurriao - 6,R Mapa St - Donato Pison Ave,2500.0,1.197,Rotunda,Molo - 7,Molo - 8,403.44,378.52,1494.97
lapuz - 2,Rizal St - Quirino-Lopez Bridge,mandurriao - 6,R Mapa St - Donato Pison Ave,2500.0,1.197,San Marcos St,Molo - 8,Molo - 3,403.44,394.31,547.51
lapuz - 2,Rizal St - Quirino-Lopez Bridge,mandurriao - 6,R Mapa St - Donato Pison Ave,2500.0,1.197,Gen Luna - Molo Connect,Proper - 1,Molo - 7,403.44,378.52,1494.97
lapuz - 2,Rizal St - Quirino-Lopez Bridge,mandurriao - 7,Tabucan Mandurriao,4500.0,1.0216,Rotunda,Molo - 7,Molo - 8,1834.84,1810.23,1476.76
lapuz - 2,Rizal St - Quirino-Lopez Bridge,mandurriao - 7,Tabucan Mandurriao,4500.0,1.0216,San Marcos St,Molo - 8,Molo - 3,1834.84,1827.74,426.19
lapuz - 2,Rizal St - Quirino-Lopez Bridge,mandurriao - 7,Tabucan Mandurriao,4500.0,1.0216,Gen Luna - Molo Connect,Proper - 1,Molo - 7,1834.84,1810.23,1476.76
lapuz - 2,Rizal St - Quirino-Lopez Bridge,mandurriao - 7,Tabucan Mandurriao,4500.0,1.0216,Infante St 1 (Rev),Proper - 2,Proper - 1,1834.84,1808.23,1596.5
lapuz - 2,Rizal St - Quirino-Lopez Bridge,mandurriao - 7,Tabucan Mandurriao,4500.0,1.0216,Ruperto Montinola St 1,Proper - 8,Proper - 10,1834.84,1831.85,179.5
lapuz - 2,Rizal St - Quirino-Lopez Bridge,mandurriao - 7,Tabucan Mandurriao,4500.0,1.0216,Delgado St (Rev),Proper - 10,Proper - 2,1834.84,1832.43,144.6
lapuz - 2,Rizal St - Quirino-Lopez Bridge,jaro - 1,E Lopez St - Luna St,5000.0,1.2697,Luna St - Huervana St (Rev),lapaz - 1,lapaz - 3,570.08,568.86,73.09
lapuz - 2,Rizal St - Quirino-Lopez Bridge,jaro - 6,Plaza Rizal St - Iloilo-Capiz Rd/Lopez Jaena St,9500.0,1.239,Huervana St - Rizal St,lapaz - 1,lapaz - 2,1992.04,1933.16,3532.43
lapuz - 2,Rizal St - Quirino-Lopez Bridge,jaro - 6,Plaza Rizal St - Iloilo-Capiz Rd/Lopez Jaena St,9500.0,1.239,Huervana St - Burgos St,lapaz - 2,lapaz - 4,1992.04,1981.24,647.98
lapuz - 2,Rizal St - Quirino-Lopez Bridge,jaro - 6,Plaza Rizal St - Iloilo-Capiz Rd/Lopez Jaena St,9500.0,1.239,Huervana St - Jereos St,lapaz - 4,lapaz - 5,1992.04,1981.24,647.98
lapuz - 2,Rizal St - Quirino-Lopez Bridge,jaro - 7,Plaza Rizal St - El 98 St,6500.0,1.0206,Huervana St - Rizal St,lapaz - 1,lapaz - 2,757.39,757.03,21.58
lapuz - 2,Rizal St - Quirino-Lopez Bridge,jaro - 8,Iloilo-Capiz Rd - Lopez Jaena St,2500.0,1.2663,Rizal St - Luna St,lapaz - 2,lapaz - 3,443.94,442.51,86.01
lapuz - 2,Rizal St - Quirino-Lopez Bridge,jaro - 9,Iloilo-Capiz Rd - Balabago Rd,3000.0,1.295,E Lopez St,jaro - 1,jaro - 4,557.65,545.63,721.7
lapuz - 2,Rizal St - Quirino-Lopez Bridge,jaro - 9,Iloilo-Capiz Rd - Balabago Rd,3000.0,1.295,Rizal St - Luna St,lapaz - 2,lapaz - 3,557.65,542.68,898.32
lapuz - 2,Rizal St - Quirino-Lopez Bridge,jaro - 9,Iloilo-Capiz Rd - Balabago Rd,3000.0,1.295,Luna St,lapaz - 3,jaro - 1,557.65,545.63,721.7
lapuz - 2,Rizal St - Quirino-Lopez Bridge,jaro - 10,Balabago Rd - Iloilo Circumferential Rd 1,3500.0,1.1523,Huervana St - Burgos St,lapaz - 2,lapaz - 4,582.52,581.62,53.83
lapuz - 2,Rizal St - Quirino-Lopez Bridge,jaro - 10,Balabago Rd - Iloilo Circumferential Rd 1,3500.0,1.1523,Huervana St - Jereos St,lapaz - 4,lapaz - 5,582.52,581.62,53.83
lapuz - 2,Rizal St - Quirino-Lopez Bridge,jaro - 10,Balabago Rd - Iloilo Circumferential Rd 1,3500.0,1.1523,Lopez Jaena St,lapaz - 5,lapaz - 8,582.52,581.62,53.83
lapuz - 2,Rizal St - Quirino-Lopez Bridge,jaro - 10,Balabago Rd - Iloilo Circumferential Rd 1,3500.0,1.1523,Baldoza St,lapaz - 8,lapaz - 9,582.52,581.62,53.83
lapuz - 2,Rizal St - Quirino-Lopez Bridge,jaro - 12,Buhang Flyover,3000.0,1.0894,Huervana St - Burgos St,lapaz - 2,lapaz - 4,502.01,494.59,445.2
lapuz - 2,Rizal St - Quirino-Lopez Bridge,jaro - 12,Buhang Flyover,3000.0,1.0894,Huervana St - Jereos St,lapaz - 4,lapaz - 5,502.01,494.59,445.2
lapuz - 2,Rizal St - Quirino-Lopez Bridge,jaro - 12,Buhang Flyover,3000.0,1.0894,Lopez Jaena St,lapaz - 5,lapaz - 8,502.01,494.59,445.2
lapuz - 2,Rizal St - Quirino-Lopez Bridge,jaro - 12,Buhang Flyover,3000.0,1.0894,Baldoza St,lapaz - 8,lapaz - 9,502.01,494.59,445.2
lapuz - 2,Rizal St - Quirino-Lopez Bridge,jaro - 13,Buhang Flyover,2500.0,1.0283,Iloilo-Capiz Rd - Buhang Flyover (Rev),jaro - 12,jaro - 14,422.04,416.56,329.0
lapuz - 2,Rizal St - Quirino-Lopez Bridge,jaro - 13,Buhang Flyover,2500.0,1.0283,Huervana St - Burgos St,lapaz - 2,lapaz - 4,422.04,414.73,438.47
lapuz - 2,Rizal St - Quirino-Lopez Bridge,jaro - 13,Buhang Flyover,2500.0,1.0283,Huervana St - Jereos St,lapaz - 4,lapaz - 5,422.04,414.73,438.47
lapuz - 2,Rizal St - Quirino-Lopez Bridge,jaro - 13,Buhang Flyover,2500.0,1.0283,Lopez Jaena St,lapaz - 5,lapaz - 8,422.04,414.73,438.47
lapuz - 2,Rizal St - Quirino-Lopez Bridge,jaro - 13,Buhang Flyover,2500.0,1.0283,Baldoza St,lapaz - 8,lapaz - 9,422.04,414.73,438.47
lapuz - 2,Rizal St - Quirino-Lopez Bridge,jaro - 13,Buhang Flyover,2500.0,1.0283,Rizal St - Ferry Terminal Access Rd,lapuz - 2,lapuz - 4,422.04,420.5,92.28
lapuz - 2,Rizal St - Quirino-Lopez Bridge,jaro - 13,Buhang Flyover,2500.0,1.0283,Rizal St - Iloilo Airport Direct Rd,lapuz - 4,lapuz - 6,422.04,420.5,92.28
lapuz - 2,Rizal St - Quirino-Lopez Bridge,jaro - 13,Buhang Flyover,2500.0,1.0283,Lapuz Mansaya Loboc Rd,lapuz - 6,lapuz - 7,422.04,420.5,92.28
lapuz - 2,Rizal St - Quirino-Lopez Bridge,jaro - 13,Buhang Flyover,2500.0,1.0283,Coastal Rd (Rev),lapuz - 7,lapaz - 9,422.04,420.5,92.28
lapuz - 2,Rizal St - Quirino-Lopez Bridge,jaro - 14,Iloilo-Capiz Rd - Iloilo Circumferential Rd 1,2500.0,1.0581,Huervana St - Burgos St,lapaz - 2,lapaz - 4,403.47,398.71,285.85
lapuz - 2,Rizal St - Quirino-Lopez Bridge,jaro - 14,Iloilo-Capiz Rd - Iloilo Circumferential Rd 1,2500.0,1.0581,Huervana St - Jereos St,lapaz - 4,lapaz - 5,403.47,398.71,285.85
lapuz - 2,Rizal St - Quirino-Lopez Bridge,jaro - 14,Iloilo-Capiz Rd - Iloilo Circumferential Rd 1,2500.0,1.0581,Lopez Jaena St,lapaz - 5,lapaz - 8,403.47,398.71,285.85
lapuz - 2,Rizal St - Quirino-Lopez Bridge,jaro - 14,Iloilo-Capiz Rd - Iloilo Circumferential Rd 1,2500.0,1.0581,Baldoza St,lapaz - 8,lapaz - 9,403.47,398.71,285.85
lapuz - 2,Rizal St - Quirino-Lopez Bridge,jaro - 15,Iloilo Circumferential Rd 1 - Iloilo Radial By-Pass Rd 4,2500.0,1.025,Iloilo-Capiz Rd - Buhang Flyover (Rev),jaro - 12,jaro - 14,470.99,465.57,325.19
lapuz - 2,Rizal St - Quirino-Lopez Bridge,jaro - 15,Iloilo Circumferential Rd 1 - Iloilo Radial By-Pass Rd 4,2500.0,1.025,Huervana St - Burgos St,lapaz - 2,lapaz - 4,470.99,463.84,428.81
lapuz - 2,Rizal St - Quirino-Lopez Bridge,jaro - 15,Iloilo Circumferential Rd 1 - Iloilo Radial By-Pass Rd 4,2500.0,1.025,Huervana St - Jereos St,lapaz - 4,lapaz - 5,470.99,463.84,428.81
lapuz - 2,Rizal St - Quirino-Lopez Bridge,jaro - 15,Iloilo Circumferential Rd 1 - Iloilo Radial By-Pass Rd 4,2500.0,1.025,Lopez Jaena St,lapaz - 5,lapaz - 8,470.99,463.84,428.81
lapuz - 2,Rizal St - Quirino-Lopez Bridge,jaro - 15,Iloilo Circumferential Rd 1 - Iloilo Radial By-Pass Rd 4,2500.0,1.025,Baldoza St,lapaz - 8,lapaz - 9,470.99,463.84,428.81
lapuz - 2,Rizal St - Quirino-Lopez Bridge,jaro - 15,Iloilo Circumferential Rd 1 - Iloilo Radial By-Pass Rd 4,2500.0,1.025,Rizal St - Ferry Terminal Access Rd,lapuz - 2,lapuz - 4,470.99,469.61,82.62
lapuz - 2,Rizal St - Quirino-Lopez Bridge,jaro - 15,Iloilo Circumferential Rd 1 - Iloilo Radial By-Pass Rd 4,2500.0,1.025,Rizal St - Iloilo Airport Direct Rd,lapuz - 4,lapuz - 6,470.99,469.61,82.62
lapuz - 2,Rizal St - Quirino-Lopez Bridge,jaro - 15,Iloilo Circumferential Rd 1 - Iloilo Radial By-Pass Rd 4,2500.0,1.025,Lapuz Mansaya Loboc Rd,lapuz - 6,lapuz - 7,470.99,469.61,82.62
lapuz - 2,Rizal St - Quirino-Lopez Bridge,jaro - 15,Iloilo Circumferential Rd 1 - Iloilo Radial By-Pass Rd 4,2500.0,1.025,Coastal Rd (Rev),lapuz - 7,lapaz - 9,470.99,469.61,82.62
lapuz - 2,Rizal St - Quirino-Lopez Bridge,lapaz - 7,Huervana Ext - Burgos St,6500.0,1.2257,Huervana St - Rizal St,lapaz - 1,lapaz - 2,831.81,822.36,566.64
lapuz - 2,Rizal St - Quirino-Lopez Bridge,lapaz - 9,Baldoza St - Monfort Blvd,9000.0,1.3256,Huervana St - Rizal St,lapaz - 1,lapaz - 2,1935.12,1934.95,10.31
lapuz - 4,Rizal St - New Iloilo Ferry Terminal Access Rd,Molo - 3,Locsin St - San Marcos St.,5500.0,1.1979,Infante St 1 (Rev),Proper - 2,Proper - 1,1246.4,1245.1,78.11
lapuz - 4,Rizal St - New Iloilo Ferry Terminal Access Rd,Molo - 3,Locsin St - San Marcos St.,5500.0,1.1979,Gen Luna St 1 (Rev),Proper - 7,Proper - 1,1246.4,1234.45,717.14
lapuz - 4,Rizal St - New Iloilo Ferry Terminal Access Rd,Molo - 3,Locsin St - San Marcos St.,5500.0,1.1979,Gen Luna St 2 (Rev),Proper - 8,Proper - 7,1246.4,1148.48,5875.35
lapuz - 4,Rizal St - New Iloilo Ferry Terminal Access Rd,Molo - 3,Locsin St - San Marcos St.,5500.0,1.1979,Gen Luna St 3 (Rev),Proper - 9,Proper - 8,1246.4,1242.21,251.21
lapuz - 4,Rizal St - New Iloilo Ferry Terminal Access Rd,Molo - 4,Locsin St. - M.H Del Pilar St. 2,5500.0,1.3156,Gen Luna St 2 (Rev),Proper - 8,Proper - 7,1242.77,1153.31,5367.97
lapuz - 4,Rizal St - New Iloilo Ferry Terminal Access Rd,Molo - 5,Locsin St. - Timawa St.,5500.0,1.3018,Gen Luna St 2 (Rev),Proper - 8,Proper - 7,1195.66,1148.45,2832.62
lapuz - 4,Rizal St - New Iloilo Ferry Terminal Access Rd,Molo - 5,Locsin St. - Timawa St.,5500.0,1.3018,Ruperto Montinola St 2,Proper - 10,Proper - 11,1195.66,1195.29,21.86
lapuz - 4,Rizal St - New Iloilo Ferry Terminal Access Rd,Molo - 6,Locsin St. - Baluarte - Calumpag - Villa - Oton Blvd,5500.0,1.0964,Ruperto Montinola St 2,Proper - 10,Proper - 11,1227.03,1225.9,67.75
lapuz - 4,Rizal St - New Iloilo Ferry Terminal Access Rd,Molo - 7,San Marcos St. - MH del Pilar St. 1 (Rotunda),5000.0,1.0804,Gen Luna St 2 (Rev),Proper - 8,Proper - 7,911.17,905.89,316.83
lapuz - 4,Rizal St - New Iloilo Ferry Terminal Access Rd,Molo - 8,San Marcos St. - MH del Pilar St. 1 (Rotunda),5000.0,1.0795,Gen Luna St 2 (Rev),Proper - 8,Proper - 7,921.17,915.89,316.83
lapuz - 4,Rizal St - New Iloilo Ferry Terminal Access Rd,Molo - 9,M.H Del Pilar St. 2,5500.0,1.2045,Infante St 1 (Rev),Proper - 2,Proper - 1,1272.36,1247.04,1518.65
lapuz - 4,Rizal St - New Iloilo Ferry Terminal Access Rd,Molo - 9,M.H Del Pilar St. 2,5500.0,1.2045,Gen Luna St 1 (Rev),Proper - 7,Proper - 1,1272.36,1267.0,321.32
lapuz - 4,Rizal St - New Iloilo Ferry Terminal Access Rd,Molo - 9,M.H Del Pilar St. 2,5500.0,1.2045,Gen Luna St 2 (Rev),Proper - 8,Proper - 7,1272.36,1214.75,3456.28
lapuz - 4,Rizal St - New Iloilo Ferry Terminal Access Rd,Molo - 10,M.H Del Pilar St. 2,5500.0,1.2038,Infante St 1 (Rev),Proper - 2,Proper - 1,1276.11,1250.8,1518.65
lapuz - 4,Rizal St - New Iloilo Ferry Terminal Access Rd,Molo - 10,M.H Del Pilar St. 2,5500.0,1.2038,Gen Luna St 1 (Rev),Proper - 7,Proper - 1,1276.11,1270.76,321.32
lapuz - 4,Rizal St - New Iloilo Ferry Terminal Access Rd,Molo - 10,M.H Del Pilar St. 2,5500.0,1.2038,Gen Luna St 2 (Rev),Proper - 8,Proper - 7,1276.11,1218.51,3456.28
lapuz - 4,Rizal St - New Iloilo Ferry Terminal Access Rd,Proper - 1,Gen Luna St - Infante St,5000.0,1.0895,Gen Luna St 2 (Rev),Proper - 8,Proper - 7,825.22,819.94,316.83
lapuz - 4,Rizal St - New Iloilo Ferry Terminal Access Rd,Proper - 2,Delgado St - Infante St,5500.0,1.3886,Gen Luna St 2 (Rev),Proper - 8,Proper - 7,1045.25,998.57,2800.96
lapuz - 4,Rizal St - New Iloilo Ferry Terminal Access Rd,Proper - 2,Delgado St - Infante St,5500.0,1.3886,Ruperto Montinola St 2,Proper - 10,Proper - 11,1045.25,1043.39,111.74
lapuz - 4,Rizal St - New Iloilo Ferry Terminal Access Rd,Proper - 10,Delgado St - Ruperto Montinola St,5500.0,1.5652,Gen Luna St 3 (Rev),Proper - 9,Proper - 8,899.31,858.42,2453.38
lapuz - 4,Rizal St - New Iloilo Ferry Terminal Access Rd,Proper - 11,Ledesma St - Ruperto Montinola St,5500.0,1.5254,Gen Luna St 3 (Rev),Proper - 9,Proper - 8,908.94,870.25,2321.51
lapuz - 4,Rizal St - New Iloilo Ferry Terminal Access Rd,Proper - 12,Arroyo St - Muelle Loney St,5500.0,1.5455,Gen Luna St 3 (Rev),Proper - 9,Proper - 8,909.77,865.3,2668.21
lapuz - 4,Rizal St - New Iloilo Ferry Terminal Access Rd,Proper - 13,JM Basa St - De la Rama St,5500.0,1.3709,Gen Luna St 3 (Rev),Proper - 9,Proper - 8,1121.09,1069.44,3098.88
lapuz - 4,Rizal St - New Iloilo Ferry Terminal Access Rd,Proper - 14,JM Basa St - Rizal St,5500.0,1.427,Gen Luna St 3 (Rev),Proper - 9,Proper - 8,1262.57,1170.61,5517.56
lapuz - 4,Rizal St - New Iloilo Ferry Terminal Access Rd,Proper - 15,General Hughes St - Duran St,5500.0,1.3452,Gen Luna St 3 (Rev),Proper - 9,Proper - 8,1280.44,1214.09,3981.27
lapuz - 4,Rizal St - New Iloilo Ferry Terminal Access Rd,Proper - 17,Dela Rama St - Blumentritt,5500.0,1.1869,Gen Luna St 3 (Rev),Proper - 9,Proper - 8,1240.86,1146.72,5648.26
lapuz - 4,Rizal St - New Iloilo Ferry Terminal Access Rd,Proper - 18,Muelle Loney St - Blumentritt Left,5500.0,1.3532,Gen Luna St 3 (Rev),Proper - 9,Proper - 8,1158.82,1095.49,3799.26
lapuz - 4,Rizal St - New Iloilo Ferry Terminal Access Rd,Proper - 19,Muelle Loney St - Blumentritt Right,5500.0,1.3195,Gen Luna St 3 (Rev),Proper - 9,Proper - 8,1243.34,1202.5,2450.18
lapuz - 4,Rizal St - New Iloilo Ferry Terminal Access Rd,Proper - 19,Muelle Loney St - Blumentritt Right,5500.0,1.3195,Arroyo St (Rev),Proper - 11,Proper - 12,1243.34,1241.42,114.61
lapuz - 4,Rizal St - New Iloilo Ferry Terminal Access Rd,Proper - 19,Muelle Loney St - Blumentritt Right,5500.0,1.3195,Blumentritt 1,Proper - 17,Proper - 18,1243.34,1227.62,942.91
lapuz - 4,Rizal St - New Iloilo Ferry Terminal Access Rd,Proper - 19,Muelle Loney St - Blumentritt Right,5500.0,1.3195,Blumentritt 1 (Rev),Proper - 18,Proper - 17,1243.34,1243.05,17.01
lapuz - 4,Rizal St - New Iloilo Ferry Terminal Access Rd,Proper - 21,Fort San Pedro Dr - Muelle Loney St,5500.0,1.2293,Gen Luna St 3 (Rev),Proper - 9,Proper - 8,1249.83,1182.57,4035.69
lapuz - 4,Rizal St - New Iloilo Ferry Terminal Access Rd,Proper - 22,Fort San Pedro Dr - General Hughes St,5500.0,1.2841,Gen Luna St 3 (Rev),Proper - 9,Proper - 8,1277.46,1216.19,3676.36
lapuz - 4,Rizal St - New Iloilo Ferry Terminal Access Rd,mandurriao - 6,R Mapa St - Donato Pison Ave,2500.0,1.173,Rotunda,Molo - 7,Molo - 8,450.32,425.4,1494.97
lapuz - 4,Rizal St - New Iloilo Ferry Terminal Access Rd,mandurriao - 6,R Mapa St - Donato Pison Ave,2500.0,1.173,San Marcos St,Molo - 8,Molo - 3,450.32,441.27,542.94
lapuz - 4,Rizal St - New Iloilo Ferry Terminal Access Rd,mandurriao - 6,R Mapa St - Donato Pison Ave,2500.0,1.173,Gen Luna - Molo Connect,Proper - 1,Molo - 7,450.32,425.4,1494.97
lapuz - 4,Rizal St - New Iloilo Ferry Terminal Access Rd,jaro - 1,E Lopez St - Luna St,5000.0,1.265,Bonifacio Drive,Proper - 7,lapaz - 10,914.48,884.03,1827.01
lapuz - 4,Rizal St - New Iloilo Ferry Terminal Access Rd,jaro - 1,E Lopez St - Luna St,5000.0,1.265,Luna St - Huervana St (Rev),lapaz - 1,lapaz - 3,914.48,913.43,62.56
lapuz - 4,Rizal St - New Iloilo Ferry Terminal Access Rd,jaro - 1,E Lopez St - Luna St,5000.0,1.265,Luna St - Esplanade 5 (Rev),lapaz - 10,lapaz - 1,914.48,884.03,1827.01
lapuz - 4,Rizal St - New Iloilo Ferry Terminal Access Rd,jaro - 1,E Lopez St - Luna St,5000.0,1.265,Rizal St - Huervana St (Rev),lapuz - 2,lapaz - 2,914.48,903.03,686.94
lapuz - 4,Rizal St - New Iloilo Ferry Terminal Access Rd,jaro - 4,Plaza Rizal St - E Lopez St,5000.0,1.1961,Luna St - Huervana St (Rev),lapaz - 1,lapaz - 3,795.88,795.56,18.89
lapuz - 4,Rizal St - New Iloilo Ferry Terminal Access Rd,jaro - 5,Plaza Rizal St - Commission Civil St,4500.0,1.1901,Rizal St - Huervana St (Rev),lapuz - 2,lapaz - 2,663.27,661.76,90.77
lapuz - 4,Rizal St - New Iloilo Ferry Terminal Access Rd,jaro - 6,Plaza Rizal St - Iloilo-Capiz Rd/Lopez Jaena St,7000.0,1.1786,Bonifacio Drive,Proper - 7,lapaz - 10,1418.31,1418.05,15.78
lapuz - 4,Rizal St - New Iloilo Ferry Terminal Access Rd,jaro - 6,Plaza Rizal St - Iloilo-Capiz Rd/Lopez Jaena St,7000.0,1.1786,Luna St - Huervana St (Rev),lapaz - 1,lapaz - 3,1418.31,1417.64,40.18
lapuz - 4,Rizal St - New Iloilo Ferry Terminal Access Rd,jaro - 6,Plaza Rizal St - Iloilo-Capiz Rd/Lopez Jaena St,7000.0,1.1786,Luna St - Esplanade 5 (Rev),lapaz - 10,lapaz - 1,1418.31,1418.05,15.78
lapuz - 4,Rizal St - New Iloilo Ferry Terminal Access Rd,jaro - 8,Iloilo-Capiz Rd - Lopez Jaena St,3000.0,1.1695,E Lopez St - Plaza Rizal St - Commission Civil St,jaro - 4,jaro - 5,590.78,586.25,271.78
lapuz - 4,Rizal St - New Iloilo Ferry Terminal Access Rd,jaro - 9,Iloilo-Capiz Rd - Balabago Rd,2500.0,1.2635,E Lopez St,jaro - 1,jaro - 4,447.85,443.79,243.41
lapuz - 4,Rizal St - New Iloilo Ferry Terminal Access Rd,jaro - 9,Iloilo-Capiz Rd - Balabago Rd,2500.0,1.2635,Rizal St - Luna St,lapaz - 2,lapaz - 3,447.85,443.89,237.5
lapuz - 4,Rizal St - New Iloilo Ferry Terminal Access Rd,jaro - 9,Iloilo-Capiz Rd - Balabago Rd,2500.0,1.2635,Luna St,lapaz - 3,jaro - 1,447.85,443.79,243.41
lapuz - 4,Rizal St - New Iloilo Ferry Terminal Access Rd,jaro - 9,Iloilo-Capiz Rd - Balabago Rd,2500.0,1.2635,Rizal St - Huervana St (Rev),lapuz - 2,lapaz - 2,447.85,447.13,43.34
lapuz - 5,New Iloilo Ferry Terminal Access Rd,Molo - 3,Locsin St - San Marcos St.,5500.0,1.1683,Gen Luna St 1 (Rev),Proper - 7,Proper - 1,1423.56,1412.43,667.38
lapuz - 5,New Iloilo Ferry Terminal Access Rd,Molo - 3,Locsin St - San Marcos St.,5500.0,1.1683,Gen Luna St 2 (Rev),Proper - 8,Proper - 7,1423.56,1326.46,5825.58
lapuz - 5,New Iloilo Ferry Terminal Access Rd,Molo - 3,Locsin St - San Marcos St.,5500.0,1.1683,Gen Luna St 3 (Rev),Proper - 9,Proper - 8,1423.56,1420.2,201.45
lapuz - 5,New Iloilo Ferry Terminal Access Rd,Molo - 4,Locsin St. - M.H Del Pilar St. 2,5500.0,1.1053,Gen Luna St 2 (Rev),Proper - 8,Proper - 7,1419.06,1331.29,5265.76
lapuz - 5,New Iloilo Ferry Terminal Access Rd,Molo - 5,Locsin St. - Timawa St.,5500.0,1.0772,Gen Luna St 2 (Rev),Proper - 8,Proper - 7,1373.64,1326.43,2832.62
lapuz - 5,New Iloilo Ferry Terminal Access Rd,Molo - 5,Locsin St. - Timawa St.,5500.0,1.0772,Ruperto Montinola St 2,Proper - 10,Proper - 11,1373.64,1373.28,21.86
lapuz - 5,New Iloilo Ferry Terminal Access Rd,Molo - 6,Locsin St. - Baluarte - Calumpag - Villa - Oton Blvd,5500.0,1.0831,Ruperto Montinola St 2,Proper - 10,Proper - 11,1405.02,1403.89,67.75
lapuz - 5,New Iloilo Ferry Terminal Access Rd,Molo - 7,San Marcos St. - MH del Pilar St. 1 (Rotunda),5000.0,1.0694,Gen Luna St 2 (Rev),Proper - 8,Proper - 7,1045.45,1040.17,316.83
lapuz - 5,New Iloilo Ferry Terminal Access Rd,Molo - 8,San Marcos St. - MH del Pilar St. 1 (Rotunda),5000.0,1.0687,Gen Luna St 2 (Rev),Proper - 8,Proper - 7,1055.46,1050.18,316.83
lapuz - 5,New Iloilo Ferry Terminal Access Rd,Molo - 9,M.H Del Pilar St. 2,5500.0,1.175,Infante St 1 (Rev),Proper - 2,Proper - 1,1450.34,1425.03,1518.65
lapuz - 5,New Iloilo Ferry Terminal Access Rd,Molo - 9,M.H Del Pilar St. 2,5500.0,1.175,Gen Luna St 1 (Rev),Proper - 7,Proper - 1,1450.34,1444.99,321.32
lapuz - 5,New Iloilo Ferry Terminal Access Rd,Molo - 9,M.H Del Pilar St. 2,5500.0,1.175,Gen Luna St 2 (Rev),Proper - 8,Proper - 7,1450.34,1392.74,3456.28
lapuz - 5,New Iloilo Ferry Terminal Access Rd,Molo - 10,M.H Del Pilar St. 2,5500.0,1.1745,Infante St 1 (Rev),Proper - 2,Proper - 1,1454.1,1428.79,1518.65
lapuz - 5,New Iloilo Ferry Terminal Access Rd,Molo - 10,M.H Del Pilar St. 2,5500.0,1.1745,Gen Luna St 1 (Rev),Proper - 7,Proper - 1,1454.1,1448.74,321.32
lapuz - 5,New Iloilo Ferry Terminal Access Rd,Molo - 10,M.H Del Pilar St. 2,5500.0,1.1745,Gen Luna St 2 (Rev),Proper - 8,Proper - 7,1454.1,1396.49,3456.28
lapuz - 5,New Iloilo Ferry Terminal Access Rd,Proper - 1,Gen Luna St - Infante St,5000.0,1.0761,Gen Luna St 2 (Rev),Proper - 8,Proper - 7,959.51,954.23,316.83
lapuz - 5,New Iloilo Ferry Terminal Access Rd,Proper - 2,Delgado St - Infante St,5500.0,1.1653,Gen Luna St 2 (Rev),Proper - 8,Proper - 7,1223.24,1176.56,2800.96
lapuz - 5,New Iloilo Ferry Terminal Access Rd,Proper - 2,Delgado St - Infante St,5500.0,1.1653,Ruperto Montinola St 2,Proper - 10,Proper - 11,1223.24,1221.38,111.74
lapuz - 5,New Iloilo Ferry Terminal Access Rd,Proper - 10,Delgado St - Ruperto Montinola St,6000.0,1.3384,Gen Luna St 3 (Rev),Proper - 9,Proper - 8,1255.33,1247.89,446.58
lapuz - 5,New Iloilo Ferry Terminal Access Rd,Proper - 11,Ledesma St - Ruperto Montinola St,6000.0,1.323,Gen Luna St 3 (Rev),Proper - 9,Proper - 8,1275.3,1263.04,735.37
lapuz - 5,New Iloilo Ferry Terminal Access Rd,Proper - 12,Arroyo St - Muelle Loney St,5500.0,1.4188,Gen Luna St 3 (Rev),Proper - 9,Proper - 8,1087.76,1041.72,2762.49
lapuz - 5,New Iloilo Ferry Terminal Access Rd,Proper - 13,JM Basa St - De la Rama St,5500.0,1.3046,Gen Luna St 3 (Rev),Proper - 9,Proper - 8,1299.08,1247.43,3098.88
lapuz - 5,New Iloilo Ferry Terminal Access Rd,Proper - 14,JM Basa St - Rizal St,5500.0,1.3555,Gen Luna St 3 (Rev),Proper - 9,Proper - 8,1440.55,1348.59,5517.56
lapuz - 5,New Iloilo Ferry Terminal Access Rd,Proper - 15,General Hughes St - Duran St,5500.0,1.2908,Gen Luna St 3 (Rev),Proper - 9,Proper - 8,1458.43,1392.08,3981.27
lapuz - 5,New Iloilo Ferry Terminal Access Rd,Proper - 17,Dela Rama St - Blumentritt,5500.0,1.1597,Gen Luna St 3 (Rev),Proper - 9,Proper - 8,1418.87,1324.71,5649.73
lapuz - 5,New Iloilo Ferry Terminal Access Rd,Proper - 18,Muelle Loney St - Blumentritt Left,5500.0,1.2926,Gen Luna St 3 (Rev),Proper - 9,Proper - 8,1337.0,1273.48,3811.27
lapuz - 5,New Iloilo Ferry Terminal Access Rd,Proper - 19,Muelle Loney St - Blumentritt Right,4500.0,1.0531,Blumentritt 1,Proper - 17,Proper - 18,777.76,762.18,935.23
lapuz - 5,New Iloilo Ferry Terminal Access Rd,Proper - 19,Muelle Loney St - Blumentritt Right,4500.0,1.0531,Blumentritt 1 (Rev),Proper - 18,Proper - 17,777.76,770.82,416.64
lapuz - 5,New Iloilo Ferry Terminal Access Rd,Proper - 22,Fort San Pedro Dr - General Hughes St,5500.0,1.241,Gen Luna St 3 (Rev),Proper - 9,Proper - 8,1455.45,1394.17,3676.36
lapuz - 5,New Iloilo Ferry Terminal Access Rd,mandurriao - 6,R Mapa St - Donato Pison Ave,2500.0,1.1569,Rotunda,Molo - 7,Molo - 8,489.67,464.75,1494.97
lapuz - 5,New Iloilo Ferry Terminal Access Rd,mandurriao - 6,R Mapa St - Donato Pison Ave,2500.0,1.1569,San Marcos St,Molo - 8,Molo - 3,489.67,480.62,542.94
lapuz - 5,New Iloilo Ferry Terminal Access Rd,mandurriao - 6,R Mapa St - Donato Pison Ave,2500.0,1.1569,Gen Luna - Molo Connect,Proper - 1,Molo - 7,489.67,464.75,1494.97
lapuz - 5,New Iloilo Ferry Terminal Access Rd,jaro - 1,E Lopez St - Luna St,5000.0,1.2235,Bonifacio Drive,Proper - 7,lapaz - 10,1048.76,1018.31,1827.01
lapuz - 5,New Iloilo Ferry Terminal Access Rd,jaro - 1,E Lopez St - Luna St,5000.0,1.2235,Luna St - Huervana St (Rev),lapaz - 1,lapaz - 3,1048.76,1047.72,62.56
lapuz - 5,New Iloilo Ferry Terminal Access Rd,jaro - 1,E Lopez St - Luna St,5000.0,1.2235,Luna St - Esplanade 5 (Rev),lapaz - 10,lapaz - 1,1048.76,1018.31,1827.01
lapuz - 5,New Iloilo Ferry Terminal Access Rd,jaro - 1,E Lopez St - Luna St,5000.0,1.2235,Rizal St - Huervana St (Rev),lapuz - 2,lapaz - 2,1048.76,1037.32,686.94
lapuz - 5,New Iloilo Ferry Terminal Access Rd,jaro - 5,Plaza Rizal St - Commission Civil St,4500.0,1.0134,Rizal St - Huervana St (Rev),lapuz - 2,lapaz - 2,765.78,763.48,137.81
lapuz - 5,New Iloilo Ferry Terminal Access Rd,jaro - 6,Plaza Rizal St - Iloilo-Capiz Rd/Lopez Jaena St,4500.0,1.0129,Rizal St - Huervana St (Rev),lapuz - 2,lapaz - 2,795.9,793.6,137.81
lapuz - 5,New Iloilo Ferry Terminal Access Rd,jaro - 8,Iloilo-Capiz Rd - Lopez Jaena St,3000.0,1.1543,Bonifacio Drive,Proper - 7,lapaz - 10,640.39,640.24,8.86
lapuz - 5,New Iloilo Ferry Terminal Access Rd,jaro - 8,Iloilo-Capiz Rd - Lopez Jaena St,3000.0,1.1543,E Lopez St - Plaza Rizal St - Commission Civil St,jaro - 4,jaro - 5,640.39,635.78,276.37
lapuz - 5,New Iloilo Ferry Terminal Access Rd,jaro - 8,Iloilo-Capiz Rd - Lopez Jaena St,3000.0,1.1543,Luna St - Huervana St (Rev),lapaz - 1,lapaz - 3,640.39,640.24,8.86
lapuz - 5,New Iloilo Ferry Terminal Access Rd,jaro - 8,Iloilo-Capiz Rd - Lopez Jaena St,3000.0,1.1543,Luna St - Esplanade 5 (Rev),lapaz - 10,lapaz - 1,640.39,640.24,8.86
lapuz - 5,New Iloilo Ferry Terminal Access Rd,jaro - 9,Iloilo-Capiz Rd - Balabago Rd,2500.0,1.2371,E Lopez St,jaro - 1,jaro - 4,487.2,482.15,302.88
lapuz - 5,New Iloilo Ferry Terminal Access Rd,jaro - 9,Iloilo-Capiz Rd - Balabago Rd,2500.0,1.2371,Rizal St - Luna St,lapaz - 2,lapaz - 3,487.2,483.24,237.5
lapuz - 5,New Iloilo Ferry Terminal Access Rd,jaro - 9,Iloilo-Capiz Rd - Balabago Rd,2500.0,1.2371,Luna St,lapaz - 3,jaro - 1,487.2,482.15,302.88
lapuz - 5,New Iloilo Ferry Terminal Access Rd,jaro - 9,Iloilo-Capiz Rd - Balabago Rd,2500.0,1.2371,Rizal St - Huervana St (Rev),lapuz - 2,lapaz - 2,487.2,486.48,43.34
lapuz - 6,Rizal St - Lapuz-Mansaya-Roboc Rd,Molo - 3,Locsin St - San Marcos St.,4500.0,1.2024,Gen Luna St 1 (Rev),Proper - 7,Proper - 1,936.19,934.63,93.49
lapuz - 6,Rizal St - Lapuz-Mansaya-Roboc Rd,Molo - 3,Locsin St - San Marcos St.,4500.0,1.2024,Gen Luna St 2,Proper - 7,Proper - 8,936.19,929.05,428.37
lapuz - 6,Rizal St - Lapuz-Mansaya-Roboc Rd,Molo - 3,Locsin St - San Marcos St.,4500.0,1.2024,Gen Luna St 2 (Rev),Proper - 8,Proper - 7,936.19,867.02,4150.41
lapuz - 6,Rizal St - Lapuz-Mansaya-Roboc Rd,Molo - 3,Locsin St - San Marcos St.,4500.0,1.2024,Ruperto Montinola St 1,Proper - 8,Proper - 10,936.19,934.14,122.84
lapuz - 6,Rizal St - Lapuz-Mansaya-Roboc Rd,Molo - 3,Locsin St - San Marcos St.,4500.0,1.2024,Gen Luna St 3 (Rev),Proper - 9,Proper - 8,936.19,906.9,1757.38
lapuz - 6,Rizal St - Lapuz-Mansaya-Roboc Rd,Molo - 3,Locsin St - San Marcos St.,4500.0,1.2024,Delgado St (Rev),Proper - 10,Proper - 2,936.19,934.07,127.15
lapuz - 6,Rizal St - Lapuz-Mansaya-Roboc Rd,Molo - 3,Locsin St - San Marcos St.,4500.0,1.2024,Luna St - Esplanade 5,lapaz - 1,lapaz - 10,936.19,929.05,428.37
lapuz - 6,Rizal St - Lapuz-Mansaya-Roboc Rd,Molo - 3,Locsin St - San Marcos St.,4500.0,1.2024,Rizal St - Luna St,lapaz - 2,lapaz - 3,936.19,929.05,428.37
lapuz - 6,Rizal St - Lapuz-Mansaya-Roboc Rd,Molo - 3,Locsin St - San Marcos St.,4500.0,1.2024,Luna St - Huervana St,lapaz - 3,lapaz - 1,936.19,929.05,428.37
lapuz - 6,Rizal St - Lapuz-Mansaya-Roboc Rd,Molo - 3,Locsin St - San Marcos St.,4500.0,1.2024,Huervana St - Burgos St (Rev),lapaz - 4,lapaz - 2,936.19,929.05,428.37
lapuz - 6,Rizal St - Lapuz-Mansaya-Roboc Rd,Molo - 3,Locsin St - San Marcos St.,4500.0,1.2024,Burgos St - Huervana St,lapaz - 7,lapaz - 4,936.19,929.05,428.37
lapuz - 6,Rizal St - Lapuz-Mansaya-Roboc Rd,Molo - 3,Locsin St - San Marcos St.,4500.0,1.2024,Bonifacio Drive (Rev),lapaz - 10,Proper - 7,936.19,929.05,428.37
lapuz - 6,Rizal St - Lapuz-Mansaya-Roboc Rd,Molo - 4,Locsin St. - M.H Del Pilar St. 2,4500.0,1.1721,Gen Luna St 1 (Rev),Proper - 7,Proper - 1,935.16,930.42,284.28
lapuz - 6,Rizal St - Lapuz-Mansaya-Roboc Rd,Molo - 4,Locsin St. - M.H Del Pilar St. 2,4500.0,1.1721,Gen Luna St 2,Proper - 7,Proper - 8,935.16,929.14,360.87
lapuz - 6,Rizal St - Lapuz-Mansaya-Roboc Rd,Molo - 4,Locsin St. - M.H Del Pilar St. 2,4500.0,1.1721,Gen Luna St 2 (Rev),Proper - 8,Proper - 7,935.16,865.25,4194.36
lapuz - 6,Rizal St - Lapuz-Mansaya-Roboc Rd,Molo - 4,Locsin St. - M.H Del Pilar St. 2,4500.0,1.1721,Gen Luna St 3 (Rev),Proper - 9,Proper - 8,935.16,909.55,1536.14
lapuz - 6,Rizal St - Lapuz-Mansaya-Roboc Rd,Molo - 5,Locsin St. - Timawa St.,4500.0,1.172,Gen Luna St 2 (Rev),Proper - 8,Proper - 7,927.2,884.92,2536.76
lapuz - 6,Rizal St - Lapuz-Mansaya-Roboc Rd,Molo - 5,Locsin St. - Timawa St.,4500.0,1.172,Gen Luna St 3 (Rev),Proper - 9,Proper - 8,927.2,914.74,747.63
lapuz - 6,Rizal St - Lapuz-Mansaya-Roboc Rd,Molo - 6,Locsin St. - Baluarte - Calumpag - Villa - Oton Blvd,4500.0,1.1723,Infante St 1,Proper - 1,Proper - 2,948.4,946.13,136.1
lapuz - 6,Rizal St - Lapuz-Mansaya-Roboc Rd,Molo - 6,Locsin St. - Baluarte - Calumpag - Villa - Oton Blvd,4500.0,1.1723,Gen Luna St 2 (Rev),Proper - 8,Proper - 7,948.4,944.43,237.96
lapuz - 6,Rizal St - Lapuz-Mansaya-Roboc Rd,Molo - 6,Locsin St. - Baluarte - Calumpag - Villa - Oton Blvd,4500.0,1.1723,Ruperto Montinola St 2,Proper - 10,Proper - 11,948.4,943.88,271.28
lapuz - 6,Rizal St - Lapuz-Mansaya-Roboc Rd,Molo - 9,M.H Del Pilar St. 2,4500.0,1.2586,Infante St 1 (Rev),Proper - 2,Proper - 1,969.71,928.41,2477.96
lapuz - 6,Rizal St - Lapuz-Mansaya-Roboc Rd,Molo - 9,M.H Del Pilar St. 2,4500.0,1.2586,Gen Luna St 1 (Rev),Proper - 7,Proper - 1,969.71,956.9,768.66
lapuz - 6,Rizal St - Lapuz-Mansaya-Roboc Rd,Molo - 9,M.H Del Pilar St. 2,4500.0,1.2586,Gen Luna St 2,Proper - 7,Proper - 8,969.71,969.57,8.57
lapuz - 6,Rizal St - Lapuz-Mansaya-Roboc Rd,Molo - 9,M.H Del Pilar St. 2,4500.0,1.2586,Gen Luna St 2 (Rev),Proper - 8,Proper - 7,969.71,904.2,3930.47
lapuz - 6,Rizal St - Lapuz-Mansaya-Roboc Rd,Molo - 9,M.H Del Pilar St. 2,4500.0,1.2586,Gen Luna St 3 (Rev),Proper - 9,Proper - 8,969.71,949.31,1223.95
lapuz - 6,Rizal St - Lapuz-Mansaya-Roboc Rd,Molo - 9,M.H Del Pilar St. 2,4500.0,1.2586,Luna St - Esplanade 5,lapaz - 1,lapaz - 10,969.71,969.57,8.57
lapuz - 6,Rizal St - Lapuz-Mansaya-Roboc Rd,Molo - 9,M.H Del Pilar St. 2,4500.0,1.2586,Rizal St - Luna St,lapaz - 2,lapaz - 3,969.71,969.57,8.57
lapuz - 6,Rizal St - Lapuz-Mansaya-Roboc Rd,Molo - 9,M.H Del Pilar St. 2,4500.0,1.2586,Luna St - Huervana St,lapaz - 3,lapaz - 1,969.71,969.57,8.57
lapuz - 6,Rizal St - Lapuz-Mansaya-Roboc Rd,Molo - 9,M.H Del Pilar St. 2,4500.0,1.2586,Huervana St - Burgos St (Rev),lapaz - 4,lapaz - 2,969.71,969.57,8.57
lapuz - 6,Rizal St - Lapuz-Mansaya-Roboc Rd,Molo - 9,M.H Del Pilar St. 2,4500.0,1.2586,Burgos St - Huervana St,lapaz - 7,lapaz - 4,969.71,969.57,8.57
lapuz - 6,Rizal St - Lapuz-Mansaya-Roboc Rd,Molo - 9,M.H Del Pilar St. 2,4500.0,1.2586,Bonifacio Drive (Rev),lapaz - 10,Proper - 7,969.71,969.57,8.57
lapuz - 6,Rizal St - Lapuz-Mansaya-Roboc Rd,Molo - 10,M.H Del Pilar St. 2,4500.0,1.2577,Infante St 1 (Rev),Proper - 2,Proper - 1,972.33,931.03,2477.96
lapuz - 6,Rizal St - Lapuz-Mansaya-Roboc Rd,Molo - 10,M.H Del Pilar St. 2,4500.0,1.2577,Gen Luna St 1 (Rev),Proper - 7,Proper - 1,972.33,959.52,768.66
lapuz - 6,Rizal St - Lapuz-Mansaya-Roboc Rd,Molo - 10,M.H Del Pilar St. 2,4500.0,1.2577,Gen Luna St 2,Proper - 7,Proper - 8,972.33,972.19,8.57
lapuz - 6,Rizal St - Lapuz-Mansaya-Roboc Rd,Molo - 10,M.H Del Pilar St. 2,4500.0,1.2577,Gen Luna St 2 (Rev),Proper - 8,Proper - 7,972.33,906.82,3930.47
lapuz - 6,Rizal St - Lapuz-Mansaya-Roboc Rd,Molo - 10,M.H Del Pilar St. 2,4500.0,1.2577,Gen Luna St 3 (Rev),Proper - 9,Proper - 8,972.33,951.93,1223.95
lapuz - 6,Rizal St - Lapuz-Mansaya-Roboc Rd,Molo - 10,M.H Del Pilar St. 2,4500.0,1.2577,Luna St - Esplanade 5,lapaz - 1,lapaz - 10,972.33,972.19,8.57
lapuz - 6,Rizal St - Lapuz-Mansaya-Roboc Rd,Molo - 10,M.H Del Pilar St. 2,4500.0,1.2577,Rizal St - Luna St,lapaz - 2,lapaz - 3,972.33,972.19,8.57
lapuz - 6,Rizal St - Lapuz-Mansaya-Roboc Rd,Molo - 10,M.H Del Pilar St. 2,4500.0,1.2577,Luna St - Huervana St,lapaz - 3,lapaz - 1,972.33,972.19,8.57
lapuz - 6,Rizal St - Lapuz-Mansaya-Roboc Rd,Molo - 10,M.H Del Pilar St. 2,4500.0,1.2577,Huervana St - Burgos St (Rev),lapaz - 4,lapaz - 2,972.33,972.19,8.57
lapuz - 6,Rizal St - Lapuz-Mansaya-Roboc Rd,Molo - 10,M.H Del Pilar St. 2,4500.0,1.2577,Burgos St - Huervana St,lapaz - 7,lapaz - 4,972.33,972.19,8.57
lapuz - 6,Rizal St - Lapuz-Mansaya-Roboc Rd,Molo - 10,M.H Del Pilar St. 2,4500.0,1.2577,Bonifacio Drive (Rev),lapaz - 10,Proper - 7,972.33,972.19,8.57
lapuz - 6,Rizal St - Lapuz-Mansaya-Roboc Rd,Proper - 2,Delgado St - Infante St,4500.0,1.2308,Gen Luna St 2 (Rev),Proper - 8,Proper - 7,787.4,759.21,1690.85
lapuz - 6,Rizal St - Lapuz-Mansaya-Roboc Rd,Proper - 2,Delgado St - Infante St,4500.0,1.2308,Gen Luna St 3 (Rev),Proper - 9,Proper - 8,787.4,784.71,161.15
lapuz - 6,Rizal St - Lapuz-Mansaya-Roboc Rd,Proper - 3,Rizal St - Infante St,4500.0,1.2004,Gen Luna St 2 (Rev),Proper - 8,Proper - 7,801.57,791.66,594.84
lapuz - 6,Rizal St - Lapuz-Mansaya-Roboc Rd,Proper - 10,Delgado St - Ruperto Montinola St,4500.0,1.4331,Gen Luna St 3 (Rev),Proper - 9,Proper - 8,650.14,612.48,2259.63
lapuz - 6,Rizal St - Lapuz-Mansaya-Roboc Rd,Proper - 11,Ledesma St - Ruperto Montinola St,4500.0,1.4007,Gen Luna St 3,Proper - 8,Proper - 9,649.2,648.3,53.95
lapuz - 6,Rizal St - Lapuz-Mansaya-Roboc Rd,Proper - 11,Ledesma St - Ruperto Montinola St,4500.0,1.4007,Gen Luna St 3 (Rev),Proper - 9,Proper - 8,649.2,624.83,1461.95
lapuz - 6,Rizal St - Lapuz-Mansaya-Roboc Rd,Proper - 13,JM Basa St - De la Rama St,4500.0,1.3444,Gen Luna St 3,Proper - 8,Proper - 9,808.02,806.23,107.31
lapuz - 6,Rizal St - Lapuz-Mansaya-Roboc Rd,Proper - 13,JM Basa St - De la Rama St,4500.0,1.3444,Gen Luna St 3 (Rev),Proper - 9,Proper - 8,808.02,742.15,3952.44
lapuz - 6,Rizal St - Lapuz-Mansaya-Roboc Rd,Proper - 14,JM Basa St - Rizal St,4500.0,1.3177,Gen Luna St 3,Proper - 8,Proper - 9,869.17,867.42,105.05
lapuz - 6,Rizal St - Lapuz-Mansaya-Roboc Rd,Proper - 14,JM Basa St - Rizal St,4500.0,1.3177,Gen Luna St 3 (Rev),Proper - 9,Proper - 8,869.17,803.33,3950.18
lapuz - 6,Rizal St - Lapuz-Mansaya-Roboc Rd,Proper - 15,General Hughes St - Duran St,4500.0,1.3508,Gen Luna St 3,Proper - 8,Proper - 9,939.57,938.42,69.16
lapuz - 6,Rizal St - Lapuz-Mansaya-Roboc Rd,Proper - 15,General Hughes St - Duran St,4500.0,1.3508,Gen Luna St 3 (Rev),Proper - 9,Proper - 8,939.57,856.72,4970.8
lapuz - 6,Rizal St - Lapuz-Mansaya-Roboc Rd,Proper - 15,General Hughes St - Duran St,4500.0,1.3508,Arroyo St,Proper - 12,Proper - 11,939.57,938.24,80.02
lapuz - 6,Rizal St - Lapuz-Mansaya-Roboc Rd,Proper - 17,Dela Rama St - Blumentritt,4500.0,1.2195,Gen Luna St 3 (Rev),Proper - 9,Proper - 8,838.48,836.77,102.45
lapuz - 6,Rizal St - Lapuz-Mansaya-Roboc Rd,Proper - 18,Muelle Loney St - Blumentritt Left,4500.0,1.2942,Gen Luna St 3 (Rev),Proper - 9,Proper - 8,798.2,785.31,773.34
lapuz - 6,Rizal St - Lapuz-Mansaya-Roboc Rd,Proper - 19,Muelle Loney St - Blumentritt Right,4500.0,1.0773,Gen Luna St 3 (Rev),Proper - 9,Proper - 8,893.91,874.7,1152.59
lapuz - 6,Rizal St - Lapuz-Mansaya-Roboc Rd,Proper - 19,Muelle Loney St - Blumentritt Right,4500.0,1.0773,Arroyo St (Rev),Proper - 11,Proper - 12,893.91,891.82,125.33
lapuz - 6,Rizal St - Lapuz-Mansaya-Roboc Rd,Proper - 19,Muelle Loney St - Blumentritt Right,4500.0,1.0773,Blumentritt 1,Proper - 17,Proper - 18,893.91,886.11,468.15
lapuz - 6,Rizal St - Lapuz-Mansaya-Roboc Rd,Proper - 19,Muelle Loney St - Blumentritt Right,4500.0,1.0773,Blumentritt 1 (Rev),Proper - 18,Proper - 17,893.91,878.66,915.22
lapuz - 6,Rizal St - Lapuz-Mansaya-Roboc Rd,Proper - 22,Fort San Pedro Dr - General Hughes St,4500.0,1.2755,Gen Luna St 3,Proper - 8,Proper - 9,916.23,916.07,9.47
lapuz - 6,Rizal St - Lapuz-Mansaya-Roboc Rd,Proper - 22,Fort San Pedro Dr - General Hughes St,4500.0,1.2755,Gen Luna St 3 (Rev),Proper - 9,Proper - 8,916.23,859.02,3432.67
lapuz - 6,Rizal St - Lapuz-Mansaya-Roboc Rd,mandurriao - 1,Mandurriao - Jaro Rd - Old Iloilo - Capiz Rd,3500.0,1.164,Infante St 1 (Rev),Proper - 2,Proper - 1,544.8,544.48,19.1
lapuz - 6,Rizal St - Lapuz-Mansaya-Roboc Rd,mandurriao - 1,Mandurriao - Jaro Rd - Old Iloilo - Capiz Rd,3500.0,1.164,Ruperto Montinola St 1,Proper - 8,Proper - 10,544.8,544.48,19.1
lapuz - 6,Rizal St - Lapuz-Mansaya-Roboc Rd,mandurriao - 1,Mandurriao - Jaro Rd - Old Iloilo - Capiz Rd,3500.0,1.164,Delgado St (Rev),Proper - 10,Proper - 2,544.8,544.48,19.1
lapuz - 6,Rizal St - Lapuz-Mansaya-Roboc Rd,mandurriao - 2,Mandurriao - Jaro Rd - Mandurriao - Sn Miguel Rd,4000.0,1.0579,Old Iloilo - Capiz Rd (Rev),Proper - 1,mandurriao - 1,884.08,815.4,4120.91
lapuz - 6,Rizal St - Lapuz-Mansaya-Roboc Rd,mandurriao - 2,Mandurriao - Jaro Rd - Mandurriao - Sn Miguel Rd,4000.0,1.0579,Infante St 1 (Rev),Proper - 2,Proper - 1,884.08,874.9,550.8
lapuz - 6,Rizal St - Lapuz-Mansaya-Roboc Rd,mandurriao - 3,Mandurriao - Sn Miguel Rd - R Mapa St,4000.0,1.0511,Old Iloilo - Capiz Rd (Rev),Proper - 1,mandurriao - 1,958.77,891.93,4010.26
lapuz - 6,Rizal St - Lapuz-Mansaya-Roboc Rd,mandurriao - 3,Mandurriao - Sn Miguel Rd - R Mapa St,4000.0,1.0511,Infante St 1 (Rev),Proper - 2,Proper - 1,958.77,949.31,567.7
lapuz - 6,Rizal St - Lapuz-Mansaya-Roboc Rd,mandurriao - 4,R Mapa St - Mandurriao - Jaro Rd,3500.0,1.0725,Old Iloilo - Capiz Rd (Rev),Proper - 1,mandurriao - 1,765.13,718.9,2773.6
lapuz - 6,Rizal St - Lapuz-Mansaya-Roboc Rd,mandurriao - 4,R Mapa St - Mandurriao - Jaro Rd,3500.0,1.0725,Infante St 1 (Rev),Proper - 2,Proper - 1,765.13,763.11,121.29
lapuz - 6,Rizal St - Lapuz-Mansaya-Roboc Rd,mandurriao - 6,R Mapa St - Donato Pison Ave,3000.0,1.1026,Rotunda,Molo - 7,Molo - 8,648.85,610.01,2330.25
lapuz - 6,Rizal St - Lapuz-Mansaya-Roboc Rd,mandurriao - 6,R Mapa St - Donato Pison Ave,3000.0,1.1026,San Marcos St,Molo - 8,Molo - 3,648.85,633.98,892.39
lapuz - 6,Rizal St - Lapuz-Mansaya-Roboc Rd,mandurriao - 6,R Mapa St - Donato Pison Ave,3000.0,1.1026,Gen Luna - Molo Connect,Proper - 1,Molo - 7,648.85,610.01,2330.25
lapuz - 6,Rizal St - Lapuz-Mansaya-Roboc Rd,mandurriao - 6,R Mapa St - Donato Pison Ave,3000.0,1.1026,Infante St 1 (Rev),Proper - 2,Proper - 1,648.85,647.07,106.97
lapuz - 6,Rizal St - Lapuz-Mansaya-Roboc Rd,jaro - 7,Plaza Rizal St - El 98 St,5500.0,1.0766,Rizal St - Huervana St (Rev),lapuz - 2,lapaz - 2,926.36,923.77,155.24
lapuz - 7,Lapuz-Mansaya-Roboc Rd - Coastal Rd,Molo - 3,Locsin St - San Marcos St.,3000.0,1.0969,Gen Luna St 2 (Rev),Proper - 8,Proper - 7,532.44,496.95,2129.84
lapuz - 7,Lapuz-Mansaya-Roboc Rd - Coastal Rd,Molo - 3,Locsin St - San Marcos St.,3000.0,1.0969,Gen Luna St 3 (Rev),Proper - 9,Proper - 8,532.44,508.35,1445.73
lapuz - 7,Lapuz-Mansaya-Roboc Rd - Coastal Rd,Molo - 4,Locsin St. - M.H Del Pilar St. 2,3000.0,1.0746,Gen Luna St 2 (Rev),Proper - 8,Proper - 7,520.6,495.41,1511.38
lapuz - 7,Lapuz-Mansaya-Roboc Rd - Coastal Rd,Molo - 4,Locsin St. - M.H Del Pilar St. 2,3000.0,1.0746,Gen Luna St 3 (Rev),Proper - 9,Proper - 8,520.6,504.6,959.77
lapuz - 7,Lapuz-Mansaya-Roboc Rd - Coastal Rd,Molo - 5,Locsin St. - Timawa St.,3000.0,1.0663,Infante St 1,Proper - 1,Proper - 2,512.48,512.01,28.18
lapuz - 7,Lapuz-Mansaya-Roboc Rd - Coastal Rd,Molo - 5,Locsin St. - Timawa St.,3000.0,1.0663,Gen Luna St 2 (Rev),Proper - 8,Proper - 7,512.48,509.23,195.04
lapuz - 7,Lapuz-Mansaya-Roboc Rd - Coastal Rd,Molo - 6,Locsin St. - Baluarte - Calumpag - Villa - Oton Blvd,3000.0,1.093,Gen Luna St 2 (Rev),Proper - 8,Proper - 7,537.65,536.5,68.82
lapuz - 7,Lapuz-Mansaya-Roboc Rd - Coastal Rd,Molo - 7,San Marcos St. - MH del Pilar St. 1 (Rotunda),3000.0,1.1198,Gen Luna St 2 (Rev),Proper - 8,Proper - 7,485.15,444.83,2419.37
lapuz - 7,Lapuz-Mansaya-Roboc Rd - Coastal Rd,Molo - 7,San Marcos St. - MH del Pilar St. 1 (Rotunda),3000.0,1.1198,Gen Luna St 3 (Rev),Proper - 9,Proper - 8,485.15,458.64,1590.59
lapuz - 7,Lapuz-Mansaya-Roboc Rd - Coastal Rd,Molo - 8,San Marcos St. - MH del Pilar St. 1 (Rotunda),3000.0,1.1193,Gen Luna St 2 (Rev),Proper - 8,Proper - 7,486.97,446.65,2419.37
lapuz - 7,Lapuz-Mansaya-Roboc Rd - Coastal Rd,Molo - 8,San Marcos St. - MH del Pilar St. 1 (Rotunda),3000.0,1.1193,Gen Luna St 3 (Rev),Proper - 9,Proper - 8,486.97,460.46,1590.59
lapuz - 7,Lapuz-Mansaya-Roboc Rd - Coastal Rd,Molo - 9,M.H Del Pilar St. 2,4000.0,1.1153,Infante St 1 (Rev),Proper - 2,Proper - 1,759.81,759.1,42.22
lapuz - 7,Lapuz-Mansaya-Roboc Rd - Coastal Rd,Molo - 9,M.H Del Pilar St. 2,4000.0,1.1153,Gen Luna St 2 (Rev),Proper - 8,Proper - 7,759.81,724.33,2128.76
lapuz - 7,Lapuz-Mansaya-Roboc Rd - Coastal Rd,Molo - 9,M.H Del Pilar St. 2,4000.0,1.1153,Gen Luna St 3 (Rev),Proper - 9,Proper - 8,759.81,746.16,819.09
lapuz - 7,Lapuz-Mansaya-Roboc Rd - Coastal Rd,Molo - 10,M.H Del Pilar St. 2,4000.0,1.1149,Infante St 1 (Rev),Proper - 2,Proper - 1,762.01,761.31,42.22
lapuz - 7,Lapuz-Mansaya-Roboc Rd - Coastal Rd,Molo - 10,M.H Del Pilar St. 2,4000.0,1.1149,Gen Luna St 2 (Rev),Proper - 8,Proper - 7,762.01,726.53,2128.76
lapuz - 7,Lapuz-Mansaya-Roboc Rd - Coastal Rd,Molo - 10,M.H Del Pilar St. 2,4000.0,1.1149,Gen Luna St 3 (Rev),Proper - 9,Proper - 8,762.01,748.36,819.09
lapuz - 7,Lapuz-Mansaya-Roboc Rd - Coastal Rd,Proper - 1,Gen Luna St - Infante St,3000.0,1.1329,Gen Luna St 2 (Rev),Proper - 8,Proper - 7,442.56,402.24,2419.37
lapuz - 7,Lapuz-Mansaya-Roboc Rd - Coastal Rd,Proper - 1,Gen Luna St - Infante St,3000.0,1.1329,Gen Luna St 3 (Rev),Proper - 9,Proper - 8,442.56,416.06,1590.59
lapuz - 7,Lapuz-Mansaya-Roboc Rd - Coastal Rd,Proper - 2,Delgado St - Infante St,3000.0,1.0816,Gen Luna St 2 (Rev),Proper - 8,Proper - 7,425.89,425.15,44.41
lapuz - 7,Lapuz-Mansaya-Roboc Rd - Coastal Rd,Proper - 3,Rizal St - Infante St,3000.0,1.0783,Gen Luna St 2 (Rev),Proper - 8,Proper - 7,441.97,441.48,29.39
lapuz - 7,Lapuz-Mansaya-Roboc Rd - Coastal Rd,Proper - 4,Baluarte - Calumpang - Villa - Oton Blvd - Infante St,3000.0,1.0743,Gen Luna St 2 (Rev),Proper - 8,Proper - 7,463.61,463.12,29.39
lapuz - 7,Lapuz-Mansaya-Roboc Rd - Coastal Rd,Proper - 6,Ledesma St - Rizal St,3000.0,1.1687,Gen Luna St 3 (Rev),Proper - 9,Proper - 8,472.46,461.98,628.41
lapuz - 7,Lapuz-Mansaya-Roboc Rd - Coastal Rd,Proper - 10,Delgado St - Ruperto Montinola St,3500.0,1.147,Gen Luna St 3 (Rev),Proper - 9,Proper - 8,406.66,379.81,1611.53
lapuz - 7,Lapuz-Mansaya-Roboc Rd - Coastal Rd,Proper - 11,Ledesma St - Ruperto Montinola St,3000.0,1.1556,Gen Luna St 3 (Rev),Proper - 9,Proper - 8,340.33,329.86,628.41
lapuz - 7,Lapuz-Mansaya-Roboc Rd - Coastal Rd,Proper - 13,JM Basa St - De la Rama St,7500.0,1.1745,Gen Luna St 2,Proper - 7,Proper - 8,2069.31,2041.49,1668.73
lapuz - 7,Lapuz-Mansaya-Roboc Rd - Coastal Rd,Proper - 13,JM Basa St - De la Rama St,7500.0,1.1745,Gen Luna St 3,Proper - 8,Proper - 9,2069.31,1974.74,5674.29
lapuz - 7,Lapuz-Mansaya-Roboc Rd - Coastal Rd,Proper - 13,JM Basa St - De la Rama St,7500.0,1.1745,Rizal St - Huervana St,lapaz - 2,lapuz - 2,2069.31,2045.96,1400.9
lapuz - 7,Lapuz-Mansaya-Roboc Rd - Coastal Rd,Proper - 14,JM Basa St - Rizal St,3500.0,1.1071,Gen Luna St 3 (Rev),Proper - 9,Proper - 8,526.75,506.18,1234.66
lapuz - 7,Lapuz-Mansaya-Roboc Rd - Coastal Rd,Proper - 15,General Hughes St - Duran St,4000.0,1.1598,Gen Luna St 3,Proper - 8,Proper - 9,726.41,725.53,52.84
lapuz - 7,Lapuz-Mansaya-Roboc Rd - Coastal Rd,Proper - 15,General Hughes St - Duran St,4000.0,1.1598,Gen Luna St 3 (Rev),Proper - 9,Proper - 8,726.41,678.5,2874.69
lapuz - 7,Lapuz-Mansaya-Roboc Rd - Coastal Rd,Proper - 15,General Hughes St - Duran St,4000.0,1.1598,Arroyo St,Proper - 12,Proper - 11,726.41,724.55,111.68
lapuz - 7,Lapuz-Mansaya-Roboc Rd - Coastal Rd,Proper - 17,Dela Rama St - Blumentritt,8500.0,1.1361,Gen Luna St 3 (Rev),Proper - 9,Proper - 8,3280.08,3173.72,6381.55
lapuz - 7,Lapuz-Mansaya-Roboc Rd - Coastal Rd,Proper - 17,Dela Rama St - Blumentritt,8500.0,1.1361,JM Basa St 2,Proper - 13,Proper - 14,3280.08,3220.81,3556.31
lapuz - 7,Lapuz-Mansaya-Roboc Rd - Coastal Rd,Proper - 17,Dela Rama St - Blumentritt,8500.0,1.1361,Muelle Loney St 3,Proper - 18,Proper - 19,3280.08,3254.72,1521.21
lapuz - 7,Lapuz-Mansaya-Roboc Rd - Coastal Rd,Proper - 17,Dela Rama St - Blumentritt,8500.0,1.1361,Rizal St - Huervana St,lapaz - 2,lapuz - 2,3280.08,3179.92,6009.61
lapuz - 7,Lapuz-Mansaya-Roboc Rd - Coastal Rd,Proper - 18,Muelle Loney St - Blumentritt Left,8500.0,1.1841,Rizal St - Huervana St,lapaz - 2,lapuz - 2,3114.0,3110.45,212.8
lapuz - 7,Lapuz-Mansaya-Roboc Rd - Coastal Rd,Proper - 19,Muelle Loney St - Blumentritt Right,3000.0,1.0786,Gen Luna St 3 (Rev),Proper - 9,Proper - 8,469.4,465.22,251.3
lapuz - 7,Lapuz-Mansaya-Roboc Rd - Coastal Rd,Proper - 19,Muelle Loney St - Blumentritt Right,3000.0,1.0786,Blumentritt 1 (Rev),Proper - 18,Proper - 17,469.4,461.63,466.39
lapuz - 7,Lapuz-Mansaya-Roboc Rd - Coastal Rd,Proper - 22,Fort San Pedro Dr - General Hughes St,3000.0,1.1669,Gen Luna St 3 (Rev),Proper - 9,Proper - 8,505.49,474.11,1882.56
lapuz - 7,Lapuz-Mansaya-Roboc Rd - Coastal Rd,jaro - 4,Plaza Rizal St - E Lopez St,2500.0,1.0458,Huervana St - Burgos St (Rev),lapaz - 4,lapaz - 2,330.05,329.65,23.84
lapuz - 7,Lapuz-Mansaya-Roboc Rd - Coastal Rd,jaro - 4,Plaza Rizal St - E Lopez St,2500.0,1.0458,Burgos St - Huervana St,lapaz - 7,lapaz - 4,330.05,329.65,23.84
lapuz - 7,Lapuz-Mansaya-Roboc Rd - Coastal Rd,jaro - 6,Plaza Rizal St - Iloilo-Capiz Rd/Lopez Jaena St,4500.0,1.0916,Rizal St - Luna St,lapaz - 2,lapaz - 3,719.64,710.79,531.14
lapuz - 7,Lapuz-Mansaya-Roboc Rd - Coastal Rd,jaro - 6,Plaza Rizal St - Iloilo-Capiz Rd/Lopez Jaena St,4500.0,1.0916,Huervana St - Burgos St (Rev),lapaz - 4,lapaz - 2,719.64,706.25,803.19
lapuz - 7,Lapuz-Mansaya-Roboc Rd - Coastal Rd,jaro - 6,Plaza Rizal St - Iloilo-Capiz Rd/Lopez Jaena St,4500.0,1.0916,Burgos St - Huervana St,lapaz - 7,lapaz - 4,719.64,706.25,803.19
lapuz - 7,Lapuz-Mansaya-Roboc Rd - Coastal Rd,jaro - 7,Plaza Rizal St - El 98 St,3000.0,1.072,Rizal St - Huervana St (Rev),lapuz - 2,lapaz - 2,431.52,430.78,44.42
lapuz - 7,Lapuz-Mansaya-Roboc Rd - Coastal Rd,jaro - 8,Iloilo-Capiz Rd - Lopez Jaena St,4500.0,1.1376,Commission Civil St,jaro - 2,jaro - 5,1016.69,1012.01,280.88
lapuz - 7,Lapuz-Mansaya-Roboc Rd - Coastal Rd,jaro - 8,Iloilo-Capiz Rd - Lopez Jaena St,4500.0,1.1376,Jereos St - Huervana Ext,lapaz - 5,lapaz - 6,1016.69,1004.53,729.5
lapuz - 7,Lapuz-Mansaya-Roboc Rd - Coastal Rd,jaro - 8,Iloilo-Capiz Rd - Lopez Jaena St,4500.0,1.1376,Huervana Ext,lapaz - 6,lapaz - 7,1016.69,1004.53,729.5
lapuz - 7,Lapuz-Mansaya-Roboc Rd - Coastal Rd,jaro - 8,Iloilo-Capiz Rd - Lopez Jaena St,4500.0,1.1376,Burgos St,lapaz - 7,jaro - 2,1016.69,1012.01,280.88
lapuz - 7,Lapuz-Mansaya-Roboc Rd - Coastal Rd,jaro - 8,Iloilo-Capiz Rd - Lopez Jaena St,4500.0,1.1376,Lopez Jaena St (Rev),lapaz - 8,lapaz - 5,1016.69,1004.53,729.5
lapuz - 7,Lapuz-Mansaya-Roboc Rd - Coastal Rd,jaro - 8,Iloilo-Capiz Rd - Lopez Jaena St,4500.0,1.1376,Baldoza St (Rev),lapaz - 9,lapaz - 8,1016.69,1004.53,729.5
lapuz - 7,Lapuz-Mansaya-Roboc Rd - Coastal Rd,jaro - 13,Buhang Flyover,4000.0,1.1818,Iloilo-Capiz Rd - Buhang Flyover (Rev),jaro - 12,jaro - 14,921.27,907.13,848.56
lapuz - 7,Lapuz-Mansaya-Roboc Rd - Coastal Rd,jaro - 13,Buhang Flyover,4000.0,1.1818,Iloilo-Capiz Rd - Buhang Flyover,jaro - 14,jaro - 12,921.27,917.83,206.68
lapuz - 7,Lapuz-Mansaya-Roboc Rd - Coastal Rd,jaro - 15,Iloilo Circumferential Rd 1 - Iloilo Radial By-Pass Rd 4,4000.0,1.1499,Iloilo-Capiz Rd - Buhang Flyover (Rev),jaro - 12,jaro - 14,1087.17,1073.02,848.56
lapuz - 7,Lapuz-Mansaya-Roboc Rd - Coastal Rd,jaro - 15,Iloilo Circumferential Rd 1 - Iloilo Radial By-Pass Rd 4,4000.0,1.1499,Iloilo-Capiz Rd - Buhang Flyover,jaro - 14,jaro - 12,1087.17,1083.72,206.68
lapuz - 7,Lapuz-Mansaya-Roboc Rd - Coastal Rd,jaro - 18,Old Lopez Jaena St - Iloilo-Capiz Rd,4000.0,1.0212,Plaza Rizal St - Balabago Rd,jaro - 6,jaro - 9,827.85,823.28,274.56
